cake0,mmul,fmma,17.202129,0,
cake0,mmul,fmma,17.252172,0,
cake0,mmul,fmma,17.113713,0,
cake0,mmul,fmma,17.270976,0,
cake0,mmul,fmma,17.189046,0,
cake0,mmul,fmma,17.175879,0,
cake0,mmul,fmma,17.154427,0,
cake0,mmul,fmma,17.207798,0,
cake0,mmul,fmma,17.143706,0,
cake0,mmul,fmma,17.259146,0,
cake0,blur,blur_ver,17.592187,0,
cake0,blur,blur_hor,17.036274,0,
cake0,blur,blur_ver,16.966419,0,
cake0,blur,blur_hor,16.964268,0,
cake0,blur,blur_ver,17.305018,0,
cake0,blur,blur_hor,17.011137,0,
cake0,blur,blur_ver,16.937773,0,
cake0,blur,blur_hor,16.967789,0,
cake0,blur,blur_ver,17.021071,0,
cake0,blur,blur_hor,17.080947,0,
cake0,blur,blur_ver,17.133679,0,
cake0,blur,blur_hor,17.055209,0,
cake0,blur,blur_ver,16.980997,0,
cake0,blur,blur_hor,17.014719,0,
cake0,blur,blur_ver,17.038521,0,
cake0,blur,blur_hor,17.040206,0,
cake0,blur,blur_ver,17.034956,0,
cake0,blur,blur_hor,16.94468,0,
cake0,blur,blur_ver,19.046519,0,
cake0,blur,blur_hor,17.098494,0,
cake0,nas-ft,compute_initial_conditions,17.045544,0,
cake0,nas-ft,evolve,17.069334,0,
cake0,nas-ft,compute_indexmap,23.515652,0,
cake0,nas-ft,cffts3,17.585704,0,
cake0,nas-ft,checksum,17.47928,0,
cake0,nas-ft,init_ui,16.970719,0,
cake0,nas-ft,cffts1,17.272602,0,
cake0,nas-ft,cffts2,23.86074,0,
cake0,nas-ft,compute_initial_conditions,16.945423,0,
cake0,nas-ft,evolve,17.007208,0,
cake0,nas-ft,compute_indexmap,17.037337,0,
cake0,nas-ft,cffts3,17.238319,0,
cake0,nas-ft,checksum,17.075684,0,
cake0,nas-ft,init_ui,16.93184,0,
cake0,nas-ft,cffts1,17.214239,0,
cake0,nas-ft,cffts2,18.529145,0,
cake0,nas-ft,compute_initial_conditions,16.978113,0,
cake0,nas-ft,evolve,17.004903,0,
cake0,nas-ft,compute_indexmap,17.000162,0,
cake0,nas-ft,cffts3,17.270756,0,
cake0,nas-ft,checksum,17.075957,0,
cake0,nas-ft,init_ui,17.174168,0,
cake0,nas-ft,cffts1,17.215002,0,
cake0,nas-ft,cffts2,17.264371,0,
cake0,nas-ft,compute_initial_conditions,16.92679,0,
cake0,nas-ft,evolve,17.014444,0,
cake0,nas-ft,compute_indexmap,17.038313,0,
cake0,nas-ft,cffts3,17.232048,0,
cake0,nas-ft,checksum,17.141889,0,
cake0,nas-ft,init_ui,16.86805,0,
cake0,nas-ft,cffts1,17.187973,0,
cake0,nas-ft,cffts2,17.248339,0,
cake0,nas-ft,compute_initial_conditions,16.923651,0,
cake0,nas-ft,evolve,17.057759,0,
cake0,nas-ft,compute_indexmap,16.951241,0,
cake0,nas-ft,cffts3,17.257025,0,
cake0,nas-ft,checksum,17.105336,0,
cake0,nas-ft,init_ui,17.012258,0,
cake0,nas-ft,cffts1,17.225839,0,
cake0,nas-ft,cffts2,17.280642,0,
cake0,nas-ft,compute_initial_conditions,16.99729,0,
cake0,nas-ft,evolve,17.063859,0,
cake0,nas-ft,compute_indexmap,17.011979,0,
cake0,nas-ft,cffts3,17.273349,0,
cake0,nas-ft,checksum,17.060612,0,
cake0,nas-ft,init_ui,16.89446,0,
cake0,nas-ft,cffts1,17.25677,0,
cake0,nas-ft,cffts2,17.341034,0,
cake0,nas-ft,compute_initial_conditions,17.021646,0,
cake0,nas-ft,evolve,17.08101,0,
cake0,nas-ft,compute_indexmap,17.067971,0,
cake0,nas-ft,cffts3,17.279158,0,
cake0,nas-ft,checksum,17.050888,0,
cake0,nas-ft,init_ui,16.91328,0,
cake0,nas-ft,cffts1,17.265879,0,
cake0,nas-ft,cffts2,17.265657,0,
cake0,nas-ft,compute_initial_conditions,16.995741,0,
cake0,nas-ft,evolve,17.052211,0,
cake0,nas-ft,compute_indexmap,17.020315,0,
cake0,nas-ft,cffts3,17.239681,0,
cake0,nas-ft,checksum,17.102804,0,
cake0,nas-ft,init_ui,17.026226,0,
cake0,nas-ft,cffts1,17.133696,0,
cake0,nas-ft,cffts2,17.278679,0,
cake0,nas-ft,compute_initial_conditions,17.051372,0,
cake0,nas-ft,evolve,17.085814,0,
cake0,nas-ft,compute_indexmap,17.034773,0,
cake0,nas-ft,cffts3,17.303514,0,
cake0,nas-ft,checksum,17.081165,0,
cake0,nas-ft,init_ui,16.935579,0,
cake0,nas-ft,cffts1,17.158563,0,
cake0,nas-ft,cffts2,17.21452,0,
cake0,nas-ft,compute_initial_conditions,16.992311,0,
cake0,nas-ft,evolve,17.078499,0,
cake0,nas-ft,compute_indexmap,17.065604,0,
cake0,nas-ft,cffts3,17.304451,0,
cake0,nas-ft,checksum,17.109044,0,
cake0,nas-ft,init_ui,16.944711,0,
cake0,nas-ft,cffts1,17.216676,0,
cake0,nas-ft,cffts2,17.181091,0,
cake1,mmul,fmma,17.452862,0,"-reassociate -loop-simplify -indvars -licm -loop-unswitch -loop-unroll -gvn -sccp -loop-deletion -instcombine -adce -simplifycfg -loop-simplify"
cake1,mmul,fmma,17.314415,0,"-reassociate -loop-simplify -indvars -licm -loop-unswitch -loop-unroll -gvn -sccp -loop-deletion -instcombine -adce -simplifycfg -loop-simplify"
cake1,mmul,fmma,17.435486,0,"-reassociate -loop-simplify -indvars -licm -loop-unswitch -loop-unroll -gvn -sccp -loop-deletion -instcombine -adce -simplifycfg -loop-simplify"
cake1,mmul,fmma,17.372476,0,"-reassociate -loop-simplify -indvars -licm -loop-unswitch -loop-unroll -gvn -sccp -loop-deletion -instcombine -adce -simplifycfg -loop-simplify"
cake1,mmul,fmma,17.393159,0,"-reassociate -loop-simplify -indvars -licm -loop-unswitch -loop-unroll -gvn -sccp -loop-deletion -instcombine -adce -simplifycfg -loop-simplify"
cake1,mmul,fmma,17.386937,0,"-reassociate -loop-simplify -indvars -licm -loop-unswitch -loop-unroll -gvn -sccp -loop-deletion -instcombine -adce -simplifycfg -loop-simplify"
cake1,mmul,fmma,17.386452,0,"-reassociate -loop-simplify -indvars -licm -loop-unswitch -loop-unroll -gvn -sccp -loop-deletion -instcombine -adce -simplifycfg -loop-simplify"
cake1,mmul,fmma,17.452945,0,"-reassociate -loop-simplify -indvars -licm -loop-unswitch -loop-unroll -gvn -sccp -loop-deletion -instcombine -adce -simplifycfg -loop-simplify"
cake1,mmul,fmma,17.391338,0,"-reassociate -loop-simplify -indvars -licm -loop-unswitch -loop-unroll -gvn -sccp -loop-deletion -instcombine -adce -simplifycfg -loop-simplify"
cake1,mmul,fmma,17.451178,0,"-reassociate -loop-simplify -indvars -licm -loop-unswitch -loop-unroll -gvn -sccp -loop-deletion -instcombine -adce -simplifycfg -loop-simplify"
cake1,blur,blur_ver,17.267261,0,"-reassociate -loop-simplify -indvars -licm -loop-unswitch -loop-unroll -gvn -sccp -loop-deletion -instcombine -adce -simplifycfg -loop-simplify"
cake1,blur,blur_hor,17.30043,0,"-reassociate -loop-simplify -indvars -licm -loop-unswitch -loop-unroll -gvn -sccp -loop-deletion -instcombine -adce -simplifycfg -loop-simplify"
cake1,blur,blur_ver,17.240056,0,"-reassociate -loop-simplify -indvars -licm -loop-unswitch -loop-unroll -gvn -sccp -loop-deletion -instcombine -adce -simplifycfg -loop-simplify"
cake1,blur,blur_hor,17.326315,0,"-reassociate -loop-simplify -indvars -licm -loop-unswitch -loop-unroll -gvn -sccp -loop-deletion -instcombine -adce -simplifycfg -loop-simplify"
cake1,blur,blur_ver,18.103322,0,"-reassociate -loop-simplify -indvars -licm -loop-unswitch -loop-unroll -gvn -sccp -loop-deletion -instcombine -adce -simplifycfg -loop-simplify"
cake1,blur,blur_hor,17.33995,0,"-reassociate -loop-simplify -indvars -licm -loop-unswitch -loop-unroll -gvn -sccp -loop-deletion -instcombine -adce -simplifycfg -loop-simplify"
cake1,blur,blur_ver,17.256751,0,"-reassociate -loop-simplify -indvars -licm -loop-unswitch -loop-unroll -gvn -sccp -loop-deletion -instcombine -adce -simplifycfg -loop-simplify"
cake1,blur,blur_hor,17.331534,0,"-reassociate -loop-simplify -indvars -licm -loop-unswitch -loop-unroll -gvn -sccp -loop-deletion -instcombine -adce -simplifycfg -loop-simplify"
cake1,blur,blur_ver,17.304192,0,"-reassociate -loop-simplify -indvars -licm -loop-unswitch -loop-unroll -gvn -sccp -loop-deletion -instcombine -adce -simplifycfg -loop-simplify"
cake1,blur,blur_hor,17.305345,0,"-reassociate -loop-simplify -indvars -licm -loop-unswitch -loop-unroll -gvn -sccp -loop-deletion -instcombine -adce -simplifycfg -loop-simplify"
cake1,blur,blur_ver,19.258632,0,"-reassociate -loop-simplify -indvars -licm -loop-unswitch -loop-unroll -gvn -sccp -loop-deletion -instcombine -adce -simplifycfg -loop-simplify"
cake1,blur,blur_hor,17.287688,0,"-reassociate -loop-simplify -indvars -licm -loop-unswitch -loop-unroll -gvn -sccp -loop-deletion -instcombine -adce -simplifycfg -loop-simplify"
cake1,blur,blur_ver,17.307646,0,"-reassociate -loop-simplify -indvars -licm -loop-unswitch -loop-unroll -gvn -sccp -loop-deletion -instcombine -adce -simplifycfg -loop-simplify"
cake1,blur,blur_hor,17.34869,0,"-reassociate -loop-simplify -indvars -licm -loop-unswitch -loop-unroll -gvn -sccp -loop-deletion -instcombine -adce -simplifycfg -loop-simplify"
cake1,blur,blur_ver,18.801827,0,"-reassociate -loop-simplify -indvars -licm -loop-unswitch -loop-unroll -gvn -sccp -loop-deletion -instcombine -adce -simplifycfg -loop-simplify"
cake1,blur,blur_hor,17.196848,0,"-reassociate -loop-simplify -indvars -licm -loop-unswitch -loop-unroll -gvn -sccp -loop-deletion -instcombine -adce -simplifycfg -loop-simplify"
cake1,blur,blur_ver,17.260785,0,"-reassociate -loop-simplify -indvars -licm -loop-unswitch -loop-unroll -gvn -sccp -loop-deletion -instcombine -adce -simplifycfg -loop-simplify"
cake1,blur,blur_hor,17.286461,0,"-reassociate -loop-simplify -indvars -licm -loop-unswitch -loop-unroll -gvn -sccp -loop-deletion -instcombine -adce -simplifycfg -loop-simplify"
cake1,blur,blur_ver,17.249941,0,"-reassociate -loop-simplify -indvars -licm -loop-unswitch -loop-unroll -gvn -sccp -loop-deletion -instcombine -adce -simplifycfg -loop-simplify"
cake1,blur,blur_hor,17.242946,0,"-reassociate -loop-simplify -indvars -licm -loop-unswitch -loop-unroll -gvn -sccp -loop-deletion -instcombine -adce -simplifycfg -loop-simplify"
cake1,nas-ft,compute_initial_conditions,17.221403,0,"-reassociate -loop-simplify -indvars -licm -loop-unswitch -loop-unroll -gvn -sccp -loop-deletion -instcombine -adce -simplifycfg -loop-simplify"
cake1,nas-ft,evolve,17.476049,0,"-reassociate -loop-simplify -indvars -licm -loop-unswitch -loop-unroll -gvn -sccp -loop-deletion -instcombine -adce -simplifycfg -loop-simplify"
cake1,nas-ft,compute_indexmap,17.311104,0,"-reassociate -loop-simplify -indvars -licm -loop-unswitch -loop-unroll -gvn -sccp -loop-deletion -instcombine -adce -simplifycfg -loop-simplify"
cake1,nas-ft,cffts3,17.747237,0,"-reassociate -loop-simplify -indvars -licm -loop-unswitch -loop-unroll -gvn -sccp -loop-deletion -instcombine -adce -simplifycfg -loop-simplify"
cake1,nas-ft,checksum,17.367392,0,"-reassociate -loop-simplify -indvars -licm -loop-unswitch -loop-unroll -gvn -sccp -loop-deletion -instcombine -adce -simplifycfg -loop-simplify"
cake1,nas-ft,init_ui,17.175872,0,"-reassociate -loop-simplify -indvars -licm -loop-unswitch -loop-unroll -gvn -sccp -loop-deletion -instcombine -adce -simplifycfg -loop-simplify"
cake1,nas-ft,cffts1,17.668223,0,"-reassociate -loop-simplify -indvars -licm -loop-unswitch -loop-unroll -gvn -sccp -loop-deletion -instcombine -adce -simplifycfg -loop-simplify"
cake1,nas-ft,cffts2,21.177456,0,"-reassociate -loop-simplify -indvars -licm -loop-unswitch -loop-unroll -gvn -sccp -loop-deletion -instcombine -adce -simplifycfg -loop-simplify"
cake1,nas-ft,compute_initial_conditions,17.320381,0,"-reassociate -loop-simplify -indvars -licm -loop-unswitch -loop-unroll -gvn -sccp -loop-deletion -instcombine -adce -simplifycfg -loop-simplify"
cake1,nas-ft,evolve,17.343752,0,"-reassociate -loop-simplify -indvars -licm -loop-unswitch -loop-unroll -gvn -sccp -loop-deletion -instcombine -adce -simplifycfg -loop-simplify"
cake1,nas-ft,compute_indexmap,17.388919,0,"-reassociate -loop-simplify -indvars -licm -loop-unswitch -loop-unroll -gvn -sccp -loop-deletion -instcombine -adce -simplifycfg -loop-simplify"
cake1,nas-ft,cffts3,17.716774,0,"-reassociate -loop-simplify -indvars -licm -loop-unswitch -loop-unroll -gvn -sccp -loop-deletion -instcombine -adce -simplifycfg -loop-simplify"
cake1,nas-ft,checksum,17.313087,0,"-reassociate -loop-simplify -indvars -licm -loop-unswitch -loop-unroll -gvn -sccp -loop-deletion -instcombine -adce -simplifycfg -loop-simplify"
cake1,nas-ft,init_ui,17.195375,0,"-reassociate -loop-simplify -indvars -licm -loop-unswitch -loop-unroll -gvn -sccp -loop-deletion -instcombine -adce -simplifycfg -loop-simplify"
cake1,nas-ft,cffts1,17.680569,0,"-reassociate -loop-simplify -indvars -licm -loop-unswitch -loop-unroll -gvn -sccp -loop-deletion -instcombine -adce -simplifycfg -loop-simplify"
cake1,nas-ft,cffts2,17.73223,0,"-reassociate -loop-simplify -indvars -licm -loop-unswitch -loop-unroll -gvn -sccp -loop-deletion -instcombine -adce -simplifycfg -loop-simplify"
cake1,nas-ft,compute_initial_conditions,17.307606,0,"-reassociate -loop-simplify -indvars -licm -loop-unswitch -loop-unroll -gvn -sccp -loop-deletion -instcombine -adce -simplifycfg -loop-simplify"
cake1,nas-ft,evolve,17.287732,0,"-reassociate -loop-simplify -indvars -licm -loop-unswitch -loop-unroll -gvn -sccp -loop-deletion -instcombine -adce -simplifycfg -loop-simplify"
cake1,nas-ft,compute_indexmap,17.347391,0,"-reassociate -loop-simplify -indvars -licm -loop-unswitch -loop-unroll -gvn -sccp -loop-deletion -instcombine -adce -simplifycfg -loop-simplify"
cake1,nas-ft,cffts3,17.621094,0,"-reassociate -loop-simplify -indvars -licm -loop-unswitch -loop-unroll -gvn -sccp -loop-deletion -instcombine -adce -simplifycfg -loop-simplify"
cake1,nas-ft,checksum,17.359775,0,"-reassociate -loop-simplify -indvars -licm -loop-unswitch -loop-unroll -gvn -sccp -loop-deletion -instcombine -adce -simplifycfg -loop-simplify"
cake1,nas-ft,init_ui,17.20491,0,"-reassociate -loop-simplify -indvars -licm -loop-unswitch -loop-unroll -gvn -sccp -loop-deletion -instcombine -adce -simplifycfg -loop-simplify"
cake1,nas-ft,cffts1,17.670759,0,"-reassociate -loop-simplify -indvars -licm -loop-unswitch -loop-unroll -gvn -sccp -loop-deletion -instcombine -adce -simplifycfg -loop-simplify"
cake1,nas-ft,cffts2,17.747093,0,"-reassociate -loop-simplify -indvars -licm -loop-unswitch -loop-unroll -gvn -sccp -loop-deletion -instcombine -adce -simplifycfg -loop-simplify"
cake1,nas-ft,compute_initial_conditions,17.345087,0,"-reassociate -loop-simplify -indvars -licm -loop-unswitch -loop-unroll -gvn -sccp -loop-deletion -instcombine -adce -simplifycfg -loop-simplify"
cake1,nas-ft,evolve,17.30487,0,"-reassociate -loop-simplify -indvars -licm -loop-unswitch -loop-unroll -gvn -sccp -loop-deletion -instcombine -adce -simplifycfg -loop-simplify"
cake1,nas-ft,compute_indexmap,17.346479,0,"-reassociate -loop-simplify -indvars -licm -loop-unswitch -loop-unroll -gvn -sccp -loop-deletion -instcombine -adce -simplifycfg -loop-simplify"
cake1,nas-ft,cffts3,17.710456,0,"-reassociate -loop-simplify -indvars -licm -loop-unswitch -loop-unroll -gvn -sccp -loop-deletion -instcombine -adce -simplifycfg -loop-simplify"
cake1,nas-ft,checksum,17.392464,0,"-reassociate -loop-simplify -indvars -licm -loop-unswitch -loop-unroll -gvn -sccp -loop-deletion -instcombine -adce -simplifycfg -loop-simplify"
cake1,nas-ft,init_ui,17.303761,0,"-reassociate -loop-simplify -indvars -licm -loop-unswitch -loop-unroll -gvn -sccp -loop-deletion -instcombine -adce -simplifycfg -loop-simplify"
cake1,nas-ft,cffts1,17.702028,0,"-reassociate -loop-simplify -indvars -licm -loop-unswitch -loop-unroll -gvn -sccp -loop-deletion -instcombine -adce -simplifycfg -loop-simplify"
cake1,nas-ft,cffts2,17.721986,0,"-reassociate -loop-simplify -indvars -licm -loop-unswitch -loop-unroll -gvn -sccp -loop-deletion -instcombine -adce -simplifycfg -loop-simplify"
cake1,nas-ft,compute_initial_conditions,17.287659,0,"-reassociate -loop-simplify -indvars -licm -loop-unswitch -loop-unroll -gvn -sccp -loop-deletion -instcombine -adce -simplifycfg -loop-simplify"
cake1,nas-ft,evolve,17.398667,0,"-reassociate -loop-simplify -indvars -licm -loop-unswitch -loop-unroll -gvn -sccp -loop-deletion -instcombine -adce -simplifycfg -loop-simplify"
cake1,nas-ft,compute_indexmap,17.396037,0,"-reassociate -loop-simplify -indvars -licm -loop-unswitch -loop-unroll -gvn -sccp -loop-deletion -instcombine -adce -simplifycfg -loop-simplify"
cake1,nas-ft,cffts3,17.753193,0,"-reassociate -loop-simplify -indvars -licm -loop-unswitch -loop-unroll -gvn -sccp -loop-deletion -instcombine -adce -simplifycfg -loop-simplify"
cake1,nas-ft,checksum,17.392551,0,"-reassociate -loop-simplify -indvars -licm -loop-unswitch -loop-unroll -gvn -sccp -loop-deletion -instcombine -adce -simplifycfg -loop-simplify"
cake1,nas-ft,init_ui,17.253736,0,"-reassociate -loop-simplify -indvars -licm -loop-unswitch -loop-unroll -gvn -sccp -loop-deletion -instcombine -adce -simplifycfg -loop-simplify"
cake1,nas-ft,cffts1,17.714013,0,"-reassociate -loop-simplify -indvars -licm -loop-unswitch -loop-unroll -gvn -sccp -loop-deletion -instcombine -adce -simplifycfg -loop-simplify"
cake1,nas-ft,cffts2,17.727742,0,"-reassociate -loop-simplify -indvars -licm -loop-unswitch -loop-unroll -gvn -sccp -loop-deletion -instcombine -adce -simplifycfg -loop-simplify"
cake1,nas-ft,compute_initial_conditions,17.358963,0,"-reassociate -loop-simplify -indvars -licm -loop-unswitch -loop-unroll -gvn -sccp -loop-deletion -instcombine -adce -simplifycfg -loop-simplify"
cake1,nas-ft,evolve,17.310161,0,"-reassociate -loop-simplify -indvars -licm -loop-unswitch -loop-unroll -gvn -sccp -loop-deletion -instcombine -adce -simplifycfg -loop-simplify"
cake1,nas-ft,compute_indexmap,17.368553,0,"-reassociate -loop-simplify -indvars -licm -loop-unswitch -loop-unroll -gvn -sccp -loop-deletion -instcombine -adce -simplifycfg -loop-simplify"
cake1,nas-ft,cffts3,17.649692,0,"-reassociate -loop-simplify -indvars -licm -loop-unswitch -loop-unroll -gvn -sccp -loop-deletion -instcombine -adce -simplifycfg -loop-simplify"
cake1,nas-ft,checksum,17.538528,0,"-reassociate -loop-simplify -indvars -licm -loop-unswitch -loop-unroll -gvn -sccp -loop-deletion -instcombine -adce -simplifycfg -loop-simplify"
cake1,nas-ft,init_ui,17.203411,0,"-reassociate -loop-simplify -indvars -licm -loop-unswitch -loop-unroll -gvn -sccp -loop-deletion -instcombine -adce -simplifycfg -loop-simplify"
cake1,nas-ft,cffts1,17.590283,0,"-reassociate -loop-simplify -indvars -licm -loop-unswitch -loop-unroll -gvn -sccp -loop-deletion -instcombine -adce -simplifycfg -loop-simplify"
cake1,nas-ft,cffts2,17.732735,0,"-reassociate -loop-simplify -indvars -licm -loop-unswitch -loop-unroll -gvn -sccp -loop-deletion -instcombine -adce -simplifycfg -loop-simplify"
cake1,nas-ft,compute_initial_conditions,17.339346,0,"-reassociate -loop-simplify -indvars -licm -loop-unswitch -loop-unroll -gvn -sccp -loop-deletion -instcombine -adce -simplifycfg -loop-simplify"
cake1,nas-ft,evolve,17.344971,0,"-reassociate -loop-simplify -indvars -licm -loop-unswitch -loop-unroll -gvn -sccp -loop-deletion -instcombine -adce -simplifycfg -loop-simplify"
cake1,nas-ft,compute_indexmap,17.271759,0,"-reassociate -loop-simplify -indvars -licm -loop-unswitch -loop-unroll -gvn -sccp -loop-deletion -instcombine -adce -simplifycfg -loop-simplify"
cake1,nas-ft,cffts3,17.659246,0,"-reassociate -loop-simplify -indvars -licm -loop-unswitch -loop-unroll -gvn -sccp -loop-deletion -instcombine -adce -simplifycfg -loop-simplify"
cake1,nas-ft,checksum,17.324842,0,"-reassociate -loop-simplify -indvars -licm -loop-unswitch -loop-unroll -gvn -sccp -loop-deletion -instcombine -adce -simplifycfg -loop-simplify"
cake1,nas-ft,init_ui,17.242822,0,"-reassociate -loop-simplify -indvars -licm -loop-unswitch -loop-unroll -gvn -sccp -loop-deletion -instcombine -adce -simplifycfg -loop-simplify"
cake1,nas-ft,cffts1,17.696743,0,"-reassociate -loop-simplify -indvars -licm -loop-unswitch -loop-unroll -gvn -sccp -loop-deletion -instcombine -adce -simplifycfg -loop-simplify"
cake1,nas-ft,cffts2,17.645445,0,"-reassociate -loop-simplify -indvars -licm -loop-unswitch -loop-unroll -gvn -sccp -loop-deletion -instcombine -adce -simplifycfg -loop-simplify"
cake1,nas-ft,compute_initial_conditions,17.248204,0,"-reassociate -loop-simplify -indvars -licm -loop-unswitch -loop-unroll -gvn -sccp -loop-deletion -instcombine -adce -simplifycfg -loop-simplify"
cake1,nas-ft,evolve,17.324763,0,"-reassociate -loop-simplify -indvars -licm -loop-unswitch -loop-unroll -gvn -sccp -loop-deletion -instcombine -adce -simplifycfg -loop-simplify"
cake1,nas-ft,compute_indexmap,17.359192,0,"-reassociate -loop-simplify -indvars -licm -loop-unswitch -loop-unroll -gvn -sccp -loop-deletion -instcombine -adce -simplifycfg -loop-simplify"
cake1,nas-ft,cffts3,17.727269,0,"-reassociate -loop-simplify -indvars -licm -loop-unswitch -loop-unroll -gvn -sccp -loop-deletion -instcombine -adce -simplifycfg -loop-simplify"
cake1,nas-ft,checksum,17.425789,0,"-reassociate -loop-simplify -indvars -licm -loop-unswitch -loop-unroll -gvn -sccp -loop-deletion -instcombine -adce -simplifycfg -loop-simplify"
cake1,nas-ft,init_ui,17.197349,0,"-reassociate -loop-simplify -indvars -licm -loop-unswitch -loop-unroll -gvn -sccp -loop-deletion -instcombine -adce -simplifycfg -loop-simplify"
cake1,nas-ft,cffts1,17.727006,0,"-reassociate -loop-simplify -indvars -licm -loop-unswitch -loop-unroll -gvn -sccp -loop-deletion -instcombine -adce -simplifycfg -loop-simplify"
cake1,nas-ft,cffts2,17.653581,0,"-reassociate -loop-simplify -indvars -licm -loop-unswitch -loop-unroll -gvn -sccp -loop-deletion -instcombine -adce -simplifycfg -loop-simplify"
cake1,nas-ft,compute_initial_conditions,17.255916,0,"-reassociate -loop-simplify -indvars -licm -loop-unswitch -loop-unroll -gvn -sccp -loop-deletion -instcombine -adce -simplifycfg -loop-simplify"
cake1,nas-ft,evolve,17.307842,0,"-reassociate -loop-simplify -indvars -licm -loop-unswitch -loop-unroll -gvn -sccp -loop-deletion -instcombine -adce -simplifycfg -loop-simplify"
cake1,nas-ft,compute_indexmap,17.346872,0,"-reassociate -loop-simplify -indvars -licm -loop-unswitch -loop-unroll -gvn -sccp -loop-deletion -instcombine -adce -simplifycfg -loop-simplify"
cake1,nas-ft,cffts3,17.713228,0,"-reassociate -loop-simplify -indvars -licm -loop-unswitch -loop-unroll -gvn -sccp -loop-deletion -instcombine -adce -simplifycfg -loop-simplify"
cake1,nas-ft,checksum,17.335825,0,"-reassociate -loop-simplify -indvars -licm -loop-unswitch -loop-unroll -gvn -sccp -loop-deletion -instcombine -adce -simplifycfg -loop-simplify"
cake1,nas-ft,init_ui,17.249166,0,"-reassociate -loop-simplify -indvars -licm -loop-unswitch -loop-unroll -gvn -sccp -loop-deletion -instcombine -adce -simplifycfg -loop-simplify"
cake1,nas-ft,cffts1,17.749454,0,"-reassociate -loop-simplify -indvars -licm -loop-unswitch -loop-unroll -gvn -sccp -loop-deletion -instcombine -adce -simplifycfg -loop-simplify"
cake1,nas-ft,cffts2,17.698573,0,"-reassociate -loop-simplify -indvars -licm -loop-unswitch -loop-unroll -gvn -sccp -loop-deletion -instcombine -adce -simplifycfg -loop-simplify"
cake1,nas-ft,compute_initial_conditions,17.301756,0,"-reassociate -loop-simplify -indvars -licm -loop-unswitch -loop-unroll -gvn -sccp -loop-deletion -instcombine -adce -simplifycfg -loop-simplify"
cake1,nas-ft,evolve,17.325218,0,"-reassociate -loop-simplify -indvars -licm -loop-unswitch -loop-unroll -gvn -sccp -loop-deletion -instcombine -adce -simplifycfg -loop-simplify"
cake1,nas-ft,compute_indexmap,17.301103,0,"-reassociate -loop-simplify -indvars -licm -loop-unswitch -loop-unroll -gvn -sccp -loop-deletion -instcombine -adce -simplifycfg -loop-simplify"
cake1,nas-ft,cffts3,17.744658,0,"-reassociate -loop-simplify -indvars -licm -loop-unswitch -loop-unroll -gvn -sccp -loop-deletion -instcombine -adce -simplifycfg -loop-simplify"
cake1,nas-ft,checksum,17.420206,0,"-reassociate -loop-simplify -indvars -licm -loop-unswitch -loop-unroll -gvn -sccp -loop-deletion -instcombine -adce -simplifycfg -loop-simplify"
cake1,nas-ft,init_ui,17.270553,0,"-reassociate -loop-simplify -indvars -licm -loop-unswitch -loop-unroll -gvn -sccp -loop-deletion -instcombine -adce -simplifycfg -loop-simplify"
cake1,nas-ft,cffts1,17.612711,0,"-reassociate -loop-simplify -indvars -licm -loop-unswitch -loop-unroll -gvn -sccp -loop-deletion -instcombine -adce -simplifycfg -loop-simplify"
cake1,nas-ft,cffts2,17.642997,0,"-reassociate -loop-simplify -indvars -licm -loop-unswitch -loop-unroll -gvn -sccp -loop-deletion -instcombine -adce -simplifycfg -loop-simplify"
cake2,mmul,fmma,17.273421,1,
cake2,mmul,fmma,17.19694,1,
cake2,mmul,fmma,17.140664,1,
cake2,mmul,fmma,18.004977,1,
cake2,mmul,fmma,17.228394,1,
cake2,mmul,fmma,17.207439,1,
cake2,mmul,fmma,17.156277,1,
cake2,mmul,fmma,17.154526,1,
cake2,mmul,fmma,17.169239,1,
cake2,mmul,fmma,17.21036,1,
cake2,blur,blur_ver,16.986455,1,
cake2,blur,blur_hor,16.912246,1,
cake2,blur,blur_ver,17.009468,1,
cake2,blur,blur_hor,16.987121,1,
cake2,blur,blur_ver,16.95417,1,
cake2,blur,blur_hor,16.970772,1,
cake2,blur,blur_ver,16.978727,1,
cake2,blur,blur_hor,17.017086,1,
cake2,blur,blur_ver,16.981216,1,
cake2,blur,blur_hor,16.926041,1,
cake2,blur,blur_ver,16.958319,1,
cake2,blur,blur_hor,16.991708,1,
cake2,blur,blur_ver,17.383468,1,
cake2,blur,blur_hor,17.007949,1,
cake2,blur,blur_ver,16.978726,1,
cake2,blur,blur_hor,17.018019,1,
cake2,blur,blur_ver,17.00414,1,
cake2,blur,blur_hor,16.994109,1,
cake2,blur,blur_ver,16.927474,1,
cake2,blur,blur_hor,16.954318,1,
cake2,nas-ft,compute_initial_conditions,17.01827,1,
cake2,nas-ft,evolve,17.044018,1,
cake2,nas-ft,compute_indexmap,16.990209,1,
cake2,nas-ft,cffts3,17.278395,1,
cake2,nas-ft,checksum,17.194283,1,
cake2,nas-ft,init_ui,16.96188,1,
cake2,nas-ft,cffts1,17.218616,1,
cake2,nas-ft,cffts2,21.154592,1,
cake2,nas-ft,compute_initial_conditions,17.017262,1,
cake2,nas-ft,evolve,17.028372,1,
cake2,nas-ft,compute_indexmap,16.999913,1,
cake2,nas-ft,cffts3,17.244805,1,
cake2,nas-ft,checksum,17.081538,1,
cake2,nas-ft,init_ui,16.932097,1,
cake2,nas-ft,cffts1,17.132154,1,
cake2,nas-ft,cffts2,17.283127,1,
cake2,nas-ft,compute_initial_conditions,16.978792,1,
cake2,nas-ft,evolve,16.964145,1,
cake2,nas-ft,compute_indexmap,16.959851,1,
cake2,nas-ft,cffts3,17.259959,1,
cake2,nas-ft,checksum,17.094429,1,
cake2,nas-ft,init_ui,16.991639,1,
cake2,nas-ft,cffts1,17.244617,1,
cake2,nas-ft,cffts2,17.339661,1,
cake2,nas-ft,compute_initial_conditions,16.976258,1,
cake2,nas-ft,evolve,16.991219,1,
cake2,nas-ft,compute_indexmap,16.973716,1,
cake2,nas-ft,cffts3,17.235089,1,
cake2,nas-ft,checksum,17.069028,1,
cake2,nas-ft,init_ui,16.924226,1,
cake2,nas-ft,cffts1,17.233115,1,
cake2,nas-ft,cffts2,17.216435,1,
cake2,nas-ft,compute_initial_conditions,16.985644,1,
cake2,nas-ft,evolve,17.030565,1,
cake2,nas-ft,compute_indexmap,17.054155,1,
cake2,nas-ft,cffts3,17.210269,1,
cake2,nas-ft,checksum,17.112018,1,
cake2,nas-ft,init_ui,16.948633,1,
cake2,nas-ft,cffts1,17.187208,1,
cake2,nas-ft,cffts2,17.251545,1,
cake2,nas-ft,compute_initial_conditions,17.046194,1,
cake2,nas-ft,evolve,17.052547,1,
cake2,nas-ft,compute_indexmap,17.055007,1,
cake2,nas-ft,cffts3,17.200922,1,
cake2,nas-ft,checksum,17.066713,1,
cake2,nas-ft,init_ui,16.955498,1,
cake2,nas-ft,cffts1,17.211718,1,
cake2,nas-ft,cffts2,17.199573,1,
cake2,nas-ft,compute_initial_conditions,16.95889,1,
cake2,nas-ft,evolve,17.051646,1,
cake2,nas-ft,compute_indexmap,16.977834,1,
cake2,nas-ft,cffts3,17.206606,1,
cake2,nas-ft,checksum,17.061394,1,
cake2,nas-ft,init_ui,16.877766,1,
cake2,nas-ft,cffts1,17.265766,1,
cake2,nas-ft,cffts2,17.21566,1,
cake2,nas-ft,compute_initial_conditions,16.928934,1,
cake2,nas-ft,evolve,17.05818,1,
cake2,nas-ft,compute_indexmap,17.02892,1,
cake2,nas-ft,cffts3,17.306522,1,
cake2,nas-ft,checksum,17.037408,1,
cake2,nas-ft,init_ui,16.930426,1,
cake2,nas-ft,cffts1,17.233866,1,
cake2,nas-ft,cffts2,17.300188,1,
cake2,nas-ft,compute_initial_conditions,17.007362,1,
cake2,nas-ft,evolve,17.039219,1,
cake2,nas-ft,compute_indexmap,16.954877,1,
cake2,nas-ft,cffts3,17.248016,1,
cake2,nas-ft,checksum,17.126735,1,
cake2,nas-ft,init_ui,16.994079,1,
cake2,nas-ft,cffts1,17.197725,1,
cake2,nas-ft,cffts2,17.294967,1,
cake2,nas-ft,compute_initial_conditions,16.960216,1,
cake2,nas-ft,evolve,17.009461,1,
cake2,nas-ft,compute_indexmap,17.046568,1,
cake2,nas-ft,cffts3,17.239772,1,
cake2,nas-ft,checksum,17.138542,1,
cake2,nas-ft,init_ui,16.907723,1,
cake2,nas-ft,cffts1,17.159085,1,
cake2,nas-ft,cffts2,17.225419,1,
cake3,mmul,fmma,17.275733,1,"-reassociate -loop-simplify -indvars -licm -loop-unswitch -loop-unroll -gvn -sccp -loop-deletion -instcombine -adce -simplifycfg -loop-simplify"
cake3,mmul,fmma,17.216411,1,"-reassociate -loop-simplify -indvars -licm -loop-unswitch -loop-unroll -gvn -sccp -loop-deletion -instcombine -adce -simplifycfg -loop-simplify"
cake3,mmul,fmma,17.260855,1,"-reassociate -loop-simplify -indvars -licm -loop-unswitch -loop-unroll -gvn -sccp -loop-deletion -instcombine -adce -simplifycfg -loop-simplify"
cake3,mmul,fmma,17.212608,1,"-reassociate -loop-simplify -indvars -licm -loop-unswitch -loop-unroll -gvn -sccp -loop-deletion -instcombine -adce -simplifycfg -loop-simplify"
cake3,mmul,fmma,17.247892,1,"-reassociate -loop-simplify -indvars -licm -loop-unswitch -loop-unroll -gvn -sccp -loop-deletion -instcombine -adce -simplifycfg -loop-simplify"
cake3,mmul,fmma,17.297162,1,"-reassociate -loop-simplify -indvars -licm -loop-unswitch -loop-unroll -gvn -sccp -loop-deletion -instcombine -adce -simplifycfg -loop-simplify"
cake3,mmul,fmma,17.258368,1,"-reassociate -loop-simplify -indvars -licm -loop-unswitch -loop-unroll -gvn -sccp -loop-deletion -instcombine -adce -simplifycfg -loop-simplify"
cake3,mmul,fmma,17.275915,1,"-reassociate -loop-simplify -indvars -licm -loop-unswitch -loop-unroll -gvn -sccp -loop-deletion -instcombine -adce -simplifycfg -loop-simplify"
cake3,mmul,fmma,17.218775,1,"-reassociate -loop-simplify -indvars -licm -loop-unswitch -loop-unroll -gvn -sccp -loop-deletion -instcombine -adce -simplifycfg -loop-simplify"
cake3,mmul,fmma,17.265116,1,"-reassociate -loop-simplify -indvars -licm -loop-unswitch -loop-unroll -gvn -sccp -loop-deletion -instcombine -adce -simplifycfg -loop-simplify"
cake3,blur,blur_ver,17.254549,1,"-reassociate -loop-simplify -indvars -licm -loop-unswitch -loop-unroll -gvn -sccp -loop-deletion -instcombine -adce -simplifycfg -loop-simplify"
cake3,blur,blur_hor,17.35896,1,"-reassociate -loop-simplify -indvars -licm -loop-unswitch -loop-unroll -gvn -sccp -loop-deletion -instcombine -adce -simplifycfg -loop-simplify"
cake3,blur,blur_ver,17.335081,1,"-reassociate -loop-simplify -indvars -licm -loop-unswitch -loop-unroll -gvn -sccp -loop-deletion -instcombine -adce -simplifycfg -loop-simplify"
cake3,blur,blur_hor,17.281386,1,"-reassociate -loop-simplify -indvars -licm -loop-unswitch -loop-unroll -gvn -sccp -loop-deletion -instcombine -adce -simplifycfg -loop-simplify"
cake3,blur,blur_ver,17.308681,1,"-reassociate -loop-simplify -indvars -licm -loop-unswitch -loop-unroll -gvn -sccp -loop-deletion -instcombine -adce -simplifycfg -loop-simplify"
cake3,blur,blur_hor,17.291917,1,"-reassociate -loop-simplify -indvars -licm -loop-unswitch -loop-unroll -gvn -sccp -loop-deletion -instcombine -adce -simplifycfg -loop-simplify"
cake3,blur,blur_ver,17.265713,1,"-reassociate -loop-simplify -indvars -licm -loop-unswitch -loop-unroll -gvn -sccp -loop-deletion -instcombine -adce -simplifycfg -loop-simplify"
cake3,blur,blur_hor,17.207632,1,"-reassociate -loop-simplify -indvars -licm -loop-unswitch -loop-unroll -gvn -sccp -loop-deletion -instcombine -adce -simplifycfg -loop-simplify"
cake3,blur,blur_ver,17.269807,1,"-reassociate -loop-simplify -indvars -licm -loop-unswitch -loop-unroll -gvn -sccp -loop-deletion -instcombine -adce -simplifycfg -loop-simplify"
cake3,blur,blur_hor,17.340067,1,"-reassociate -loop-simplify -indvars -licm -loop-unswitch -loop-unroll -gvn -sccp -loop-deletion -instcombine -adce -simplifycfg -loop-simplify"
cake3,blur,blur_ver,19.27565,1,"-reassociate -loop-simplify -indvars -licm -loop-unswitch -loop-unroll -gvn -sccp -loop-deletion -instcombine -adce -simplifycfg -loop-simplify"
cake3,blur,blur_hor,17.306666,1,"-reassociate -loop-simplify -indvars -licm -loop-unswitch -loop-unroll -gvn -sccp -loop-deletion -instcombine -adce -simplifycfg -loop-simplify"
cake3,blur,blur_ver,17.304762,1,"-reassociate -loop-simplify -indvars -licm -loop-unswitch -loop-unroll -gvn -sccp -loop-deletion -instcombine -adce -simplifycfg -loop-simplify"
cake3,blur,blur_hor,17.223441,1,"-reassociate -loop-simplify -indvars -licm -loop-unswitch -loop-unroll -gvn -sccp -loop-deletion -instcombine -adce -simplifycfg -loop-simplify"
cake3,blur,blur_ver,17.264369,1,"-reassociate -loop-simplify -indvars -licm -loop-unswitch -loop-unroll -gvn -sccp -loop-deletion -instcombine -adce -simplifycfg -loop-simplify"
cake3,blur,blur_hor,17.329477,1,"-reassociate -loop-simplify -indvars -licm -loop-unswitch -loop-unroll -gvn -sccp -loop-deletion -instcombine -adce -simplifycfg -loop-simplify"
cake3,blur,blur_ver,19.069093,1,"-reassociate -loop-simplify -indvars -licm -loop-unswitch -loop-unroll -gvn -sccp -loop-deletion -instcombine -adce -simplifycfg -loop-simplify"
cake3,blur,blur_hor,17.314419,1,"-reassociate -loop-simplify -indvars -licm -loop-unswitch -loop-unroll -gvn -sccp -loop-deletion -instcombine -adce -simplifycfg -loop-simplify"
cake3,blur,blur_ver,17.236167,1,"-reassociate -loop-simplify -indvars -licm -loop-unswitch -loop-unroll -gvn -sccp -loop-deletion -instcombine -adce -simplifycfg -loop-simplify"
cake3,blur,blur_hor,17.267694,1,"-reassociate -loop-simplify -indvars -licm -loop-unswitch -loop-unroll -gvn -sccp -loop-deletion -instcombine -adce -simplifycfg -loop-simplify"
cake3,nas-ft,compute_initial_conditions,17.284512,1,"-reassociate -loop-simplify -indvars -licm -loop-unswitch -loop-unroll -gvn -sccp -loop-deletion -instcombine -adce -simplifycfg -loop-simplify"
cake3,nas-ft,evolve,17.438318,1,"-reassociate -loop-simplify -indvars -licm -loop-unswitch -loop-unroll -gvn -sccp -loop-deletion -instcombine -adce -simplifycfg -loop-simplify"
cake3,nas-ft,compute_indexmap,17.342063,1,"-reassociate -loop-simplify -indvars -licm -loop-unswitch -loop-unroll -gvn -sccp -loop-deletion -instcombine -adce -simplifycfg -loop-simplify"
cake3,nas-ft,cffts3,17.730648,1,"-reassociate -loop-simplify -indvars -licm -loop-unswitch -loop-unroll -gvn -sccp -loop-deletion -instcombine -adce -simplifycfg -loop-simplify"
cake3,nas-ft,checksum,17.488197,1,"-reassociate -loop-simplify -indvars -licm -loop-unswitch -loop-unroll -gvn -sccp -loop-deletion -instcombine -adce -simplifycfg -loop-simplify"
cake3,nas-ft,init_ui,17.242491,1,"-reassociate -loop-simplify -indvars -licm -loop-unswitch -loop-unroll -gvn -sccp -loop-deletion -instcombine -adce -simplifycfg -loop-simplify"
cake3,nas-ft,cffts1,17.614265,1,"-reassociate -loop-simplify -indvars -licm -loop-unswitch -loop-unroll -gvn -sccp -loop-deletion -instcombine -adce -simplifycfg -loop-simplify"
cake3,nas-ft,cffts2,21.700494,1,"-reassociate -loop-simplify -indvars -licm -loop-unswitch -loop-unroll -gvn -sccp -loop-deletion -instcombine -adce -simplifycfg -loop-simplify"
cake3,nas-ft,compute_initial_conditions,17.282261,1,"-reassociate -loop-simplify -indvars -licm -loop-unswitch -loop-unroll -gvn -sccp -loop-deletion -instcombine -adce -simplifycfg -loop-simplify"
cake3,nas-ft,evolve,17.323968,1,"-reassociate -loop-simplify -indvars -licm -loop-unswitch -loop-unroll -gvn -sccp -loop-deletion -instcombine -adce -simplifycfg -loop-simplify"
cake3,nas-ft,compute_indexmap,17.311907,1,"-reassociate -loop-simplify -indvars -licm -loop-unswitch -loop-unroll -gvn -sccp -loop-deletion -instcombine -adce -simplifycfg -loop-simplify"
cake3,nas-ft,cffts3,17.725489,1,"-reassociate -loop-simplify -indvars -licm -loop-unswitch -loop-unroll -gvn -sccp -loop-deletion -instcombine -adce -simplifycfg -loop-simplify"
cake3,nas-ft,checksum,17.351262,1,"-reassociate -loop-simplify -indvars -licm -loop-unswitch -loop-unroll -gvn -sccp -loop-deletion -instcombine -adce -simplifycfg -loop-simplify"
cake3,nas-ft,init_ui,17.168017,1,"-reassociate -loop-simplify -indvars -licm -loop-unswitch -loop-unroll -gvn -sccp -loop-deletion -instcombine -adce -simplifycfg -loop-simplify"
cake3,nas-ft,cffts1,17.652178,1,"-reassociate -loop-simplify -indvars -licm -loop-unswitch -loop-unroll -gvn -sccp -loop-deletion -instcombine -adce -simplifycfg -loop-simplify"
cake3,nas-ft,cffts2,17.685017,1,"-reassociate -loop-simplify -indvars -licm -loop-unswitch -loop-unroll -gvn -sccp -loop-deletion -instcombine -adce -simplifycfg -loop-simplify"
cake3,nas-ft,compute_initial_conditions,17.291564,1,"-reassociate -loop-simplify -indvars -licm -loop-unswitch -loop-unroll -gvn -sccp -loop-deletion -instcombine -adce -simplifycfg -loop-simplify"
cake3,nas-ft,evolve,17.381473,1,"-reassociate -loop-simplify -indvars -licm -loop-unswitch -loop-unroll -gvn -sccp -loop-deletion -instcombine -adce -simplifycfg -loop-simplify"
cake3,nas-ft,compute_indexmap,17.32494,1,"-reassociate -loop-simplify -indvars -licm -loop-unswitch -loop-unroll -gvn -sccp -loop-deletion -instcombine -adce -simplifycfg -loop-simplify"
cake3,nas-ft,cffts3,17.693267,1,"-reassociate -loop-simplify -indvars -licm -loop-unswitch -loop-unroll -gvn -sccp -loop-deletion -instcombine -adce -simplifycfg -loop-simplify"
cake3,nas-ft,checksum,17.345705,1,"-reassociate -loop-simplify -indvars -licm -loop-unswitch -loop-unroll -gvn -sccp -loop-deletion -instcombine -adce -simplifycfg -loop-simplify"
cake3,nas-ft,init_ui,17.273894,1,"-reassociate -loop-simplify -indvars -licm -loop-unswitch -loop-unroll -gvn -sccp -loop-deletion -instcombine -adce -simplifycfg -loop-simplify"
cake3,nas-ft,cffts1,17.673157,1,"-reassociate -loop-simplify -indvars -licm -loop-unswitch -loop-unroll -gvn -sccp -loop-deletion -instcombine -adce -simplifycfg -loop-simplify"
cake3,nas-ft,cffts2,17.702411,1,"-reassociate -loop-simplify -indvars -licm -loop-unswitch -loop-unroll -gvn -sccp -loop-deletion -instcombine -adce -simplifycfg -loop-simplify"
cake3,nas-ft,compute_initial_conditions,17.25096,1,"-reassociate -loop-simplify -indvars -licm -loop-unswitch -loop-unroll -gvn -sccp -loop-deletion -instcombine -adce -simplifycfg -loop-simplify"
cake3,nas-ft,evolve,17.312533,1,"-reassociate -loop-simplify -indvars -licm -loop-unswitch -loop-unroll -gvn -sccp -loop-deletion -instcombine -adce -simplifycfg -loop-simplify"
cake3,nas-ft,compute_indexmap,17.289615,1,"-reassociate -loop-simplify -indvars -licm -loop-unswitch -loop-unroll -gvn -sccp -loop-deletion -instcombine -adce -simplifycfg -loop-simplify"
cake3,nas-ft,cffts3,17.702679,1,"-reassociate -loop-simplify -indvars -licm -loop-unswitch -loop-unroll -gvn -sccp -loop-deletion -instcombine -adce -simplifycfg -loop-simplify"
cake3,nas-ft,checksum,17.359771,1,"-reassociate -loop-simplify -indvars -licm -loop-unswitch -loop-unroll -gvn -sccp -loop-deletion -instcombine -adce -simplifycfg -loop-simplify"
cake3,nas-ft,init_ui,17.267815,1,"-reassociate -loop-simplify -indvars -licm -loop-unswitch -loop-unroll -gvn -sccp -loop-deletion -instcombine -adce -simplifycfg -loop-simplify"
cake3,nas-ft,cffts1,17.59666,1,"-reassociate -loop-simplify -indvars -licm -loop-unswitch -loop-unroll -gvn -sccp -loop-deletion -instcombine -adce -simplifycfg -loop-simplify"
cake3,nas-ft,cffts2,17.687382,1,"-reassociate -loop-simplify -indvars -licm -loop-unswitch -loop-unroll -gvn -sccp -loop-deletion -instcombine -adce -simplifycfg -loop-simplify"
cake3,nas-ft,compute_initial_conditions,17.27261,1,"-reassociate -loop-simplify -indvars -licm -loop-unswitch -loop-unroll -gvn -sccp -loop-deletion -instcombine -adce -simplifycfg -loop-simplify"
cake3,nas-ft,evolve,17.347236,1,"-reassociate -loop-simplify -indvars -licm -loop-unswitch -loop-unroll -gvn -sccp -loop-deletion -instcombine -adce -simplifycfg -loop-simplify"
cake3,nas-ft,compute_indexmap,17.294998,1,"-reassociate -loop-simplify -indvars -licm -loop-unswitch -loop-unroll -gvn -sccp -loop-deletion -instcombine -adce -simplifycfg -loop-simplify"
cake3,nas-ft,cffts3,17.655846,1,"-reassociate -loop-simplify -indvars -licm -loop-unswitch -loop-unroll -gvn -sccp -loop-deletion -instcombine -adce -simplifycfg -loop-simplify"
cake3,nas-ft,checksum,17.386953,1,"-reassociate -loop-simplify -indvars -licm -loop-unswitch -loop-unroll -gvn -sccp -loop-deletion -instcombine -adce -simplifycfg -loop-simplify"
cake3,nas-ft,init_ui,17.193387,1,"-reassociate -loop-simplify -indvars -licm -loop-unswitch -loop-unroll -gvn -sccp -loop-deletion -instcombine -adce -simplifycfg -loop-simplify"
cake3,nas-ft,cffts1,17.638857,1,"-reassociate -loop-simplify -indvars -licm -loop-unswitch -loop-unroll -gvn -sccp -loop-deletion -instcombine -adce -simplifycfg -loop-simplify"
cake3,nas-ft,cffts2,17.595402,1,"-reassociate -loop-simplify -indvars -licm -loop-unswitch -loop-unroll -gvn -sccp -loop-deletion -instcombine -adce -simplifycfg -loop-simplify"
cake3,nas-ft,compute_initial_conditions,17.317534,1,"-reassociate -loop-simplify -indvars -licm -loop-unswitch -loop-unroll -gvn -sccp -loop-deletion -instcombine -adce -simplifycfg -loop-simplify"
cake3,nas-ft,evolve,17.348161,1,"-reassociate -loop-simplify -indvars -licm -loop-unswitch -loop-unroll -gvn -sccp -loop-deletion -instcombine -adce -simplifycfg -loop-simplify"
cake3,nas-ft,compute_indexmap,17.291084,1,"-reassociate -loop-simplify -indvars -licm -loop-unswitch -loop-unroll -gvn -sccp -loop-deletion -instcombine -adce -simplifycfg -loop-simplify"
cake3,nas-ft,cffts3,17.704294,1,"-reassociate -loop-simplify -indvars -licm -loop-unswitch -loop-unroll -gvn -sccp -loop-deletion -instcombine -adce -simplifycfg -loop-simplify"
cake3,nas-ft,checksum,17.380479,1,"-reassociate -loop-simplify -indvars -licm -loop-unswitch -loop-unroll -gvn -sccp -loop-deletion -instcombine -adce -simplifycfg -loop-simplify"
cake3,nas-ft,init_ui,17.254786,1,"-reassociate -loop-simplify -indvars -licm -loop-unswitch -loop-unroll -gvn -sccp -loop-deletion -instcombine -adce -simplifycfg -loop-simplify"
cake3,nas-ft,cffts1,17.71861,1,"-reassociate -loop-simplify -indvars -licm -loop-unswitch -loop-unroll -gvn -sccp -loop-deletion -instcombine -adce -simplifycfg -loop-simplify"
cake3,nas-ft,cffts2,17.703593,1,"-reassociate -loop-simplify -indvars -licm -loop-unswitch -loop-unroll -gvn -sccp -loop-deletion -instcombine -adce -simplifycfg -loop-simplify"
cake3,nas-ft,compute_initial_conditions,17.247831,1,"-reassociate -loop-simplify -indvars -licm -loop-unswitch -loop-unroll -gvn -sccp -loop-deletion -instcombine -adce -simplifycfg -loop-simplify"
cake3,nas-ft,evolve,17.388844,1,"-reassociate -loop-simplify -indvars -licm -loop-unswitch -loop-unroll -gvn -sccp -loop-deletion -instcombine -adce -simplifycfg -loop-simplify"
cake3,nas-ft,compute_indexmap,17.309045,1,"-reassociate -loop-simplify -indvars -licm -loop-unswitch -loop-unroll -gvn -sccp -loop-deletion -instcombine -adce -simplifycfg -loop-simplify"
cake3,nas-ft,cffts3,17.679444,1,"-reassociate -loop-simplify -indvars -licm -loop-unswitch -loop-unroll -gvn -sccp -loop-deletion -instcombine -adce -simplifycfg -loop-simplify"
cake3,nas-ft,checksum,17.407507,1,"-reassociate -loop-simplify -indvars -licm -loop-unswitch -loop-unroll -gvn -sccp -loop-deletion -instcombine -adce -simplifycfg -loop-simplify"
cake3,nas-ft,init_ui,17.244244,1,"-reassociate -loop-simplify -indvars -licm -loop-unswitch -loop-unroll -gvn -sccp -loop-deletion -instcombine -adce -simplifycfg -loop-simplify"
cake3,nas-ft,cffts1,17.617905,1,"-reassociate -loop-simplify -indvars -licm -loop-unswitch -loop-unroll -gvn -sccp -loop-deletion -instcombine -adce -simplifycfg -loop-simplify"
cake3,nas-ft,cffts2,17.604462,1,"-reassociate -loop-simplify -indvars -licm -loop-unswitch -loop-unroll -gvn -sccp -loop-deletion -instcombine -adce -simplifycfg -loop-simplify"
cake3,nas-ft,compute_initial_conditions,17.343516,1,"-reassociate -loop-simplify -indvars -licm -loop-unswitch -loop-unroll -gvn -sccp -loop-deletion -instcombine -adce -simplifycfg -loop-simplify"
cake3,nas-ft,evolve,17.360607,1,"-reassociate -loop-simplify -indvars -licm -loop-unswitch -loop-unroll -gvn -sccp -loop-deletion -instcombine -adce -simplifycfg -loop-simplify"
cake3,nas-ft,compute_indexmap,17.317072,1,"-reassociate -loop-simplify -indvars -licm -loop-unswitch -loop-unroll -gvn -sccp -loop-deletion -instcombine -adce -simplifycfg -loop-simplify"
cake3,nas-ft,cffts3,17.593926,1,"-reassociate -loop-simplify -indvars -licm -loop-unswitch -loop-unroll -gvn -sccp -loop-deletion -instcombine -adce -simplifycfg -loop-simplify"
cake3,nas-ft,checksum,17.413257,1,"-reassociate -loop-simplify -indvars -licm -loop-unswitch -loop-unroll -gvn -sccp -loop-deletion -instcombine -adce -simplifycfg -loop-simplify"
cake3,nas-ft,init_ui,17.232114,1,"-reassociate -loop-simplify -indvars -licm -loop-unswitch -loop-unroll -gvn -sccp -loop-deletion -instcombine -adce -simplifycfg -loop-simplify"
cake3,nas-ft,cffts1,17.680546,1,"-reassociate -loop-simplify -indvars -licm -loop-unswitch -loop-unroll -gvn -sccp -loop-deletion -instcombine -adce -simplifycfg -loop-simplify"
cake3,nas-ft,cffts2,17.703939,1,"-reassociate -loop-simplify -indvars -licm -loop-unswitch -loop-unroll -gvn -sccp -loop-deletion -instcombine -adce -simplifycfg -loop-simplify"
cake3,nas-ft,compute_initial_conditions,17.287964,1,"-reassociate -loop-simplify -indvars -licm -loop-unswitch -loop-unroll -gvn -sccp -loop-deletion -instcombine -adce -simplifycfg -loop-simplify"
cake3,nas-ft,evolve,17.3488,1,"-reassociate -loop-simplify -indvars -licm -loop-unswitch -loop-unroll -gvn -sccp -loop-deletion -instcombine -adce -simplifycfg -loop-simplify"
cake3,nas-ft,compute_indexmap,17.27438,1,"-reassociate -loop-simplify -indvars -licm -loop-unswitch -loop-unroll -gvn -sccp -loop-deletion -instcombine -adce -simplifycfg -loop-simplify"
cake3,nas-ft,cffts3,17.685489,1,"-reassociate -loop-simplify -indvars -licm -loop-unswitch -loop-unroll -gvn -sccp -loop-deletion -instcombine -adce -simplifycfg -loop-simplify"
cake3,nas-ft,checksum,17.344724,1,"-reassociate -loop-simplify -indvars -licm -loop-unswitch -loop-unroll -gvn -sccp -loop-deletion -instcombine -adce -simplifycfg -loop-simplify"
cake3,nas-ft,init_ui,17.236744,1,"-reassociate -loop-simplify -indvars -licm -loop-unswitch -loop-unroll -gvn -sccp -loop-deletion -instcombine -adce -simplifycfg -loop-simplify"
cake3,nas-ft,cffts1,17.597474,1,"-reassociate -loop-simplify -indvars -licm -loop-unswitch -loop-unroll -gvn -sccp -loop-deletion -instcombine -adce -simplifycfg -loop-simplify"
cake3,nas-ft,cffts2,17.633709,1,"-reassociate -loop-simplify -indvars -licm -loop-unswitch -loop-unroll -gvn -sccp -loop-deletion -instcombine -adce -simplifycfg -loop-simplify"
cake3,nas-ft,compute_initial_conditions,17.317208,1,"-reassociate -loop-simplify -indvars -licm -loop-unswitch -loop-unroll -gvn -sccp -loop-deletion -instcombine -adce -simplifycfg -loop-simplify"
cake3,nas-ft,evolve,17.320767,1,"-reassociate -loop-simplify -indvars -licm -loop-unswitch -loop-unroll -gvn -sccp -loop-deletion -instcombine -adce -simplifycfg -loop-simplify"
cake3,nas-ft,compute_indexmap,17.276762,1,"-reassociate -loop-simplify -indvars -licm -loop-unswitch -loop-unroll -gvn -sccp -loop-deletion -instcombine -adce -simplifycfg -loop-simplify"
cake3,nas-ft,cffts3,17.678341,1,"-reassociate -loop-simplify -indvars -licm -loop-unswitch -loop-unroll -gvn -sccp -loop-deletion -instcombine -adce -simplifycfg -loop-simplify"
cake3,nas-ft,checksum,17.349189,1,"-reassociate -loop-simplify -indvars -licm -loop-unswitch -loop-unroll -gvn -sccp -loop-deletion -instcombine -adce -simplifycfg -loop-simplify"
cake3,nas-ft,init_ui,17.238318,1,"-reassociate -loop-simplify -indvars -licm -loop-unswitch -loop-unroll -gvn -sccp -loop-deletion -instcombine -adce -simplifycfg -loop-simplify"
cake3,nas-ft,cffts1,17.678399,1,"-reassociate -loop-simplify -indvars -licm -loop-unswitch -loop-unroll -gvn -sccp -loop-deletion -instcombine -adce -simplifycfg -loop-simplify"
cake3,nas-ft,cffts2,17.653806,1,"-reassociate -loop-simplify -indvars -licm -loop-unswitch -loop-unroll -gvn -sccp -loop-deletion -instcombine -adce -simplifycfg -loop-simplify"
