cake0,0,blur,blur_ver,1.141091,default
cake0,0,blur,blur_hor,1.097249,default
cake0,1,blur,blur_ver,1.176146,default
cake0,1,blur,blur_hor,1.138214,default
cake0,2,blur,blur_ver,1.190543,default
cake0,2,blur,blur_hor,1.16706,default
cake0,3,blur,blur_ver,1.23577,default
cake0,3,blur,blur_hor,1.061719,default
cake0,4,blur,blur_ver,1.156428,default
cake0,4,blur,blur_hor,1.122099,default
cake0,0,gaussian,Fan1,1.960671,default
cake0,0,gaussian,Fan2,4.814862,default
cake0,1,gaussian,Fan1,1.953693,default
cake0,1,gaussian,Fan2,4.812979,default
cake0,2,gaussian,Fan1,1.948009,default
cake0,2,gaussian,Fan2,4.818101,default
cake0,3,gaussian,Fan1,1.942273,default
cake0,3,gaussian,Fan2,4.806758,default
cake0,4,gaussian,Fan1,1.957598,default
cake0,4,gaussian,Fan2,4.828785,default
cake0,0,mandelbrot,mandelGPU,5.008335,default
cake0,1,mandelbrot,mandelGPU,5.014043,default
cake0,2,mandelbrot,mandelGPU,5.072684,default
cake0,3,mandelbrot,mandelGPU,5.028718,default
cake0,4,mandelbrot,mandelGPU,5.00856,default
cake0,0,mmul,fmma,4.18308,default
cake0,1,mmul,fmma,4.274578,default
cake0,2,mmul,fmma,4.369681,default
cake0,3,mmul,fmma,4.276244,default
cake0,4,mmul,fmma,4.325976,default
cake0,0,nas-cg,conj_grad_6,0.035418,default
cake0,0,nas-cg,main_0,0.004056,default
cake0,0,nas-cg,makea_1,0.004791,default
cake0,0,nas-cg,conj_grad_1,0.029309,default
cake0,0,nas-cg,conj_grad_0,0.028276,default
cake0,0,nas-cg,makea_2,0.00197,default
cake0,0,nas-cg,conj_grad_3,0.737845,default
cake0,0,nas-cg,makea_0,0.04226,default
cake0,0,nas-cg,makea_6,0.00978,default
cake0,0,nas-cg,main_3,0.027765,default
cake0,0,nas-cg,conj_grad_7,0.028867,default
cake0,0,nas-cg,init_mem_0,0.007314,default
cake0,0,nas-cg,main_2,0.002091,default
cake0,0,nas-cg,main_4,0.030338,default
cake0,0,nas-cg,makea_5,0.002034,default
cake0,0,nas-cg,conj_grad_5,0.711613999999999,default
cake0,0,nas-cg,makea_4,0.00196,default
cake0,0,nas-cg,conj_grad_4,0.708989,default
cake0,0,nas-cg,makea_7,0.00214,default
cake0,0,nas-cg,makea_3,0.067889,default
cake0,0,nas-cg,main_1,0.003896,default
cake0,0,nas-cg,conj_grad_2,0.87189,default
cake0,0,nas-cg,init_mem_1,0.012267,default
cake0,1,nas-cg,conj_grad_6,0.034686,default
cake0,1,nas-cg,main_0,0.004038,default
cake0,1,nas-cg,makea_1,0.004247,default
cake0,1,nas-cg,conj_grad_1,0.029164,default
cake0,1,nas-cg,conj_grad_0,0.028739,default
cake0,1,nas-cg,makea_2,0.001996,default
cake0,1,nas-cg,conj_grad_3,0.738862999999999,default
cake0,1,nas-cg,makea_0,0.035719,default
cake0,1,nas-cg,makea_6,0.009379,default
cake0,1,nas-cg,main_3,0.028484,default
cake0,1,nas-cg,conj_grad_7,0.028868,default
cake0,1,nas-cg,init_mem_0,0.007292,default
cake0,1,nas-cg,main_2,0.00193,default
cake0,1,nas-cg,main_4,0.029426,default
cake0,1,nas-cg,makea_5,0.002042,default
cake0,1,nas-cg,conj_grad_5,0.709065,default
cake0,1,nas-cg,makea_4,0.001931,default
cake0,1,nas-cg,conj_grad_4,0.714952,default
cake0,1,nas-cg,makea_7,0.001879,default
cake0,1,nas-cg,makea_3,0.061285,default
cake0,1,nas-cg,main_1,0.003949,default
cake0,1,nas-cg,conj_grad_2,0.883731,default
cake0,1,nas-cg,init_mem_1,0.011334,default
cake0,2,nas-cg,conj_grad_6,0.035375,default
cake0,2,nas-cg,main_0,0.004079,default
cake0,2,nas-cg,makea_1,0.003837,default
cake0,2,nas-cg,conj_grad_1,0.029742,default
cake0,2,nas-cg,conj_grad_0,0.028552,default
cake0,2,nas-cg,makea_2,0.002058,default
cake0,2,nas-cg,conj_grad_3,0.744086,default
cake0,2,nas-cg,makea_0,0.037321,default
cake0,2,nas-cg,makea_6,0.009729,default
cake0,2,nas-cg,main_3,0.028295,default
cake0,2,nas-cg,conj_grad_7,0.028945,default
cake0,2,nas-cg,init_mem_0,0.007813,default
cake0,2,nas-cg,main_2,0.001978,default
cake0,2,nas-cg,main_4,0.029825,default
cake0,2,nas-cg,makea_5,0.002145,default
cake0,2,nas-cg,conj_grad_5,0.729499,default
cake0,2,nas-cg,makea_4,0.002011,default
cake0,2,nas-cg,conj_grad_4,0.715621,default
cake0,2,nas-cg,makea_7,0.001997,default
cake0,2,nas-cg,makea_3,0.051314,default
cake0,2,nas-cg,main_1,0.004079,default
cake0,2,nas-cg,conj_grad_2,0.875704,default
cake0,2,nas-cg,init_mem_1,0.011841,default
cake0,3,nas-cg,conj_grad_6,0.034778,default
cake0,3,nas-cg,main_0,0.00413,default
cake0,3,nas-cg,makea_1,0.004136,default
cake0,3,nas-cg,conj_grad_1,0.028604,default
cake0,3,nas-cg,conj_grad_0,0.028365,default
cake0,3,nas-cg,makea_2,0.002101,default
cake0,3,nas-cg,conj_grad_3,0.733141,default
cake0,3,nas-cg,makea_0,0.036381,default
cake0,3,nas-cg,makea_6,0.009353,default
cake0,3,nas-cg,main_3,0.028472,default
cake0,3,nas-cg,conj_grad_7,0.028914,default
cake0,3,nas-cg,init_mem_0,0.007193,default
cake0,3,nas-cg,main_2,0.001941,default
cake0,3,nas-cg,main_4,0.028628,default
cake0,3,nas-cg,makea_5,0.002043,default
cake0,3,nas-cg,conj_grad_5,0.714323,default
cake0,3,nas-cg,makea_4,0.002024,default
cake0,3,nas-cg,conj_grad_4,0.701193,default
cake0,3,nas-cg,makea_7,0.002026,default
cake0,3,nas-cg,makea_3,0.055479,default
cake0,3,nas-cg,main_1,0.004147,default
cake0,3,nas-cg,conj_grad_2,0.868684,default
cake0,3,nas-cg,init_mem_1,0.011699,default
cake0,4,nas-cg,conj_grad_6,0.035295,default
cake0,4,nas-cg,main_0,0.003952,default
cake0,4,nas-cg,makea_1,0.004148,default
cake0,4,nas-cg,conj_grad_1,0.029865,default
cake0,4,nas-cg,conj_grad_0,0.028581,default
cake0,4,nas-cg,makea_2,0.002018,default
cake0,4,nas-cg,conj_grad_3,0.727069,default
cake0,4,nas-cg,makea_0,0.036303,default
cake0,4,nas-cg,makea_6,0.009313,default
cake0,4,nas-cg,main_3,0.028292,default
cake0,4,nas-cg,conj_grad_7,0.02857,default
cake0,4,nas-cg,init_mem_0,0.007581,default
cake0,4,nas-cg,main_2,0.001982,default
cake0,4,nas-cg,main_4,0.030133,default
cake0,4,nas-cg,makea_5,0.003485,default
cake0,4,nas-cg,conj_grad_5,0.713406,default
cake0,4,nas-cg,makea_4,0.001928,default
cake0,4,nas-cg,conj_grad_4,0.702461,default
cake0,4,nas-cg,makea_7,0.001929,default
cake0,4,nas-cg,makea_3,0.059576,default
cake0,4,nas-cg,main_1,0.003953,default
cake0,4,nas-cg,conj_grad_2,0.874785,default
cake0,4,nas-cg,init_mem_1,0.012297,default
cake0,0,nas-ep,embar,6.857717,default
cake0,1,nas-ep,embar,7.07471,default
cake0,2,nas-ep,embar,6.986517,default
cake0,3,nas-ep,embar,6.889334,default
cake0,4,nas-ep,embar,6.947596,default
cake0,0,nas-ft,compute_initial_conditions,0.830695,default
cake0,0,nas-ft,evolve,3.836714,default
cake0,0,nas-ft,compute_indexmap,0.874658,default
cake0,0,nas-ft,cffts3,8.216251,default
cake0,0,nas-ft,checksum,0.039109,default
cake0,0,nas-ft,init_ui,0.257965,default
cake0,0,nas-ft,cffts1,12.776336,default
cake0,0,nas-ft,cffts2,7.694807,default
cake0,1,nas-ft,compute_initial_conditions,0.816818,default
cake0,1,nas-ft,evolve,3.775538,default
cake0,1,nas-ft,compute_indexmap,0.871704,default
cake0,1,nas-ft,cffts3,8.169246,default
cake0,1,nas-ft,checksum,0.039029,default
cake0,1,nas-ft,init_ui,0.257271,default
cake0,1,nas-ft,cffts1,12.760521,default
cake0,1,nas-ft,cffts2,7.725585,default
cake0,2,nas-ft,compute_initial_conditions,0.843979,default
cake0,2,nas-ft,evolve,3.689551,default
cake0,2,nas-ft,compute_indexmap,0.881019,default
cake0,2,nas-ft,cffts3,8.196568,default
cake0,2,nas-ft,checksum,0.040378,default
cake0,2,nas-ft,init_ui,0.254686,default
cake0,2,nas-ft,cffts1,12.755825,default
cake0,2,nas-ft,cffts2,7.654786,default
cake0,3,nas-ft,compute_initial_conditions,0.814035,default
cake0,3,nas-ft,evolve,3.641397,default
cake0,3,nas-ft,compute_indexmap,0.869821,default
cake0,3,nas-ft,cffts3,8.191906,default
cake0,3,nas-ft,checksum,0.039881,default
cake0,3,nas-ft,init_ui,0.252775,default
cake0,3,nas-ft,cffts1,12.774584,default
cake0,3,nas-ft,cffts2,7.660329,default
cake0,4,nas-ft,compute_initial_conditions,0.790965,default
cake0,4,nas-ft,evolve,3.60963,default
cake0,4,nas-ft,compute_indexmap,0.870154,default
cake0,4,nas-ft,cffts3,8.163119,default
cake0,4,nas-ft,checksum,0.040042,default
cake0,4,nas-ft,init_ui,0.276039,default
cake0,4,nas-ft,cffts1,12.801967,default
cake0,4,nas-ft,cffts2,7.711798,default
cake0,0,nas-is,rank2,1.34947,default
cake0,0,nas-is,full_verify1,0.057389,default
cake0,0,nas-is,rank3,0.254417,default
cake0,0,nas-is,rank4,0.000964,default
cake0,0,nas-is,full_verify2,0.018593,default
cake0,0,nas-is,rank0,0.000784,default
cake0,0,nas-is,rank1,0.248436,default
cake0,0,nas-is,create_seq,0.812569,default
cake0,1,nas-is,rank2,1.33082,default
cake0,1,nas-is,full_verify1,0.063135,default
cake0,1,nas-is,rank3,0.26417,default
cake0,1,nas-is,rank4,0.000939,default
cake0,1,nas-is,full_verify2,0.025559,default
cake0,1,nas-is,rank0,0.000773,default
cake0,1,nas-is,rank1,0.241718,default
cake0,1,nas-is,create_seq,0.805742,default
cake0,2,nas-is,rank2,1.292011,default
cake0,2,nas-is,full_verify1,0.057302,default
cake0,2,nas-is,rank3,0.26788,default
cake0,2,nas-is,rank4,0.000976,default
cake0,2,nas-is,full_verify2,0.020937,default
cake0,2,nas-is,rank0,0.000768,default
cake0,2,nas-is,rank1,0.230985,default
cake0,2,nas-is,create_seq,0.759124,default
cake0,3,nas-is,rank2,1.33187,default
cake0,3,nas-is,full_verify1,0.063663,default
cake0,3,nas-is,rank3,0.273509,default
cake0,3,nas-is,rank4,0.000956,default
cake0,3,nas-is,full_verify2,0.024837,default
cake0,3,nas-is,rank0,0.000811,default
cake0,3,nas-is,rank1,0.261661,default
cake0,3,nas-is,create_seq,0.8018,default
cake0,4,nas-is,rank2,1.322115,default
cake0,4,nas-is,full_verify1,0.060626,default
cake0,4,nas-is,rank3,0.260536,default
cake0,4,nas-is,rank4,0.000944,default
cake0,4,nas-is,full_verify2,0.020224,default
cake0,4,nas-is,rank0,0.000728,default
cake0,4,nas-is,rank1,0.2278,default
cake0,4,nas-is,create_seq,0.786244,default
cake0,0,nas-sp,error_norm,0.000777,default
cake0,0,nas-sp,compute_rhs4,0.009868,default
cake0,0,nas-sp,ninvr,0.004736,default
cake0,0,nas-sp,initialize2,0.001462,default
cake0,0,nas-sp,add,0.004989,default
cake0,0,nas-sp,tzetar,0.006136,default
cake0,0,nas-sp,exact_rhs5,0.00012,default
cake0,0,nas-sp,compute_rhs3,0.008932,default
cake0,0,nas-sp,z_solve,0.017492,default
cake0,0,nas-sp,x_solve,0.016851,default
cake0,0,nas-sp,txinvr,0.00551,default
cake0,0,nas-sp,initialize4,0.000269,default
cake0,0,nas-sp,rhs_norm,0.000383,default
cake0,0,nas-sp,exact_rhs3,0.000403,default
cake0,0,nas-sp,compute_rhs5,0.011643,default
cake0,0,nas-sp,exact_rhs2,0.000421,default
cake0,0,nas-sp,initialize3,0.0003,default
cake0,0,nas-sp,compute_rhs2,0.005746,default
cake0,0,nas-sp,compute_rhs6,0.004812,default
cake0,0,nas-sp,y_solve,0.0167,default
cake0,0,nas-sp,exact_rhs1,0.000211,default
cake0,0,nas-sp,pinvr,0.00469,default
cake0,0,nas-sp,exact_rhs4,0.000396,default
cake0,0,nas-sp,compute_rhs1,0.00823200000000001,default
cake0,0,nas-sp,initialize5,0.000169,default
cake0,0,nas-sp,initialize1,0.000277,default
cake0,1,nas-sp,error_norm,0.000679,default
cake0,1,nas-sp,compute_rhs4,0.009668,default
cake0,1,nas-sp,ninvr,0.004809,default
cake0,1,nas-sp,initialize2,0.001461,default
cake0,1,nas-sp,add,0.005062,default
cake0,1,nas-sp,tzetar,0.006261,default
cake0,1,nas-sp,exact_rhs5,0.000134,default
cake0,1,nas-sp,compute_rhs3,0.008822,default
cake0,1,nas-sp,z_solve,0.017605,default
cake0,1,nas-sp,x_solve,0.01615,default
cake0,1,nas-sp,txinvr,0.005544,default
cake0,1,nas-sp,initialize4,0.000267,default
cake0,1,nas-sp,rhs_norm,0.000272,default
cake0,1,nas-sp,exact_rhs3,0.000408,default
cake0,1,nas-sp,compute_rhs5,0.01166,default
cake0,1,nas-sp,exact_rhs2,0.000453,default
cake0,1,nas-sp,initialize3,0.000289,default
cake0,1,nas-sp,compute_rhs2,0.005588,default
cake0,1,nas-sp,compute_rhs6,0.004706,default
cake0,1,nas-sp,y_solve,0.016551,default
cake0,1,nas-sp,exact_rhs1,0.000199,default
cake0,1,nas-sp,pinvr,0.004766,default
cake0,1,nas-sp,exact_rhs4,0.000415,default
cake0,1,nas-sp,compute_rhs1,0.00847300000000001,default
cake0,1,nas-sp,initialize5,0.000167,default
cake0,1,nas-sp,initialize1,0.000288,default
cake0,2,nas-sp,error_norm,0.000769,default
cake0,2,nas-sp,compute_rhs4,0.00972,default
cake0,2,nas-sp,ninvr,0.004729,default
cake0,2,nas-sp,initialize2,0.001433,default
cake0,2,nas-sp,add,0.005001,default
cake0,2,nas-sp,tzetar,0.006073,default
cake0,2,nas-sp,exact_rhs5,0.000137,default
cake0,2,nas-sp,compute_rhs3,0.008883,default
cake0,2,nas-sp,z_solve,0.017435,default
cake0,2,nas-sp,x_solve,0.016301,default
cake0,2,nas-sp,txinvr,0.005551,default
cake0,2,nas-sp,initialize4,0.000276,default
cake0,2,nas-sp,rhs_norm,0.000285,default
cake0,2,nas-sp,exact_rhs3,0.000385,default
cake0,2,nas-sp,compute_rhs5,0.011679,default
cake0,2,nas-sp,exact_rhs2,0.000408,default
cake0,2,nas-sp,initialize3,0.000297,default
cake0,2,nas-sp,compute_rhs2,0.005646,default
cake0,2,nas-sp,compute_rhs6,0.004634,default
cake0,2,nas-sp,y_solve,0.016254,default
cake0,2,nas-sp,exact_rhs1,0.000206,default
cake0,2,nas-sp,pinvr,0.004689,default
cake0,2,nas-sp,exact_rhs4,0.000465,default
cake0,2,nas-sp,compute_rhs1,0.00819200000000001,default
cake0,2,nas-sp,initialize5,0.000198,default
cake0,2,nas-sp,initialize1,0.000284,default
cake0,3,nas-sp,error_norm,0.00074,default
cake0,3,nas-sp,compute_rhs4,0.010077,default
cake0,3,nas-sp,ninvr,0.004688,default
cake0,3,nas-sp,initialize2,0.00143,default
cake0,3,nas-sp,add,0.005066,default
cake0,3,nas-sp,tzetar,0.006232,default
cake0,3,nas-sp,exact_rhs5,0.00012,default
cake0,3,nas-sp,compute_rhs3,0.009153,default
cake0,3,nas-sp,z_solve,0.01751,default
cake0,3,nas-sp,x_solve,0.016061,default
cake0,3,nas-sp,txinvr,0.00545,default
cake0,3,nas-sp,initialize4,0.000266,default
cake0,3,nas-sp,rhs_norm,0.000271,default
cake0,3,nas-sp,exact_rhs3,0.000409,default
cake0,3,nas-sp,compute_rhs5,0.011664,default
cake0,3,nas-sp,exact_rhs2,0.000392,default
cake0,3,nas-sp,initialize3,0.000293,default
cake0,3,nas-sp,compute_rhs2,0.005763,default
cake0,3,nas-sp,compute_rhs6,0.004678,default
cake0,3,nas-sp,y_solve,0.016473,default
cake0,3,nas-sp,exact_rhs1,0.000207,default
cake0,3,nas-sp,pinvr,0.004696,default
cake0,3,nas-sp,exact_rhs4,0.000398,default
cake0,3,nas-sp,compute_rhs1,0.008316,default
cake0,3,nas-sp,initialize5,0.000172,default
cake0,3,nas-sp,initialize1,0.000273,default
cake0,4,nas-sp,error_norm,0.000754,default
cake0,4,nas-sp,compute_rhs4,0.009689,default
cake0,4,nas-sp,ninvr,0.004756,default
cake0,4,nas-sp,initialize2,0.001455,default
cake0,4,nas-sp,add,0.004827,default
cake0,4,nas-sp,tzetar,0.006178,default
cake0,4,nas-sp,exact_rhs5,0.000128,default
cake0,4,nas-sp,compute_rhs3,0.008782,default
cake0,4,nas-sp,z_solve,0.017811,default
cake0,4,nas-sp,x_solve,0.01631,default
cake0,4,nas-sp,txinvr,0.0057,default
cake0,4,nas-sp,initialize4,0.000267,default
cake0,4,nas-sp,rhs_norm,0.000276,default
cake0,4,nas-sp,exact_rhs3,0.000411,default
cake0,4,nas-sp,compute_rhs5,0.011391,default
cake0,4,nas-sp,exact_rhs2,0.000387,default
cake0,4,nas-sp,initialize3,0.000285,default
cake0,4,nas-sp,compute_rhs2,0.005789,default
cake0,4,nas-sp,compute_rhs6,0.004837,default
cake0,4,nas-sp,y_solve,0.016811,default
cake0,4,nas-sp,exact_rhs1,0.0002,default
cake0,4,nas-sp,pinvr,0.00476,default
cake0,4,nas-sp,exact_rhs4,0.00044,default
cake0,4,nas-sp,compute_rhs1,0.008352,default
cake0,4,nas-sp,initialize5,0.000179,default
cake0,4,nas-sp,initialize1,0.000285,default
cake0,0,particlefilter,find_index_kernel,0.499238,default
cake0,0,particlefilter,normalize_weights_kernel,0.063636,default
cake0,0,particlefilter,likelihood_kernel,1.328281,default
cake0,0,particlefilter,sum_kernel,0.017614,default
cake0,1,particlefilter,find_index_kernel,0.515552,default
cake0,1,particlefilter,normalize_weights_kernel,0.064171,default
cake0,1,particlefilter,likelihood_kernel,1.32129,default
cake0,1,particlefilter,sum_kernel,0.017287,default
cake0,2,particlefilter,find_index_kernel,0.514351,default
cake0,2,particlefilter,normalize_weights_kernel,0.063984,default
cake0,2,particlefilter,likelihood_kernel,1.275819,default
cake0,2,particlefilter,sum_kernel,0.018517,default
cake0,3,particlefilter,find_index_kernel,0.493576,default
cake0,3,particlefilter,normalize_weights_kernel,0.066687,default
cake0,3,particlefilter,likelihood_kernel,1.36257,default
cake0,3,particlefilter,sum_kernel,0.01873,default
cake0,4,particlefilter,find_index_kernel,0.495495,default
cake0,4,particlefilter,normalize_weights_kernel,0.065898,default
cake0,4,particlefilter,likelihood_kernel,1.28815,default
cake0,4,particlefilter,sum_kernel,0.019193,default
cake1,0,blur,blur_ver,1.737639,unroll
cake1,0,blur,blur_hor,1.619095,unroll
cake1,1,blur,blur_ver,1.762565,unroll
cake1,1,blur,blur_hor,1.542338,unroll
cake1,2,blur,blur_ver,1.790809,unroll
cake1,2,blur,blur_hor,1.607202,unroll
cake1,3,blur,blur_ver,1.750725,unroll
cake1,3,blur,blur_hor,1.613431,unroll
cake1,4,blur,blur_ver,1.753159,unroll
cake1,4,blur,blur_hor,1.610548,unroll
cake1,0,gaussian,Fan1,1.940587,unroll
cake1,0,gaussian,Fan2,4.275672,unroll
cake1,1,gaussian,Fan1,1.930067,unroll
cake1,1,gaussian,Fan2,4.248034,unroll
cake1,2,gaussian,Fan1,1.939976,unroll
cake1,2,gaussian,Fan2,4.390151,unroll
cake1,3,gaussian,Fan1,1.946272,unroll
cake1,3,gaussian,Fan2,4.24186200000001,unroll
cake1,4,gaussian,Fan1,1.955115,unroll
cake1,4,gaussian,Fan2,4.36666499999999,unroll
cake1,0,mandelbrot,mandelGPU,5.024552,unroll
cake1,1,mandelbrot,mandelGPU,4.988145,unroll
cake1,2,mandelbrot,mandelGPU,5.012467,unroll
cake1,3,mandelbrot,mandelGPU,5.047907,unroll
cake1,4,mandelbrot,mandelGPU,5.038126,unroll
cake1,0,mmul,fmma,5.061192,unroll
cake1,1,mmul,fmma,5.1151,unroll
cake1,2,mmul,fmma,4.809614,unroll
cake1,3,mmul,fmma,5.076855,unroll
cake1,4,mmul,fmma,5.024575,unroll
cake1,0,nas-cg,conj_grad_6,0.033799,unroll
cake1,0,nas-cg,main_0,0.004061,unroll
cake1,0,nas-cg,makea_1,0.003799,unroll
cake1,0,nas-cg,conj_grad_1,0.02943,unroll
cake1,0,nas-cg,conj_grad_0,0.029479,unroll
cake1,0,nas-cg,makea_2,0.002345,unroll
cake1,0,nas-cg,conj_grad_3,0.722652,unroll
cake1,0,nas-cg,makea_0,0.044144,unroll
cake1,0,nas-cg,makea_6,0.009071,unroll
cake1,0,nas-cg,main_3,0.028512,unroll
cake1,0,nas-cg,conj_grad_7,0.028937,unroll
cake1,0,nas-cg,init_mem_0,0.008268,unroll
cake1,0,nas-cg,main_2,0.002096,unroll
cake1,0,nas-cg,main_4,0.030984,unroll
cake1,0,nas-cg,makea_5,0.002021,unroll
cake1,0,nas-cg,conj_grad_5,0.717525,unroll
cake1,0,nas-cg,makea_4,0.001943,unroll
cake1,0,nas-cg,conj_grad_4,0.702732,unroll
cake1,0,nas-cg,makea_7,0.002061,unroll
cake1,0,nas-cg,makea_3,0.061375,unroll
cake1,0,nas-cg,main_1,0.004029,unroll
cake1,0,nas-cg,conj_grad_2,0.853143000000001,unroll
cake1,0,nas-cg,init_mem_1,0.011692,unroll
cake1,1,nas-cg,conj_grad_6,0.034814,unroll
cake1,1,nas-cg,main_0,0.004031,unroll
cake1,1,nas-cg,makea_1,0.004072,unroll
cake1,1,nas-cg,conj_grad_1,0.029903,unroll
cake1,1,nas-cg,conj_grad_0,0.028181,unroll
cake1,1,nas-cg,makea_2,0.002049,unroll
cake1,1,nas-cg,conj_grad_3,0.740558,unroll
cake1,1,nas-cg,makea_0,0.042181,unroll
cake1,1,nas-cg,makea_6,0.009254,unroll
cake1,1,nas-cg,main_3,0.028639,unroll
cake1,1,nas-cg,conj_grad_7,0.028673,unroll
cake1,1,nas-cg,init_mem_0,0.007407,unroll
cake1,1,nas-cg,main_2,0.001896,unroll
cake1,1,nas-cg,main_4,0.02954,unroll
cake1,1,nas-cg,makea_5,0.002125,unroll
cake1,1,nas-cg,conj_grad_5,0.732494,unroll
cake1,1,nas-cg,makea_4,0.002045,unroll
cake1,1,nas-cg,conj_grad_4,0.719917,unroll
cake1,1,nas-cg,makea_7,0.002145,unroll
cake1,1,nas-cg,makea_3,0.060265,unroll
cake1,1,nas-cg,main_1,0.003795,unroll
cake1,1,nas-cg,conj_grad_2,0.865159,unroll
cake1,1,nas-cg,init_mem_1,0.011841,unroll
cake1,2,nas-cg,conj_grad_6,0.033593,unroll
cake1,2,nas-cg,main_0,0.004017,unroll
cake1,2,nas-cg,makea_1,0.004198,unroll
cake1,2,nas-cg,conj_grad_1,0.028802,unroll
cake1,2,nas-cg,conj_grad_0,0.028422,unroll
cake1,2,nas-cg,makea_2,0.002068,unroll
cake1,2,nas-cg,conj_grad_3,0.720182999999999,unroll
cake1,2,nas-cg,makea_0,0.036877,unroll
cake1,2,nas-cg,makea_6,0.009262,unroll
cake1,2,nas-cg,main_3,0.028045,unroll
cake1,2,nas-cg,conj_grad_7,0.027929,unroll
cake1,2,nas-cg,init_mem_0,0.007529,unroll
cake1,2,nas-cg,main_2,0.001889,unroll
cake1,2,nas-cg,main_4,0.029024,unroll
cake1,2,nas-cg,makea_5,0.002023,unroll
cake1,2,nas-cg,conj_grad_5,0.708141,unroll
cake1,2,nas-cg,makea_4,0.002007,unroll
cake1,2,nas-cg,conj_grad_4,0.705905,unroll
cake1,2,nas-cg,makea_7,0.001926,unroll
cake1,2,nas-cg,makea_3,0.058807,unroll
cake1,2,nas-cg,main_1,0.00388,unroll
cake1,2,nas-cg,conj_grad_2,0.853478000000001,unroll
cake1,2,nas-cg,init_mem_1,0.011643,unroll
cake1,3,nas-cg,conj_grad_6,0.034821,unroll
cake1,3,nas-cg,main_0,0.004153,unroll
cake1,3,nas-cg,makea_1,0.005136,unroll
cake1,3,nas-cg,conj_grad_1,0.029867,unroll
cake1,3,nas-cg,conj_grad_0,0.028195,unroll
cake1,3,nas-cg,makea_2,0.002127,unroll
cake1,3,nas-cg,conj_grad_3,0.722731999999999,unroll
cake1,3,nas-cg,makea_0,0.039728,unroll
cake1,3,nas-cg,makea_6,0.009253,unroll
cake1,3,nas-cg,main_3,0.028421,unroll
cake1,3,nas-cg,conj_grad_7,0.028647,unroll
cake1,3,nas-cg,init_mem_0,0.007504,unroll
cake1,3,nas-cg,main_2,0.001926,unroll
cake1,3,nas-cg,main_4,0.028791,unroll
cake1,3,nas-cg,makea_5,0.002155,unroll
cake1,3,nas-cg,conj_grad_5,0.716591,unroll
cake1,3,nas-cg,makea_4,0.002002,unroll
cake1,3,nas-cg,conj_grad_4,0.708382,unroll
cake1,3,nas-cg,makea_7,0.001858,unroll
cake1,3,nas-cg,makea_3,0.059725,unroll
cake1,3,nas-cg,main_1,0.003878,unroll
cake1,3,nas-cg,conj_grad_2,0.856771,unroll
cake1,3,nas-cg,init_mem_1,0.011908,unroll
cake1,4,nas-cg,conj_grad_6,0.035132,unroll
cake1,4,nas-cg,main_0,0.004139,unroll
cake1,4,nas-cg,makea_1,0.004004,unroll
cake1,4,nas-cg,conj_grad_1,0.029166,unroll
cake1,4,nas-cg,conj_grad_0,0.028037,unroll
cake1,4,nas-cg,makea_2,0.002084,unroll
cake1,4,nas-cg,conj_grad_3,0.722139000000001,unroll
cake1,4,nas-cg,makea_0,0.050848,unroll
cake1,4,nas-cg,makea_6,0.009484,unroll
cake1,4,nas-cg,main_3,0.029934,unroll
cake1,4,nas-cg,conj_grad_7,0.029099,unroll
cake1,4,nas-cg,init_mem_0,0.007441,unroll
cake1,4,nas-cg,main_2,0.001993,unroll
cake1,4,nas-cg,main_4,0.028892,unroll
cake1,4,nas-cg,makea_5,0.002166,unroll
cake1,4,nas-cg,conj_grad_5,0.709447,unroll
cake1,4,nas-cg,makea_4,0.002095,unroll
cake1,4,nas-cg,conj_grad_4,0.710713,unroll
cake1,4,nas-cg,makea_7,0.001884,unroll
cake1,4,nas-cg,makea_3,0.058069,unroll
cake1,4,nas-cg,main_1,0.003951,unroll
cake1,4,nas-cg,conj_grad_2,0.863387,unroll
cake1,4,nas-cg,init_mem_1,0.012098,unroll
cake1,0,nas-ep,embar,5.150866,unroll
cake1,1,nas-ep,embar,5.124043,unroll
cake1,2,nas-ep,embar,5.157056,unroll
cake1,3,nas-ep,embar,4.796203,unroll
cake1,4,nas-ep,embar,4.77656,unroll
cake1,0,nas-ft,compute_initial_conditions,0.821846,unroll
cake1,0,nas-ft,evolve,3.643267,unroll
cake1,0,nas-ft,compute_indexmap,0.869935,unroll
cake1,0,nas-ft,cffts3,8.711271,unroll
cake1,0,nas-ft,checksum,0.041334,unroll
cake1,0,nas-ft,init_ui,0.251243,unroll
cake1,0,nas-ft,cffts1,12.346212,unroll
cake1,0,nas-ft,cffts2,8.237108,unroll
cake1,1,nas-ft,compute_initial_conditions,0.821862,unroll
cake1,1,nas-ft,evolve,3.591856,unroll
cake1,1,nas-ft,compute_indexmap,0.867189,unroll
cake1,1,nas-ft,cffts3,8.689691,unroll
cake1,1,nas-ft,checksum,0.038356,unroll
cake1,1,nas-ft,init_ui,0.251763,unroll
cake1,1,nas-ft,cffts1,12.36395,unroll
cake1,1,nas-ft,cffts2,8.191378,unroll
cake1,2,nas-ft,compute_initial_conditions,0.823427,unroll
cake1,2,nas-ft,evolve,3.546638,unroll
cake1,2,nas-ft,compute_indexmap,0.872085,unroll
cake1,2,nas-ft,cffts3,8.702637,unroll
cake1,2,nas-ft,checksum,0.03859,unroll
cake1,2,nas-ft,init_ui,0.248618,unroll
cake1,2,nas-ft,cffts1,12.345289,unroll
cake1,2,nas-ft,cffts2,8.21813,unroll
cake1,3,nas-ft,compute_initial_conditions,0.80221,unroll
cake1,3,nas-ft,evolve,3.584153,unroll
cake1,3,nas-ft,compute_indexmap,0.870465,unroll
cake1,3,nas-ft,cffts3,8.658085,unroll
cake1,3,nas-ft,checksum,0.039914,unroll
cake1,3,nas-ft,init_ui,0.249848,unroll
cake1,3,nas-ft,cffts1,12.342697,unroll
cake1,3,nas-ft,cffts2,8.244783,unroll
cake1,4,nas-ft,compute_initial_conditions,0.846119,unroll
cake1,4,nas-ft,evolve,3.510875,unroll
cake1,4,nas-ft,compute_indexmap,0.871808,unroll
cake1,4,nas-ft,cffts3,8.710632,unroll
cake1,4,nas-ft,checksum,0.039747,unroll
cake1,4,nas-ft,init_ui,0.242788,unroll
cake1,4,nas-ft,cffts1,12.409323,unroll
cake1,4,nas-ft,cffts2,8.305289,unroll
cake1,0,nas-is,rank2,1.306071,unroll
cake1,0,nas-is,full_verify1,0.06317,unroll
cake1,0,nas-is,rank3,0.250876,unroll
cake1,0,nas-is,rank4,0.001016,unroll
cake1,0,nas-is,full_verify2,0.018677,unroll
cake1,0,nas-is,rank0,0.00086,unroll
cake1,0,nas-is,rank1,0.231771,unroll
cake1,0,nas-is,create_seq,0.725834,unroll
cake1,1,nas-is,rank2,1.322699,unroll
cake1,1,nas-is,full_verify1,0.053409,unroll
cake1,1,nas-is,rank3,0.245441,unroll
cake1,1,nas-is,rank4,0.000961,unroll
cake1,1,nas-is,full_verify2,0.018015,unroll
cake1,1,nas-is,rank0,0.000797,unroll
cake1,1,nas-is,rank1,0.22954,unroll
cake1,1,nas-is,create_seq,0.821699,unroll
cake1,2,nas-is,rank2,1.297856,unroll
cake1,2,nas-is,full_verify1,0.057695,unroll
cake1,2,nas-is,rank3,0.252128,unroll
cake1,2,nas-is,rank4,0.00098,unroll
cake1,2,nas-is,full_verify2,0.016797,unroll
cake1,2,nas-is,rank0,0.000769,unroll
cake1,2,nas-is,rank1,0.231786,unroll
cake1,2,nas-is,create_seq,0.794714,unroll
cake1,3,nas-is,rank2,1.294736,unroll
cake1,3,nas-is,full_verify1,0.062194,unroll
cake1,3,nas-is,rank3,0.249398,unroll
cake1,3,nas-is,rank4,0.000962,unroll
cake1,3,nas-is,full_verify2,0.022436,unroll
cake1,3,nas-is,rank0,0.000896,unroll
cake1,3,nas-is,rank1,0.240456,unroll
cake1,3,nas-is,create_seq,0.797744,unroll
cake1,4,nas-is,rank2,1.307513,unroll
cake1,4,nas-is,full_verify1,0.062411,unroll
cake1,4,nas-is,rank3,0.252741,unroll
cake1,4,nas-is,rank4,0.000904,unroll
cake1,4,nas-is,full_verify2,0.020361,unroll
cake1,4,nas-is,rank0,0.000819,unroll
cake1,4,nas-is,rank1,0.234008,unroll
cake1,4,nas-is,create_seq,0.807076,unroll
cake1,0,nas-sp,error_norm,0.000646,unroll
cake1,0,nas-sp,compute_rhs4,0.009991,unroll
cake1,0,nas-sp,ninvr,0.004805,unroll
cake1,0,nas-sp,initialize2,0.001523,unroll
cake1,0,nas-sp,add,0.00491,unroll
cake1,0,nas-sp,tzetar,0.006329,unroll
cake1,0,nas-sp,exact_rhs5,0.000147,unroll
cake1,0,nas-sp,compute_rhs3,0.008895,unroll
cake1,0,nas-sp,z_solve,0.016815,unroll
cake1,0,nas-sp,x_solve,0.016023,unroll
cake1,0,nas-sp,txinvr,0.005532,unroll
cake1,0,nas-sp,initialize4,0.000268,unroll
cake1,0,nas-sp,rhs_norm,0.000285,unroll
cake1,0,nas-sp,exact_rhs3,0.000401,unroll
cake1,0,nas-sp,compute_rhs5,0.011455,unroll
cake1,0,nas-sp,exact_rhs2,0.000406,unroll
cake1,0,nas-sp,initialize3,0.000289,unroll
cake1,0,nas-sp,compute_rhs2,0.005771,unroll
cake1,0,nas-sp,compute_rhs6,0.00463,unroll
cake1,0,nas-sp,y_solve,0.016024,unroll
cake1,0,nas-sp,exact_rhs1,0.000206,unroll
cake1,0,nas-sp,pinvr,0.004661,unroll
cake1,0,nas-sp,exact_rhs4,0.000392,unroll
cake1,0,nas-sp,compute_rhs1,0.008753,unroll
cake1,0,nas-sp,initialize5,0.000182,unroll
cake1,0,nas-sp,initialize1,0.000306,unroll
cake1,1,nas-sp,error_norm,0.000673,unroll
cake1,1,nas-sp,compute_rhs4,0.00991099999999999,unroll
cake1,1,nas-sp,ninvr,0.004773,unroll
cake1,1,nas-sp,initialize2,0.001511,unroll
cake1,1,nas-sp,add,0.004831,unroll
cake1,1,nas-sp,tzetar,0.006095,unroll
cake1,1,nas-sp,exact_rhs5,0.000138,unroll
cake1,1,nas-sp,compute_rhs3,0.00886299999999999,unroll
cake1,1,nas-sp,z_solve,0.016306,unroll
cake1,1,nas-sp,x_solve,0.01603,unroll
cake1,1,nas-sp,txinvr,0.005489,unroll
cake1,1,nas-sp,initialize4,0.000285,unroll
cake1,1,nas-sp,rhs_norm,0.000279,unroll
cake1,1,nas-sp,exact_rhs3,0.000402,unroll
cake1,1,nas-sp,compute_rhs5,0.011224,unroll
cake1,1,nas-sp,exact_rhs2,0.000438,unroll
cake1,1,nas-sp,initialize3,0.000621,unroll
cake1,1,nas-sp,compute_rhs2,0.005614,unroll
cake1,1,nas-sp,compute_rhs6,0.004644,unroll
cake1,1,nas-sp,y_solve,0.016143,unroll
cake1,1,nas-sp,exact_rhs1,0.00021,unroll
cake1,1,nas-sp,pinvr,0.004577,unroll
cake1,1,nas-sp,exact_rhs4,0.000414,unroll
cake1,1,nas-sp,compute_rhs1,0.008807,unroll
cake1,1,nas-sp,initialize5,0.000198,unroll
cake1,1,nas-sp,initialize1,0.000298,unroll
cake1,2,nas-sp,error_norm,0.000679,unroll
cake1,2,nas-sp,compute_rhs4,0.010092,unroll
cake1,2,nas-sp,ninvr,0.004724,unroll
cake1,2,nas-sp,initialize2,0.001513,unroll
cake1,2,nas-sp,add,0.004992,unroll
cake1,2,nas-sp,tzetar,0.006143,unroll
cake1,2,nas-sp,exact_rhs5,0.000151,unroll
cake1,2,nas-sp,compute_rhs3,0.009255,unroll
cake1,2,nas-sp,z_solve,0.016726,unroll
cake1,2,nas-sp,x_solve,0.015846,unroll
cake1,2,nas-sp,txinvr,0.005519,unroll
cake1,2,nas-sp,initialize4,0.000274,unroll
cake1,2,nas-sp,rhs_norm,0.000293,unroll
cake1,2,nas-sp,exact_rhs3,0.000386,unroll
cake1,2,nas-sp,compute_rhs5,0.012276,unroll
cake1,2,nas-sp,exact_rhs2,0.000415,unroll
cake1,2,nas-sp,initialize3,0.000378,unroll
cake1,2,nas-sp,compute_rhs2,0.005783,unroll
cake1,2,nas-sp,compute_rhs6,0.004714,unroll
cake1,2,nas-sp,y_solve,0.01626,unroll
cake1,2,nas-sp,exact_rhs1,0.000213,unroll
cake1,2,nas-sp,pinvr,0.004688,unroll
cake1,2,nas-sp,exact_rhs4,0.000409,unroll
cake1,2,nas-sp,compute_rhs1,0.008777,unroll
cake1,2,nas-sp,initialize5,0.000172,unroll
cake1,2,nas-sp,initialize1,0.000305,unroll
cake1,3,nas-sp,error_norm,0.000649,unroll
cake1,3,nas-sp,compute_rhs4,0.010104,unroll
cake1,3,nas-sp,ninvr,0.004748,unroll
cake1,3,nas-sp,initialize2,0.001536,unroll
cake1,3,nas-sp,add,0.005035,unroll
cake1,3,nas-sp,tzetar,0.006237,unroll
cake1,3,nas-sp,exact_rhs5,0.000132,unroll
cake1,3,nas-sp,compute_rhs3,0.00896399999999999,unroll
cake1,3,nas-sp,z_solve,0.016791,unroll
cake1,3,nas-sp,x_solve,0.016021,unroll
cake1,3,nas-sp,txinvr,0.005555,unroll
cake1,3,nas-sp,initialize4,0.000259,unroll
cake1,3,nas-sp,rhs_norm,0.00035,unroll
cake1,3,nas-sp,exact_rhs3,0.000407,unroll
cake1,3,nas-sp,compute_rhs5,0.011471,unroll
cake1,3,nas-sp,exact_rhs2,0.00042,unroll
cake1,3,nas-sp,initialize3,0.000314,unroll
cake1,3,nas-sp,compute_rhs2,0.005636,unroll
cake1,3,nas-sp,compute_rhs6,0.004632,unroll
cake1,3,nas-sp,y_solve,0.016062,unroll
cake1,3,nas-sp,exact_rhs1,0.000215,unroll
cake1,3,nas-sp,pinvr,0.004745,unroll
cake1,3,nas-sp,exact_rhs4,0.000397,unroll
cake1,3,nas-sp,compute_rhs1,0.008799,unroll
cake1,3,nas-sp,initialize5,0.000179,unroll
cake1,3,nas-sp,initialize1,0.000317,unroll
cake1,4,nas-sp,error_norm,0.000724,unroll
cake1,4,nas-sp,compute_rhs4,0.009717,unroll
cake1,4,nas-sp,ninvr,0.004781,unroll
cake1,4,nas-sp,initialize2,0.001516,unroll
cake1,4,nas-sp,add,0.004902,unroll
cake1,4,nas-sp,tzetar,0.006164,unroll
cake1,4,nas-sp,exact_rhs5,0.000143,unroll
cake1,4,nas-sp,compute_rhs3,0.00919599999999999,unroll
cake1,4,nas-sp,z_solve,0.016863,unroll
cake1,4,nas-sp,x_solve,0.015842,unroll
cake1,4,nas-sp,txinvr,0.005623,unroll
cake1,4,nas-sp,initialize4,0.000274,unroll
cake1,4,nas-sp,rhs_norm,0.00031,unroll
cake1,4,nas-sp,exact_rhs3,0.000418,unroll
cake1,4,nas-sp,compute_rhs5,0.011594,unroll
cake1,4,nas-sp,exact_rhs2,0.000434,unroll
cake1,4,nas-sp,initialize3,0.00029,unroll
cake1,4,nas-sp,compute_rhs2,0.005621,unroll
cake1,4,nas-sp,compute_rhs6,0.004578,unroll
cake1,4,nas-sp,y_solve,0.016387,unroll
cake1,4,nas-sp,exact_rhs1,0.000201,unroll
cake1,4,nas-sp,pinvr,0.004789,unroll
cake1,4,nas-sp,exact_rhs4,0.000406,unroll
cake1,4,nas-sp,compute_rhs1,0.00913499999999999,unroll
cake1,4,nas-sp,initialize5,0.000176,unroll
cake1,4,nas-sp,initialize1,0.000305,unroll
cake1,0,particlefilter,find_index_kernel,0.546857,unroll
cake1,0,particlefilter,normalize_weights_kernel,0.063326,unroll
cake1,0,particlefilter,likelihood_kernel,1.274095,unroll
cake1,0,particlefilter,sum_kernel,0.018286,unroll
cake1,1,particlefilter,find_index_kernel,0.512585,unroll
cake1,1,particlefilter,normalize_weights_kernel,0.065252,unroll
cake1,1,particlefilter,likelihood_kernel,1.332651,unroll
cake1,1,particlefilter,sum_kernel,0.018729,unroll
cake1,2,particlefilter,find_index_kernel,0.497747,unroll
cake1,2,particlefilter,normalize_weights_kernel,0.063629,unroll
cake1,2,particlefilter,likelihood_kernel,1.273718,unroll
cake1,2,particlefilter,sum_kernel,0.017952,unroll
cake1,3,particlefilter,find_index_kernel,0.510309,unroll
cake1,3,particlefilter,normalize_weights_kernel,0.063751,unroll
cake1,3,particlefilter,likelihood_kernel,1.335737,unroll
cake1,3,particlefilter,sum_kernel,0.018347,unroll
cake1,4,particlefilter,find_index_kernel,0.50661,unroll
cake1,4,particlefilter,normalize_weights_kernel,0.06395,unroll
cake1,4,particlefilter,likelihood_kernel,1.314425,unroll
cake1,4,particlefilter,sum_kernel,0.018335,unroll
cake2,0,blur,blur_ver,1.756769,O3
cake2,0,blur,blur_hor,1.624883,O3
cake2,1,blur,blur_ver,1.742427,O3
cake2,1,blur,blur_hor,1.611389,O3
cake2,2,blur,blur_ver,1.805822,O3
cake2,2,blur,blur_hor,1.619487,O3
cake2,3,blur,blur_ver,1.696515,O3
cake2,3,blur,blur_hor,1.647975,O3
cake2,4,blur,blur_ver,1.648865,O3
cake2,4,blur,blur_hor,1.644008,O3
cake2,0,gaussian,Fan1,1.951022,O3
cake2,0,gaussian,Fan2,4.260457,O3
cake2,1,gaussian,Fan1,1.956545,O3
cake2,1,gaussian,Fan2,4.282289,O3
cake2,2,gaussian,Fan1,1.946584,O3
cake2,2,gaussian,Fan2,4.243809,O3
cake2,3,gaussian,Fan1,1.944515,O3
cake2,3,gaussian,Fan2,4.241557,O3
cake2,4,gaussian,Fan1,1.934425,O3
cake2,4,gaussian,Fan2,4.394903,O3
cake2,0,mandelbrot,mandelGPU,5.018506,O3
cake2,1,mandelbrot,mandelGPU,5.04379,O3
cake2,2,mandelbrot,mandelGPU,4.996046,O3
cake2,3,mandelbrot,mandelGPU,5.007596,O3
cake2,4,mandelbrot,mandelGPU,5.02145,O3
cake2,0,mmul,fmma,4.91198,O3
cake2,1,mmul,fmma,5.089643,O3
cake2,2,mmul,fmma,5.095267,O3
cake2,3,mmul,fmma,5.046782,O3
cake2,4,mmul,fmma,5.07535,O3
cake2,0,nas-cg,conj_grad_6,0.033877,O3
cake2,0,nas-cg,main_0,0.004183,O3
cake2,0,nas-cg,makea_1,0.004036,O3
cake2,0,nas-cg,conj_grad_1,0.028798,O3
cake2,0,nas-cg,conj_grad_0,0.028866,O3
cake2,0,nas-cg,makea_2,0.001956,O3
cake2,0,nas-cg,conj_grad_3,0.724393,O3
cake2,0,nas-cg,makea_0,0.034232,O3
cake2,0,nas-cg,makea_6,0.009093,O3
cake2,0,nas-cg,main_3,0.028906,O3
cake2,0,nas-cg,conj_grad_7,0.02847,O3
cake2,0,nas-cg,init_mem_0,0.007248,O3
cake2,0,nas-cg,main_2,0.002035,O3
cake2,0,nas-cg,main_4,0.028768,O3
cake2,0,nas-cg,makea_5,0.001934,O3
cake2,0,nas-cg,conj_grad_5,0.716945,O3
cake2,0,nas-cg,makea_4,0.002282,O3
cake2,0,nas-cg,conj_grad_4,0.704039,O3
cake2,0,nas-cg,makea_7,0.002006,O3
cake2,0,nas-cg,makea_3,0.066115,O3
cake2,0,nas-cg,main_1,0.00398,O3
cake2,0,nas-cg,conj_grad_2,0.852032,O3
cake2,0,nas-cg,init_mem_1,0.012052,O3
cake2,1,nas-cg,conj_grad_6,0.035379,O3
cake2,1,nas-cg,main_0,0.004392,O3
cake2,1,nas-cg,makea_1,0.00408,O3
cake2,1,nas-cg,conj_grad_1,0.029428,O3
cake2,1,nas-cg,conj_grad_0,0.027642,O3
cake2,1,nas-cg,makea_2,0.001921,O3
cake2,1,nas-cg,conj_grad_3,0.717809000000001,O3
cake2,1,nas-cg,makea_0,0.043823,O3
cake2,1,nas-cg,makea_6,0.009001,O3
cake2,1,nas-cg,main_3,0.029058,O3
cake2,1,nas-cg,conj_grad_7,0.030769,O3
cake2,1,nas-cg,init_mem_0,0.007218,O3
cake2,1,nas-cg,main_2,0.001995,O3
cake2,1,nas-cg,main_4,0.030164,O3
cake2,1,nas-cg,makea_5,0.002116,O3
cake2,1,nas-cg,conj_grad_5,0.709368,O3
cake2,1,nas-cg,makea_4,0.002387,O3
cake2,1,nas-cg,conj_grad_4,0.698945000000001,O3
cake2,1,nas-cg,makea_7,0.001938,O3
cake2,1,nas-cg,makea_3,0.056363,O3
cake2,1,nas-cg,main_1,0.004014,O3
cake2,1,nas-cg,conj_grad_2,0.856953,O3
cake2,1,nas-cg,init_mem_1,0.011662,O3
cake2,2,nas-cg,conj_grad_6,0.036736,O3
cake2,2,nas-cg,main_0,0.004031,O3
cake2,2,nas-cg,makea_1,0.004523,O3
cake2,2,nas-cg,conj_grad_1,0.03072,O3
cake2,2,nas-cg,conj_grad_0,0.028656,O3
cake2,2,nas-cg,makea_2,0.002019,O3
cake2,2,nas-cg,conj_grad_3,0.738249,O3
cake2,2,nas-cg,makea_0,0.036343,O3
cake2,2,nas-cg,makea_6,0.009381,O3
cake2,2,nas-cg,main_3,0.029666,O3
cake2,2,nas-cg,conj_grad_7,0.029311,O3
cake2,2,nas-cg,init_mem_0,0.007381,O3
cake2,2,nas-cg,main_2,0.002019,O3
cake2,2,nas-cg,main_4,0.030315,O3
cake2,2,nas-cg,makea_5,0.001951,O3
cake2,2,nas-cg,conj_grad_5,0.735785,O3
cake2,2,nas-cg,makea_4,0.00221,O3
cake2,2,nas-cg,conj_grad_4,0.721966,O3
cake2,2,nas-cg,makea_7,0.001981,O3
cake2,2,nas-cg,makea_3,0.055989,O3
cake2,2,nas-cg,main_1,0.003869,O3
cake2,2,nas-cg,conj_grad_2,0.877189,O3
cake2,2,nas-cg,init_mem_1,0.011303,O3
cake2,3,nas-cg,conj_grad_6,0.034148,O3
cake2,3,nas-cg,main_0,0.004154,O3
cake2,3,nas-cg,makea_1,0.004126,O3
cake2,3,nas-cg,conj_grad_1,0.028974,O3
cake2,3,nas-cg,conj_grad_0,0.028132,O3
cake2,3,nas-cg,makea_2,0.002172,O3
cake2,3,nas-cg,conj_grad_3,0.723297,O3
cake2,3,nas-cg,makea_0,0.041554,O3
cake2,3,nas-cg,makea_6,0.009342,O3
cake2,3,nas-cg,main_3,0.029077,O3
cake2,3,nas-cg,conj_grad_7,0.028435,O3
cake2,3,nas-cg,init_mem_0,0.007359,O3
cake2,3,nas-cg,main_2,0.001985,O3
cake2,3,nas-cg,main_4,0.02978,O3
cake2,3,nas-cg,makea_5,0.00191,O3
cake2,3,nas-cg,conj_grad_5,0.708393000000001,O3
cake2,3,nas-cg,makea_4,0.002069,O3
cake2,3,nas-cg,conj_grad_4,0.698614,O3
cake2,3,nas-cg,makea_7,0.001975,O3
cake2,3,nas-cg,makea_3,0.065907,O3
cake2,3,nas-cg,main_1,0.003827,O3
cake2,3,nas-cg,conj_grad_2,0.852248,O3
cake2,3,nas-cg,init_mem_1,0.01194,O3
cake2,4,nas-cg,conj_grad_6,0.035039,O3
cake2,4,nas-cg,main_0,0.004019,O3
cake2,4,nas-cg,makea_1,0.005081,O3
cake2,4,nas-cg,conj_grad_1,0.029165,O3
cake2,4,nas-cg,conj_grad_0,0.028757,O3
cake2,4,nas-cg,makea_2,0.002093,O3
cake2,4,nas-cg,conj_grad_3,0.729755000000001,O3
cake2,4,nas-cg,makea_0,0.046316,O3
cake2,4,nas-cg,makea_6,0.008961,O3
cake2,4,nas-cg,main_3,0.028562,O3
cake2,4,nas-cg,conj_grad_7,0.029753,O3
cake2,4,nas-cg,init_mem_0,0.007087,O3
cake2,4,nas-cg,main_2,0.002084,O3
cake2,4,nas-cg,main_4,0.029917,O3
cake2,4,nas-cg,makea_5,0.001964,O3
cake2,4,nas-cg,conj_grad_5,0.742004,O3
cake2,4,nas-cg,makea_4,0.00201,O3
cake2,4,nas-cg,conj_grad_4,0.721094000000001,O3
cake2,4,nas-cg,makea_7,0.001977,O3
cake2,4,nas-cg,makea_3,0.061423,O3
cake2,4,nas-cg,main_1,0.004169,O3
cake2,4,nas-cg,conj_grad_2,0.859512,O3
cake2,4,nas-cg,init_mem_1,0.012138,O3
cake2,0,nas-ep,embar,4.95446,O3
cake2,1,nas-ep,embar,4.704088,O3
cake2,2,nas-ep,embar,4.971091,O3
cake2,3,nas-ep,embar,4.882703,O3
cake2,4,nas-ep,embar,4.850553,O3
cake2,0,nas-ft,compute_initial_conditions,0.824329,O3
cake2,0,nas-ft,evolve,3.534918,O3
cake2,0,nas-ft,compute_indexmap,0.871278,O3
cake2,0,nas-ft,cffts3,7.559448,O3
cake2,0,nas-ft,checksum,0.040244,O3
cake2,0,nas-ft,init_ui,0.281506,O3
cake2,0,nas-ft,cffts1,12.091171,O3
cake2,0,nas-ft,cffts2,7.818602,O3
cake2,1,nas-ft,compute_initial_conditions,0.771335,O3
cake2,1,nas-ft,evolve,3.530506,O3
cake2,1,nas-ft,compute_indexmap,0.917624,O3
cake2,1,nas-ft,cffts3,7.542558,O3
cake2,1,nas-ft,checksum,0.038845,O3
cake2,1,nas-ft,init_ui,0.24884,O3
cake2,1,nas-ft,cffts1,12.064226,O3
cake2,1,nas-ft,cffts2,7.848975,O3
cake2,2,nas-ft,compute_initial_conditions,0.847084,O3
cake2,2,nas-ft,evolve,3.443047,O3
cake2,2,nas-ft,compute_indexmap,0.871313,O3
cake2,2,nas-ft,cffts3,7.577551,O3
cake2,2,nas-ft,checksum,0.038717,O3
cake2,2,nas-ft,init_ui,0.251604,O3
cake2,2,nas-ft,cffts1,12.081168,O3
cake2,2,nas-ft,cffts2,7.791235,O3
cake2,3,nas-ft,compute_initial_conditions,0.825341,O3
cake2,3,nas-ft,evolve,3.481734,O3
cake2,3,nas-ft,compute_indexmap,0.869906,O3
cake2,3,nas-ft,cffts3,7.581004,O3
cake2,3,nas-ft,checksum,0.041131,O3
cake2,3,nas-ft,init_ui,0.246583,O3
cake2,3,nas-ft,cffts1,12.072352,O3
cake2,3,nas-ft,cffts2,7.843734,O3
cake2,4,nas-ft,compute_initial_conditions,0.799133,O3
cake2,4,nas-ft,evolve,3.431194,O3
cake2,4,nas-ft,compute_indexmap,0.875867,O3
cake2,4,nas-ft,cffts3,7.557492,O3
cake2,4,nas-ft,checksum,0.041735,O3
cake2,4,nas-ft,init_ui,0.247416,O3
cake2,4,nas-ft,cffts1,12.169304,O3
cake2,4,nas-ft,cffts2,7.787204,O3
cake2,0,nas-is,rank2,1.288458,O3
cake2,0,nas-is,full_verify1,0.06732,O3
cake2,0,nas-is,rank3,0.257853,O3
cake2,0,nas-is,rank4,0.000969,O3
cake2,0,nas-is,full_verify2,0.013334,O3
cake2,0,nas-is,rank0,0.000875,O3
cake2,0,nas-is,rank1,0.246616,O3
cake2,0,nas-is,create_seq,0.84406,O3
cake2,1,nas-is,rank2,1.324404,O3
cake2,1,nas-is,full_verify1,0.064695,O3
cake2,1,nas-is,rank3,0.253595,O3
cake2,1,nas-is,rank4,0.000957,O3
cake2,1,nas-is,full_verify2,0.014073,O3
cake2,1,nas-is,rank0,0.000868,O3
cake2,1,nas-is,rank1,0.235126,O3
cake2,1,nas-is,create_seq,0.826113,O3
cake2,2,nas-is,rank2,1.295862,O3
cake2,2,nas-is,full_verify1,0.057096,O3
cake2,2,nas-is,rank3,0.257247,O3
cake2,2,nas-is,rank4,0.000927,O3
cake2,2,nas-is,full_verify2,0.013678,O3
cake2,2,nas-is,rank0,0.000704,O3
cake2,2,nas-is,rank1,0.239524,O3
cake2,2,nas-is,create_seq,0.782178,O3
cake2,3,nas-is,rank2,1.35107,O3
cake2,3,nas-is,full_verify1,0.054263,O3
cake2,3,nas-is,rank3,0.261484,O3
cake2,3,nas-is,rank4,0.000955,O3
cake2,3,nas-is,full_verify2,0.011849,O3
cake2,3,nas-is,rank0,0.00092,O3
cake2,3,nas-is,rank1,0.235726,O3
cake2,3,nas-is,create_seq,0.831942,O3
cake2,4,nas-is,rank2,1.347593,O3
cake2,4,nas-is,full_verify1,0.056959,O3
cake2,4,nas-is,rank3,0.263599,O3
cake2,4,nas-is,rank4,0.000976,O3
cake2,4,nas-is,full_verify2,0.013767,O3
cake2,4,nas-is,rank0,0.00087,O3
cake2,4,nas-is,rank1,0.237212,O3
cake2,4,nas-is,create_seq,0.811101,O3
cake2,0,nas-sp,error_norm,0.000667,O3
cake2,0,nas-sp,compute_rhs4,0.009898,O3
cake2,0,nas-sp,ninvr,0.004646,O3
cake2,0,nas-sp,initialize2,0.001518,O3
cake2,0,nas-sp,add,0.005196,O3
cake2,0,nas-sp,tzetar,0.005739,O3
cake2,0,nas-sp,exact_rhs5,0.000133,O3
cake2,0,nas-sp,compute_rhs3,0.008937,O3
cake2,0,nas-sp,z_solve,0.016034,O3
cake2,0,nas-sp,x_solve,0.015,O3
cake2,0,nas-sp,txinvr,0.005479,O3
cake2,0,nas-sp,initialize4,0.000253,O3
cake2,0,nas-sp,rhs_norm,0.000266,O3
cake2,0,nas-sp,exact_rhs3,0.000408,O3
cake2,0,nas-sp,compute_rhs5,0.011607,O3
cake2,0,nas-sp,exact_rhs2,0.000408,O3
cake2,0,nas-sp,initialize3,0.000294,O3
cake2,0,nas-sp,compute_rhs2,0.005528,O3
cake2,0,nas-sp,compute_rhs6,0.004734,O3
cake2,0,nas-sp,y_solve,0.015536,O3
cake2,0,nas-sp,exact_rhs1,0.000203,O3
cake2,0,nas-sp,pinvr,0.004672,O3
cake2,0,nas-sp,exact_rhs4,0.000376,O3
cake2,0,nas-sp,compute_rhs1,0.00840500000000001,O3
cake2,0,nas-sp,initialize5,0.00018,O3
cake2,0,nas-sp,initialize1,0.00028,O3
cake2,1,nas-sp,error_norm,0.000707,O3
cake2,1,nas-sp,compute_rhs4,0.010219,O3
cake2,1,nas-sp,ninvr,0.004969,O3
cake2,1,nas-sp,initialize2,0.001521,O3
cake2,1,nas-sp,add,0.005035,O3
cake2,1,nas-sp,tzetar,0.006532,O3
cake2,1,nas-sp,exact_rhs5,0.000138,O3
cake2,1,nas-sp,compute_rhs3,0.00871199999999999,O3
cake2,1,nas-sp,z_solve,0.016295,O3
cake2,1,nas-sp,x_solve,0.014988,O3
cake2,1,nas-sp,txinvr,0.005486,O3
cake2,1,nas-sp,initialize4,0.000285,O3
cake2,1,nas-sp,rhs_norm,0.000309,O3
cake2,1,nas-sp,exact_rhs3,0.000355,O3
cake2,1,nas-sp,compute_rhs5,0.011685,O3
cake2,1,nas-sp,exact_rhs2,0.000426,O3
cake2,1,nas-sp,initialize3,0.000289,O3
cake2,1,nas-sp,compute_rhs2,0.005607,O3
cake2,1,nas-sp,compute_rhs6,0.005316,O3
cake2,1,nas-sp,y_solve,0.015611,O3
cake2,1,nas-sp,exact_rhs1,0.000221,O3
cake2,1,nas-sp,pinvr,0.00473,O3
cake2,1,nas-sp,exact_rhs4,0.00043,O3
cake2,1,nas-sp,compute_rhs1,0.00832600000000001,O3
cake2,1,nas-sp,initialize5,0.000181,O3
cake2,1,nas-sp,initialize1,0.000292,O3
cake2,2,nas-sp,error_norm,0.001153,O3
cake2,2,nas-sp,compute_rhs4,0.009736,O3
cake2,2,nas-sp,ninvr,0.004851,O3
cake2,2,nas-sp,initialize2,0.001509,O3
cake2,2,nas-sp,add,0.005244,O3
cake2,2,nas-sp,tzetar,0.00613099999999999,O3
cake2,2,nas-sp,exact_rhs5,0.000116,O3
cake2,2,nas-sp,compute_rhs3,0.009449,O3
cake2,2,nas-sp,z_solve,0.016741,O3
cake2,2,nas-sp,x_solve,0.015219,O3
cake2,2,nas-sp,txinvr,0.00558199999999999,O3
cake2,2,nas-sp,initialize4,0.000273,O3
cake2,2,nas-sp,rhs_norm,0.000272,O3
cake2,2,nas-sp,exact_rhs3,0.000427,O3
cake2,2,nas-sp,compute_rhs5,0.011632,O3
cake2,2,nas-sp,exact_rhs2,0.000422,O3
cake2,2,nas-sp,initialize3,0.000296,O3
cake2,2,nas-sp,compute_rhs2,0.005787,O3
cake2,2,nas-sp,compute_rhs6,0.004697,O3
cake2,2,nas-sp,y_solve,0.015662,O3
cake2,2,nas-sp,exact_rhs1,0.000218,O3
cake2,2,nas-sp,pinvr,0.005157,O3
cake2,2,nas-sp,exact_rhs4,0.000388,O3
cake2,2,nas-sp,compute_rhs1,0.008988,O3
cake2,2,nas-sp,initialize5,0.000168,O3
cake2,2,nas-sp,initialize1,0.000299,O3
cake2,3,nas-sp,error_norm,0.000815,O3
cake2,3,nas-sp,compute_rhs4,0.009605,O3
cake2,3,nas-sp,ninvr,0.004664,O3
cake2,3,nas-sp,initialize2,0.001503,O3
cake2,3,nas-sp,add,0.004943,O3
cake2,3,nas-sp,tzetar,0.005896,O3
cake2,3,nas-sp,exact_rhs5,0.000121,O3
cake2,3,nas-sp,compute_rhs3,0.00884199999999999,O3
cake2,3,nas-sp,z_solve,0.016447,O3
cake2,3,nas-sp,x_solve,0.014982,O3
cake2,3,nas-sp,txinvr,0.005617,O3
cake2,3,nas-sp,initialize4,0.000256,O3
cake2,3,nas-sp,rhs_norm,0.000275,O3
cake2,3,nas-sp,exact_rhs3,0.000399,O3
cake2,3,nas-sp,compute_rhs5,0.011554,O3
cake2,3,nas-sp,exact_rhs2,0.000402,O3
cake2,3,nas-sp,initialize3,0.000301,O3
cake2,3,nas-sp,compute_rhs2,0.005639,O3
cake2,3,nas-sp,compute_rhs6,0.004628,O3
cake2,3,nas-sp,y_solve,0.015694,O3
cake2,3,nas-sp,exact_rhs1,0.000204,O3
cake2,3,nas-sp,pinvr,0.004741,O3
cake2,3,nas-sp,exact_rhs4,0.000377,O3
cake2,3,nas-sp,compute_rhs1,0.008305,O3
cake2,3,nas-sp,initialize5,0.000185,O3
cake2,3,nas-sp,initialize1,0.000292,O3
cake2,4,nas-sp,error_norm,0.00069,O3
cake2,4,nas-sp,compute_rhs4,0.010149,O3
cake2,4,nas-sp,ninvr,0.004757,O3
cake2,4,nas-sp,initialize2,0.001543,O3
cake2,4,nas-sp,add,0.004948,O3
cake2,4,nas-sp,tzetar,0.005694,O3
cake2,4,nas-sp,exact_rhs5,0.000145,O3
cake2,4,nas-sp,compute_rhs3,0.00897899999999999,O3
cake2,4,nas-sp,z_solve,0.015929,O3
cake2,4,nas-sp,x_solve,0.015013,O3
cake2,4,nas-sp,txinvr,0.005595,O3
cake2,4,nas-sp,initialize4,0.000278,O3
cake2,4,nas-sp,rhs_norm,0.000338,O3
cake2,4,nas-sp,exact_rhs3,0.000415,O3
cake2,4,nas-sp,compute_rhs5,0.011746,O3
cake2,4,nas-sp,exact_rhs2,0.000402,O3
cake2,4,nas-sp,initialize3,0.0003,O3
cake2,4,nas-sp,compute_rhs2,0.005621,O3
cake2,4,nas-sp,compute_rhs6,0.004715,O3
cake2,4,nas-sp,y_solve,0.015487,O3
cake2,4,nas-sp,exact_rhs1,0.000219,O3
cake2,4,nas-sp,pinvr,0.004695,O3
cake2,4,nas-sp,exact_rhs4,0.000406,O3
cake2,4,nas-sp,compute_rhs1,0.008521,O3
cake2,4,nas-sp,initialize5,0.000171,O3
cake2,4,nas-sp,initialize1,0.000268,O3
cake2,0,particlefilter,find_index_kernel,0.47898,O3
cake2,0,particlefilter,normalize_weights_kernel,0.063596,O3
cake2,0,particlefilter,likelihood_kernel,1.205446,O3
cake2,0,particlefilter,sum_kernel,0.018105,O3
cake2,1,particlefilter,find_index_kernel,0.551431,O3
cake2,1,particlefilter,normalize_weights_kernel,0.063987,O3
cake2,1,particlefilter,likelihood_kernel,1.275438,O3
cake2,1,particlefilter,sum_kernel,0.018605,O3
cake2,2,particlefilter,find_index_kernel,0.492895,O3
cake2,2,particlefilter,normalize_weights_kernel,0.063753,O3
cake2,2,particlefilter,likelihood_kernel,1.296697,O3
cake2,2,particlefilter,sum_kernel,0.018678,O3
cake2,3,particlefilter,find_index_kernel,0.524463,O3
cake2,3,particlefilter,normalize_weights_kernel,0.063866,O3
cake2,3,particlefilter,likelihood_kernel,1.211048,O3
cake2,3,particlefilter,sum_kernel,0.018427,O3
cake2,4,particlefilter,find_index_kernel,0.478706,O3
cake2,4,particlefilter,normalize_weights_kernel,0.063562,O3
cake2,4,particlefilter,likelihood_kernel,1.253269,O3
cake2,4,particlefilter,sum_kernel,0.019124,O3
cake3,0,blur,blur_ver,0.946805,default-spec
cake3,0,blur,blur_hor,0.823017,default-spec
cake3,1,blur,blur_ver,0.941633,default-spec
cake3,1,blur,blur_hor,0.83205,default-spec
cake3,2,blur,blur_ver,0.933826,default-spec
cake3,2,blur,blur_hor,0.820798,default-spec
cake3,3,blur,blur_ver,0.92596,default-spec
cake3,3,blur,blur_hor,0.826837,default-spec
cake3,4,blur,blur_ver,0.946027,default-spec
cake3,4,blur,blur_hor,0.832237,default-spec
cake3,0,gaussian,Fan1,2.374523,default-spec
cake3,0,gaussian,Fan2,5.426896,default-spec
cake3,1,gaussian,Fan1,2.35377,default-spec
cake3,1,gaussian,Fan2,5.41708,default-spec
cake3,2,gaussian,Fan1,2.376362,default-spec
cake3,2,gaussian,Fan2,5.38506299999999,default-spec
cake3,3,gaussian,Fan1,2.376127,default-spec
cake3,3,gaussian,Fan2,5.424317,default-spec
cake3,4,gaussian,Fan1,2.36679,default-spec
cake3,4,gaussian,Fan2,5.371717,default-spec
cake3,0,mandelbrot,mandelGPU,4.968552,default-spec
cake3,1,mandelbrot,mandelGPU,4.957846,default-spec
cake3,2,mandelbrot,mandelGPU,4.937095,default-spec
cake3,3,mandelbrot,mandelGPU,4.931347,default-spec
cake3,4,mandelbrot,mandelGPU,4.936083,default-spec
cake3,0,mmul,fmma,4.093743,default-spec
cake3,1,mmul,fmma,4.316368,default-spec
cake3,2,mmul,fmma,4.414134,default-spec
cake3,3,mmul,fmma,4.389907,default-spec
cake3,4,mmul,fmma,4.401234,default-spec
cake3,0,nas-cg,conj_grad_6,0.034566,default-spec
cake3,0,nas-cg,main_0,0.003993,default-spec
cake3,0,nas-cg,makea_1,0.00414,default-spec
cake3,0,nas-cg,conj_grad_1,0.029831,default-spec
cake3,0,nas-cg,conj_grad_0,0.028863,default-spec
cake3,0,nas-cg,makea_2,0.001954,default-spec
cake3,0,nas-cg,conj_grad_3,0.732799,default-spec
cake3,0,nas-cg,makea_0,0.043561,default-spec
cake3,0,nas-cg,makea_6,0.009164,default-spec
cake3,0,nas-cg,main_3,0.033734,default-spec
cake3,0,nas-cg,conj_grad_7,0.028837,default-spec
cake3,0,nas-cg,init_mem_0,0.00741,default-spec
cake3,0,nas-cg,main_2,0.00202,default-spec
cake3,0,nas-cg,main_4,0.035711,default-spec
cake3,0,nas-cg,makea_5,0.002068,default-spec
cake3,0,nas-cg,conj_grad_5,0.892647,default-spec
cake3,0,nas-cg,makea_4,0.002108,default-spec
cake3,0,nas-cg,conj_grad_4,0.887088,default-spec
cake3,0,nas-cg,makea_7,0.002067,default-spec
cake3,0,nas-cg,makea_3,0.057936,default-spec
cake3,0,nas-cg,main_1,0.00396,default-spec
cake3,0,nas-cg,conj_grad_2,0.863372,default-spec
cake3,0,nas-cg,init_mem_1,0.012234,default-spec
cake3,1,nas-cg,conj_grad_6,0.033911,default-spec
cake3,1,nas-cg,main_0,0.004025,default-spec
cake3,1,nas-cg,makea_1,0.005247,default-spec
cake3,1,nas-cg,conj_grad_1,0.029133,default-spec
cake3,1,nas-cg,conj_grad_0,0.029051,default-spec
cake3,1,nas-cg,makea_2,0.002111,default-spec
cake3,1,nas-cg,conj_grad_3,0.728806,default-spec
cake3,1,nas-cg,makea_0,0.038919,default-spec
cake3,1,nas-cg,makea_6,0.00907,default-spec
cake3,1,nas-cg,main_3,0.03554,default-spec
cake3,1,nas-cg,conj_grad_7,0.029066,default-spec
cake3,1,nas-cg,init_mem_0,0.007512,default-spec
cake3,1,nas-cg,main_2,0.002018,default-spec
cake3,1,nas-cg,main_4,0.035525,default-spec
cake3,1,nas-cg,makea_5,0.002091,default-spec
cake3,1,nas-cg,conj_grad_5,0.884447999999999,default-spec
cake3,1,nas-cg,makea_4,0.001998,default-spec
cake3,1,nas-cg,conj_grad_4,0.863785,default-spec
cake3,1,nas-cg,makea_7,0.001914,default-spec
cake3,1,nas-cg,makea_3,0.053949,default-spec
cake3,1,nas-cg,main_1,0.003958,default-spec
cake3,1,nas-cg,conj_grad_2,0.853288,default-spec
cake3,1,nas-cg,init_mem_1,0.011993,default-spec
cake3,2,nas-cg,conj_grad_6,0.035591,default-spec
cake3,2,nas-cg,main_0,0.004274,default-spec
cake3,2,nas-cg,makea_1,0.003995,default-spec
cake3,2,nas-cg,conj_grad_1,0.029804,default-spec
cake3,2,nas-cg,conj_grad_0,0.029295,default-spec
cake3,2,nas-cg,makea_2,0.002127,default-spec
cake3,2,nas-cg,conj_grad_3,0.728783,default-spec
cake3,2,nas-cg,makea_0,0.035628,default-spec
cake3,2,nas-cg,makea_6,0.00875,default-spec
cake3,2,nas-cg,main_3,0.03454,default-spec
cake3,2,nas-cg,conj_grad_7,0.028971,default-spec
cake3,2,nas-cg,init_mem_0,0.007897,default-spec
cake3,2,nas-cg,main_2,0.001951,default-spec
cake3,2,nas-cg,main_4,0.035153,default-spec
cake3,2,nas-cg,makea_5,0.002158,default-spec
cake3,2,nas-cg,conj_grad_5,0.886598,default-spec
cake3,2,nas-cg,makea_4,0.0022,default-spec
cake3,2,nas-cg,conj_grad_4,0.873007,default-spec
cake3,2,nas-cg,makea_7,0.001975,default-spec
cake3,2,nas-cg,makea_3,0.061673,default-spec
cake3,2,nas-cg,main_1,0.003972,default-spec
cake3,2,nas-cg,conj_grad_2,0.863949999999999,default-spec
cake3,2,nas-cg,init_mem_1,0.011486,default-spec
cake3,3,nas-cg,conj_grad_6,0.036331,default-spec
cake3,3,nas-cg,main_0,0.004085,default-spec
cake3,3,nas-cg,makea_1,0.003956,default-spec
cake3,3,nas-cg,conj_grad_1,0.029601,default-spec
cake3,3,nas-cg,conj_grad_0,0.028626,default-spec
cake3,3,nas-cg,makea_2,0.001963,default-spec
cake3,3,nas-cg,conj_grad_3,0.726059,default-spec
cake3,3,nas-cg,makea_0,0.045746,default-spec
cake3,3,nas-cg,makea_6,0.009008,default-spec
cake3,3,nas-cg,main_3,0.033874,default-spec
cake3,3,nas-cg,conj_grad_7,0.028304,default-spec
cake3,3,nas-cg,init_mem_0,0.007829,default-spec
cake3,3,nas-cg,main_2,0.002155,default-spec
cake3,3,nas-cg,main_4,0.03431,default-spec
cake3,3,nas-cg,makea_5,0.002054,default-spec
cake3,3,nas-cg,conj_grad_5,0.878338999999999,default-spec
cake3,3,nas-cg,makea_4,0.002016,default-spec
cake3,3,nas-cg,conj_grad_4,0.864854,default-spec
cake3,3,nas-cg,makea_7,0.001931,default-spec
cake3,3,nas-cg,makea_3,0.065919,default-spec
cake3,3,nas-cg,main_1,0.004128,default-spec
cake3,3,nas-cg,conj_grad_2,0.853514999999999,default-spec
cake3,3,nas-cg,init_mem_1,0.011901,default-spec
cake3,4,nas-cg,conj_grad_6,0.034694,default-spec
cake3,4,nas-cg,main_0,0.003975,default-spec
cake3,4,nas-cg,makea_1,0.003835,default-spec
cake3,4,nas-cg,conj_grad_1,0.029332,default-spec
cake3,4,nas-cg,conj_grad_0,0.029207,default-spec
cake3,4,nas-cg,makea_2,0.00204,default-spec
cake3,4,nas-cg,conj_grad_3,0.728298000000001,default-spec
cake3,4,nas-cg,makea_0,0.04419,default-spec
cake3,4,nas-cg,makea_6,0.009321,default-spec
cake3,4,nas-cg,main_3,0.03448,default-spec
cake3,4,nas-cg,conj_grad_7,0.028364,default-spec
cake3,4,nas-cg,init_mem_0,0.007839,default-spec
cake3,4,nas-cg,main_2,0.001917,default-spec
cake3,4,nas-cg,main_4,0.037503,default-spec
cake3,4,nas-cg,makea_5,0.002597,default-spec
cake3,4,nas-cg,conj_grad_5,0.882463,default-spec
cake3,4,nas-cg,makea_4,0.001996,default-spec
cake3,4,nas-cg,conj_grad_4,0.871239999999999,default-spec
cake3,4,nas-cg,makea_7,0.001942,default-spec
cake3,4,nas-cg,makea_3,0.055901,default-spec
cake3,4,nas-cg,main_1,0.003904,default-spec
cake3,4,nas-cg,conj_grad_2,0.857047000000001,default-spec
cake3,4,nas-cg,init_mem_1,0.011892,default-spec
cake3,0,nas-ep,embar,6.473688,default-spec
cake3,1,nas-ep,embar,6.748548,default-spec
cake3,2,nas-ep,embar,7.125157,default-spec
cake3,3,nas-ep,embar,7.026769,default-spec
cake3,4,nas-ep,embar,7.015984,default-spec
cake3,0,nas-ft,compute_initial_conditions,0.854269,default-spec
cake3,0,nas-ft,evolve,3.552401,default-spec
cake3,0,nas-ft,compute_indexmap,0.873252,default-spec
cake3,0,nas-ft,cffts3,8.272427,default-spec
cake3,0,nas-ft,checksum,0.045568,default-spec
cake3,0,nas-ft,init_ui,0.243851,default-spec
cake3,0,nas-ft,cffts1,12.809951,default-spec
cake3,0,nas-ft,cffts2,8.026213,default-spec
cake3,1,nas-ft,compute_initial_conditions,0.862302,default-spec
cake3,1,nas-ft,evolve,3.373707,default-spec
cake3,1,nas-ft,compute_indexmap,0.869557,default-spec
cake3,1,nas-ft,cffts3,8.231459,default-spec
cake3,1,nas-ft,checksum,0.045601,default-spec
cake3,1,nas-ft,init_ui,0.241224,default-spec
cake3,1,nas-ft,cffts1,12.762704,default-spec
cake3,1,nas-ft,cffts2,8.033061,default-spec
cake3,2,nas-ft,compute_initial_conditions,0.836078,default-spec
cake3,2,nas-ft,evolve,3.402285,default-spec
cake3,2,nas-ft,compute_indexmap,0.870941,default-spec
cake3,2,nas-ft,cffts3,8.276203,default-spec
cake3,2,nas-ft,checksum,0.044925,default-spec
cake3,2,nas-ft,init_ui,0.233855,default-spec
cake3,2,nas-ft,cffts1,12.722686,default-spec
cake3,2,nas-ft,cffts2,8.057229,default-spec
cake3,3,nas-ft,compute_initial_conditions,0.88319,default-spec
cake3,3,nas-ft,evolve,3.351239,default-spec
cake3,3,nas-ft,compute_indexmap,0.873832,default-spec
cake3,3,nas-ft,cffts3,8.273779,default-spec
cake3,3,nas-ft,checksum,0.046268,default-spec
cake3,3,nas-ft,init_ui,0.24025,default-spec
cake3,3,nas-ft,cffts1,12.741006,default-spec
cake3,3,nas-ft,cffts2,7.999525,default-spec
cake3,4,nas-ft,compute_initial_conditions,0.84571,default-spec
cake3,4,nas-ft,evolve,3.332166,default-spec
cake3,4,nas-ft,compute_indexmap,0.874746,default-spec
cake3,4,nas-ft,cffts3,8.261571,default-spec
cake3,4,nas-ft,checksum,0.046299,default-spec
cake3,4,nas-ft,init_ui,0.241172,default-spec
cake3,4,nas-ft,cffts1,12.758535,default-spec
cake3,4,nas-ft,cffts2,8.018026,default-spec
cake3,0,nas-is,rank2,1.299219,default-spec
cake3,0,nas-is,full_verify1,0.054513,default-spec
cake3,0,nas-is,rank3,0.254709,default-spec
cake3,0,nas-is,rank4,0.00099,default-spec
cake3,0,nas-is,full_verify2,0.020008,default-spec
cake3,0,nas-is,rank0,0.003938,default-spec
cake3,0,nas-is,rank1,0.236084,default-spec
cake3,0,nas-is,create_seq,0.748509,default-spec
cake3,1,nas-is,rank2,1.288319,default-spec
cake3,1,nas-is,full_verify1,0.049107,default-spec
cake3,1,nas-is,rank3,0.276715,default-spec
cake3,1,nas-is,rank4,0.000964,default-spec
cake3,1,nas-is,full_verify2,0.022873,default-spec
cake3,1,nas-is,rank0,0.003765,default-spec
cake3,1,nas-is,rank1,0.240271,default-spec
cake3,1,nas-is,create_seq,0.778878,default-spec
cake3,2,nas-is,rank2,1.290686,default-spec
cake3,2,nas-is,full_verify1,0.053823,default-spec
cake3,2,nas-is,rank3,0.246499,default-spec
cake3,2,nas-is,rank4,0.00095,default-spec
cake3,2,nas-is,full_verify2,0.023905,default-spec
cake3,2,nas-is,rank0,0.003827,default-spec
cake3,2,nas-is,rank1,0.235128,default-spec
cake3,2,nas-is,create_seq,0.805659,default-spec
cake3,3,nas-is,rank2,1.298997,default-spec
cake3,3,nas-is,full_verify1,0.056293,default-spec
cake3,3,nas-is,rank3,0.254626,default-spec
cake3,3,nas-is,rank4,0.000966,default-spec
cake3,3,nas-is,full_verify2,0.018412,default-spec
cake3,3,nas-is,rank0,0.004058,default-spec
cake3,3,nas-is,rank1,0.22954,default-spec
cake3,3,nas-is,create_seq,0.807159,default-spec
cake3,4,nas-is,rank2,1.293235,default-spec
cake3,4,nas-is,full_verify1,0.049956,default-spec
cake3,4,nas-is,rank3,0.262642,default-spec
cake3,4,nas-is,rank4,0.001134,default-spec
cake3,4,nas-is,full_verify2,0.016939,default-spec
cake3,4,nas-is,rank0,0.004688,default-spec
cake3,4,nas-is,rank1,0.229447,default-spec
cake3,4,nas-is,create_seq,0.812611,default-spec
cake3,0,nas-sp,error_norm,0.000794,default-spec
cake3,0,nas-sp,compute_rhs4,0.051673,default-spec
cake3,0,nas-sp,ninvr,0.05136,default-spec
cake3,0,nas-sp,initialize2,0.001413,default-spec
cake3,0,nas-sp,add,0.048446,default-spec
cake3,0,nas-sp,tzetar,0.049368,default-spec
cake3,0,nas-sp,exact_rhs5,0.000146,default-spec
cake3,0,nas-sp,compute_rhs3,0.053006,default-spec
cake3,0,nas-sp,z_solve,0.075484,default-spec
cake3,0,nas-sp,x_solve,0.06701,default-spec
cake3,0,nas-sp,txinvr,0.048049,default-spec
cake3,0,nas-sp,initialize4,0.000273,default-spec
cake3,0,nas-sp,rhs_norm,0.000278,default-spec
cake3,0,nas-sp,exact_rhs3,0.00041,default-spec
cake3,0,nas-sp,compute_rhs5,0.062466,default-spec
cake3,0,nas-sp,exact_rhs2,0.000417,default-spec
cake3,0,nas-sp,initialize3,0.000298,default-spec
cake3,0,nas-sp,compute_rhs2,0.049838,default-spec
cake3,0,nas-sp,compute_rhs6,0.050433,default-spec
cake3,0,nas-sp,y_solve,0.068606,default-spec
cake3,0,nas-sp,exact_rhs1,0.00021,default-spec
cake3,0,nas-sp,pinvr,0.027879,default-spec
cake3,0,nas-sp,exact_rhs4,0.000393,default-spec
cake3,0,nas-sp,compute_rhs1,0.053578,default-spec
cake3,0,nas-sp,initialize5,0.000645,default-spec
cake3,0,nas-sp,initialize1,0.000293,default-spec
cake3,1,nas-sp,error_norm,0.000729,default-spec
cake3,1,nas-sp,compute_rhs4,0.047822,default-spec
cake3,1,nas-sp,ninvr,0.050543,default-spec
cake3,1,nas-sp,initialize2,0.001407,default-spec
cake3,1,nas-sp,add,0.049604,default-spec
cake3,1,nas-sp,tzetar,0.049595,default-spec
cake3,1,nas-sp,exact_rhs5,0.000147,default-spec
cake3,1,nas-sp,compute_rhs3,0.049447,default-spec
cake3,1,nas-sp,z_solve,0.072939,default-spec
cake3,1,nas-sp,x_solve,0.064344,default-spec
cake3,1,nas-sp,txinvr,0.048062,default-spec
cake3,1,nas-sp,initialize4,0.00027,default-spec
cake3,1,nas-sp,rhs_norm,0.000273,default-spec
cake3,1,nas-sp,exact_rhs3,0.000421,default-spec
cake3,1,nas-sp,compute_rhs5,0.065056,default-spec
cake3,1,nas-sp,exact_rhs2,0.000397,default-spec
cake3,1,nas-sp,initialize3,0.000311,default-spec
cake3,1,nas-sp,compute_rhs2,0.051714,default-spec
cake3,1,nas-sp,compute_rhs6,0.049376,default-spec
cake3,1,nas-sp,y_solve,0.065786,default-spec
cake3,1,nas-sp,exact_rhs1,0.000196,default-spec
cake3,1,nas-sp,pinvr,0.026428,default-spec
cake3,1,nas-sp,exact_rhs4,0.000412,default-spec
cake3,1,nas-sp,compute_rhs1,0.051643,default-spec
cake3,1,nas-sp,initialize5,0.000662,default-spec
cake3,1,nas-sp,initialize1,0.000295,default-spec
cake3,2,nas-sp,error_norm,0.000855,default-spec
cake3,2,nas-sp,compute_rhs4,0.050542,default-spec
cake3,2,nas-sp,ninvr,0.050283,default-spec
cake3,2,nas-sp,initialize2,0.001428,default-spec
cake3,2,nas-sp,add,0.050437,default-spec
cake3,2,nas-sp,tzetar,0.051385,default-spec
cake3,2,nas-sp,exact_rhs5,0.000139,default-spec
cake3,2,nas-sp,compute_rhs3,0.051413,default-spec
cake3,2,nas-sp,z_solve,0.0743,default-spec
cake3,2,nas-sp,x_solve,0.067272,default-spec
cake3,2,nas-sp,txinvr,0.049069,default-spec
cake3,2,nas-sp,initialize4,0.000278,default-spec
cake3,2,nas-sp,rhs_norm,0.000347,default-spec
cake3,2,nas-sp,exact_rhs3,0.000416,default-spec
cake3,2,nas-sp,compute_rhs5,0.065697,default-spec
cake3,2,nas-sp,exact_rhs2,0.000411,default-spec
cake3,2,nas-sp,initialize3,0.000288,default-spec
cake3,2,nas-sp,compute_rhs2,0.050935,default-spec
cake3,2,nas-sp,compute_rhs6,0.048469,default-spec
cake3,2,nas-sp,y_solve,0.070478,default-spec
cake3,2,nas-sp,exact_rhs1,0.000223,default-spec
cake3,2,nas-sp,pinvr,0.024569,default-spec
cake3,2,nas-sp,exact_rhs4,0.000401,default-spec
cake3,2,nas-sp,compute_rhs1,0.054567,default-spec
cake3,2,nas-sp,initialize5,0.000546,default-spec
cake3,2,nas-sp,initialize1,0.000291,default-spec
cake3,3,nas-sp,error_norm,0.000665,default-spec
cake3,3,nas-sp,compute_rhs4,0.051235,default-spec
cake3,3,nas-sp,ninvr,0.048625,default-spec
cake3,3,nas-sp,initialize2,0.001411,default-spec
cake3,3,nas-sp,add,0.050068,default-spec
cake3,3,nas-sp,tzetar,0.050214,default-spec
cake3,3,nas-sp,exact_rhs5,0.000134,default-spec
cake3,3,nas-sp,compute_rhs3,0.051951,default-spec
cake3,3,nas-sp,z_solve,0.073137,default-spec
cake3,3,nas-sp,x_solve,0.066124,default-spec
cake3,3,nas-sp,txinvr,0.04883,default-spec
cake3,3,nas-sp,initialize4,0.000285,default-spec
cake3,3,nas-sp,rhs_norm,0.000267,default-spec
cake3,3,nas-sp,exact_rhs3,0.0004,default-spec
cake3,3,nas-sp,compute_rhs5,0.061765,default-spec
cake3,3,nas-sp,exact_rhs2,0.000407,default-spec
cake3,3,nas-sp,initialize3,0.000296,default-spec
cake3,3,nas-sp,compute_rhs2,0.051201,default-spec
cake3,3,nas-sp,compute_rhs6,0.048797,default-spec
cake3,3,nas-sp,y_solve,0.067273,default-spec
cake3,3,nas-sp,exact_rhs1,0.000208,default-spec
cake3,3,nas-sp,pinvr,0.028575,default-spec
cake3,3,nas-sp,exact_rhs4,0.000426,default-spec
cake3,3,nas-sp,compute_rhs1,0.055835,default-spec
cake3,3,nas-sp,initialize5,0.000668,default-spec
cake3,3,nas-sp,initialize1,0.000299,default-spec
cake3,4,nas-sp,error_norm,0.000716,default-spec
cake3,4,nas-sp,compute_rhs4,0.050002,default-spec
cake3,4,nas-sp,ninvr,0.049275,default-spec
cake3,4,nas-sp,initialize2,0.001418,default-spec
cake3,4,nas-sp,add,0.050962,default-spec
cake3,4,nas-sp,tzetar,0.051873,default-spec
cake3,4,nas-sp,exact_rhs5,0.00013,default-spec
cake3,4,nas-sp,compute_rhs3,0.054599,default-spec
cake3,4,nas-sp,z_solve,0.074115,default-spec
cake3,4,nas-sp,x_solve,0.068788,default-spec
cake3,4,nas-sp,txinvr,0.047953,default-spec
cake3,4,nas-sp,initialize4,0.000269,default-spec
cake3,4,nas-sp,rhs_norm,0.000295,default-spec
cake3,4,nas-sp,exact_rhs3,0.00041,default-spec
cake3,4,nas-sp,compute_rhs5,0.06488,default-spec
cake3,4,nas-sp,exact_rhs2,0.000435,default-spec
cake3,4,nas-sp,initialize3,0.000292,default-spec
cake3,4,nas-sp,compute_rhs2,0.051013,default-spec
cake3,4,nas-sp,compute_rhs6,0.050624,default-spec
cake3,4,nas-sp,y_solve,0.068831,default-spec
cake3,4,nas-sp,exact_rhs1,0.000198,default-spec
cake3,4,nas-sp,pinvr,0.030515,default-spec
cake3,4,nas-sp,exact_rhs4,0.00042,default-spec
cake3,4,nas-sp,compute_rhs1,0.055119,default-spec
cake3,4,nas-sp,initialize5,0.000556,default-spec
cake3,4,nas-sp,initialize1,0.000305,default-spec
cake3,0,particlefilter,find_index_kernel,0.552939,default-spec
cake3,0,particlefilter,normalize_weights_kernel,0.067037,default-spec
cake3,0,particlefilter,likelihood_kernel,1.364806,default-spec
cake3,0,particlefilter,sum_kernel,0.021075,default-spec
cake3,1,particlefilter,find_index_kernel,0.549416,default-spec
cake3,1,particlefilter,normalize_weights_kernel,0.06739,default-spec
cake3,1,particlefilter,likelihood_kernel,1.327165,default-spec
cake3,1,particlefilter,sum_kernel,0.020359,default-spec
cake3,2,particlefilter,find_index_kernel,0.545141,default-spec
cake3,2,particlefilter,normalize_weights_kernel,0.066383,default-spec
cake3,2,particlefilter,likelihood_kernel,1.392876,default-spec
cake3,2,particlefilter,sum_kernel,0.021048,default-spec
cake3,3,particlefilter,find_index_kernel,0.50524,default-spec
cake3,3,particlefilter,normalize_weights_kernel,0.066546,default-spec
cake3,3,particlefilter,likelihood_kernel,1.307475,default-spec
cake3,3,particlefilter,sum_kernel,0.020616,default-spec
cake3,4,particlefilter,find_index_kernel,0.528305,default-spec
cake3,4,particlefilter,normalize_weights_kernel,0.067212,default-spec
cake3,4,particlefilter,likelihood_kernel,1.367166,default-spec
cake3,4,particlefilter,sum_kernel,0.021309,default-spec
cake4,0,blur,blur_ver,1.679583,unroll-spec
cake4,0,blur,blur_hor,1.459122,unroll-spec
cake4,1,blur,blur_ver,1.682483,unroll-spec
cake4,1,blur,blur_hor,1.463805,unroll-spec
cake4,2,blur,blur_ver,1.664125,unroll-spec
cake4,2,blur,blur_hor,1.436135,unroll-spec
cake4,3,blur,blur_ver,1.657027,unroll-spec
cake4,3,blur,blur_hor,1.479391,unroll-spec
cake4,4,blur,blur_ver,1.707846,unroll-spec
cake4,4,blur,blur_hor,1.498434,unroll-spec
cake4,0,gaussian,Fan1,2.370378,unroll-spec
cake4,0,gaussian,Fan2,4.889424,unroll-spec
cake4,1,gaussian,Fan1,2.355849,unroll-spec
cake4,1,gaussian,Fan2,4.864902,unroll-spec
cake4,2,gaussian,Fan1,2.350175,unroll-spec
cake4,2,gaussian,Fan2,4.95877100000001,unroll-spec
cake4,3,gaussian,Fan1,2.367274,unroll-spec
cake4,3,gaussian,Fan2,4.952305,unroll-spec
cake4,4,gaussian,Fan1,2.363315,unroll-spec
cake4,4,gaussian,Fan2,4.992527,unroll-spec
cake4,0,mandelbrot,mandelGPU,4.951381,unroll-spec
cake4,1,mandelbrot,mandelGPU,4.946767,unroll-spec
cake4,2,mandelbrot,mandelGPU,4.979601,unroll-spec
cake4,3,mandelbrot,mandelGPU,4.943649,unroll-spec
cake4,4,mandelbrot,mandelGPU,4.898404,unroll-spec
cake4,0,mmul,fmma,1.935777,unroll-spec
cake4,1,mmul,fmma,1.926468,unroll-spec
cake4,2,mmul,fmma,1.935978,unroll-spec
cake4,3,mmul,fmma,1.897177,unroll-spec
cake4,4,mmul,fmma,1.918931,unroll-spec
cake4,0,nas-cg,conj_grad_6,0.03487,unroll-spec
cake4,0,nas-cg,main_0,0.004225,unroll-spec
cake4,0,nas-cg,makea_1,0.004543,unroll-spec
cake4,0,nas-cg,conj_grad_1,0.028611,unroll-spec
cake4,0,nas-cg,conj_grad_0,0.028753,unroll-spec
cake4,0,nas-cg,makea_2,0.001982,unroll-spec
cake4,0,nas-cg,conj_grad_3,0.718299000000001,unroll-spec
cake4,0,nas-cg,makea_0,0.042558,unroll-spec
cake4,0,nas-cg,makea_6,0.008553,unroll-spec
cake4,0,nas-cg,main_3,0.03422,unroll-spec
cake4,0,nas-cg,conj_grad_7,0.029359,unroll-spec
cake4,0,nas-cg,init_mem_0,0.007764,unroll-spec
cake4,0,nas-cg,main_2,0.001922,unroll-spec
cake4,0,nas-cg,main_4,0.035152,unroll-spec
cake4,0,nas-cg,makea_5,0.002059,unroll-spec
cake4,0,nas-cg,conj_grad_5,0.882286999999999,unroll-spec
cake4,0,nas-cg,makea_4,0.002138,unroll-spec
cake4,0,nas-cg,conj_grad_4,0.870709,unroll-spec
cake4,0,nas-cg,makea_7,0.001995,unroll-spec
cake4,0,nas-cg,makea_3,0.061563,unroll-spec
cake4,0,nas-cg,main_1,0.003905,unroll-spec
cake4,0,nas-cg,conj_grad_2,0.851259,unroll-spec
cake4,0,nas-cg,init_mem_1,0.011722,unroll-spec
cake4,1,nas-cg,conj_grad_6,0.033682,unroll-spec
cake4,1,nas-cg,main_0,0.003957,unroll-spec
cake4,1,nas-cg,makea_1,0.004147,unroll-spec
cake4,1,nas-cg,conj_grad_1,0.028463,unroll-spec
cake4,1,nas-cg,conj_grad_0,0.028963,unroll-spec
cake4,1,nas-cg,makea_2,0.002126,unroll-spec
cake4,1,nas-cg,conj_grad_3,0.713413,unroll-spec
cake4,1,nas-cg,makea_0,0.042677,unroll-spec
cake4,1,nas-cg,makea_6,0.008679,unroll-spec
cake4,1,nas-cg,main_3,0.034845,unroll-spec
cake4,1,nas-cg,conj_grad_7,0.028362,unroll-spec
cake4,1,nas-cg,init_mem_0,0.007347,unroll-spec
cake4,1,nas-cg,main_2,0.001979,unroll-spec
cake4,1,nas-cg,main_4,0.036692,unroll-spec
cake4,1,nas-cg,makea_5,0.002088,unroll-spec
cake4,1,nas-cg,conj_grad_5,0.877499,unroll-spec
cake4,1,nas-cg,makea_4,0.001997,unroll-spec
cake4,1,nas-cg,conj_grad_4,0.861505,unroll-spec
cake4,1,nas-cg,makea_7,0.001965,unroll-spec
cake4,1,nas-cg,makea_3,0.051207,unroll-spec
cake4,1,nas-cg,main_1,0.004175,unroll-spec
cake4,1,nas-cg,conj_grad_2,0.849084,unroll-spec
cake4,1,nas-cg,init_mem_1,0.011405,unroll-spec
cake4,2,nas-cg,conj_grad_6,0.034075,unroll-spec
cake4,2,nas-cg,main_0,0.004044,unroll-spec
cake4,2,nas-cg,makea_1,0.005723,unroll-spec
cake4,2,nas-cg,conj_grad_1,0.032505,unroll-spec
cake4,2,nas-cg,conj_grad_0,0.028733,unroll-spec
cake4,2,nas-cg,makea_2,0.001971,unroll-spec
cake4,2,nas-cg,conj_grad_3,0.723527,unroll-spec
cake4,2,nas-cg,makea_0,0.038461,unroll-spec
cake4,2,nas-cg,makea_6,0.008789,unroll-spec
cake4,2,nas-cg,main_3,0.035647,unroll-spec
cake4,2,nas-cg,conj_grad_7,0.028437,unroll-spec
cake4,2,nas-cg,init_mem_0,0.007508,unroll-spec
cake4,2,nas-cg,main_2,0.001922,unroll-spec
cake4,2,nas-cg,main_4,0.035396,unroll-spec
cake4,2,nas-cg,makea_5,0.002112,unroll-spec
cake4,2,nas-cg,conj_grad_5,0.888001,unroll-spec
cake4,2,nas-cg,makea_4,0.002042,unroll-spec
cake4,2,nas-cg,conj_grad_4,0.869532,unroll-spec
cake4,2,nas-cg,makea_7,0.001959,unroll-spec
cake4,2,nas-cg,makea_3,0.064251,unroll-spec
cake4,2,nas-cg,main_1,0.00376,unroll-spec
cake4,2,nas-cg,conj_grad_2,0.846408,unroll-spec
cake4,2,nas-cg,init_mem_1,0.011636,unroll-spec
cake4,3,nas-cg,conj_grad_6,0.034422,unroll-spec
cake4,3,nas-cg,main_0,0.003992,unroll-spec
cake4,3,nas-cg,makea_1,0.004164,unroll-spec
cake4,3,nas-cg,conj_grad_1,0.028723,unroll-spec
cake4,3,nas-cg,conj_grad_0,0.028601,unroll-spec
cake4,3,nas-cg,makea_2,0.001995,unroll-spec
cake4,3,nas-cg,conj_grad_3,0.724577,unroll-spec
cake4,3,nas-cg,makea_0,0.041195,unroll-spec
cake4,3,nas-cg,makea_6,0.009119,unroll-spec
cake4,3,nas-cg,main_3,0.035118,unroll-spec
cake4,3,nas-cg,conj_grad_7,0.028853,unroll-spec
cake4,3,nas-cg,init_mem_0,0.007498,unroll-spec
cake4,3,nas-cg,main_2,0.001951,unroll-spec
cake4,3,nas-cg,main_4,0.035199,unroll-spec
cake4,3,nas-cg,makea_5,0.00206,unroll-spec
cake4,3,nas-cg,conj_grad_5,0.887286,unroll-spec
cake4,3,nas-cg,makea_4,0.002187,unroll-spec
cake4,3,nas-cg,conj_grad_4,0.863719,unroll-spec
cake4,3,nas-cg,makea_7,0.001913,unroll-spec
cake4,3,nas-cg,makea_3,0.054096,unroll-spec
cake4,3,nas-cg,main_1,0.003884,unroll-spec
cake4,3,nas-cg,conj_grad_2,0.847101,unroll-spec
cake4,3,nas-cg,init_mem_1,0.011704,unroll-spec
cake4,4,nas-cg,conj_grad_6,0.034486,unroll-spec
cake4,4,nas-cg,main_0,0.004057,unroll-spec
cake4,4,nas-cg,makea_1,0.003928,unroll-spec
cake4,4,nas-cg,conj_grad_1,0.028616,unroll-spec
cake4,4,nas-cg,conj_grad_0,0.02873,unroll-spec
cake4,4,nas-cg,makea_2,0.002128,unroll-spec
cake4,4,nas-cg,conj_grad_3,0.725163,unroll-spec
cake4,4,nas-cg,makea_0,0.044502,unroll-spec
cake4,4,nas-cg,makea_6,0.008884,unroll-spec
cake4,4,nas-cg,main_3,0.035612,unroll-spec
cake4,4,nas-cg,conj_grad_7,0.028106,unroll-spec
cake4,4,nas-cg,init_mem_0,0.007773,unroll-spec
cake4,4,nas-cg,main_2,0.002173,unroll-spec
cake4,4,nas-cg,main_4,0.0354,unroll-spec
cake4,4,nas-cg,makea_5,0.002097,unroll-spec
cake4,4,nas-cg,conj_grad_5,0.880763,unroll-spec
cake4,4,nas-cg,makea_4,0.002233,unroll-spec
cake4,4,nas-cg,conj_grad_4,0.879431,unroll-spec
cake4,4,nas-cg,makea_7,0.001952,unroll-spec
cake4,4,nas-cg,makea_3,0.065254,unroll-spec
cake4,4,nas-cg,main_1,0.003959,unroll-spec
cake4,4,nas-cg,conj_grad_2,0.849765,unroll-spec
cake4,4,nas-cg,init_mem_1,0.011812,unroll-spec
cake4,0,nas-ep,embar,4.998072,unroll-spec
cake4,1,nas-ep,embar,5.106904,unroll-spec
cake4,2,nas-ep,embar,5.149594,unroll-spec
cake4,3,nas-ep,embar,4.679602,unroll-spec
cake4,4,nas-ep,embar,5.110354,unroll-spec
cake4,0,nas-ft,compute_initial_conditions,0.861874,unroll-spec
cake4,0,nas-ft,evolve,3.275837,unroll-spec
cake4,0,nas-ft,compute_indexmap,0.823817,unroll-spec
cake4,0,nas-ft,cffts3,7.955137,unroll-spec
cake4,0,nas-ft,checksum,0.044586,unroll-spec
cake4,0,nas-ft,init_ui,0.239661,unroll-spec
cake4,0,nas-ft,cffts1,12.345972,unroll-spec
cake4,0,nas-ft,cffts2,7.335586,unroll-spec
cake4,1,nas-ft,compute_initial_conditions,0.81869,unroll-spec
cake4,1,nas-ft,evolve,3.28219,unroll-spec
cake4,1,nas-ft,compute_indexmap,0.823918,unroll-spec
cake4,1,nas-ft,cffts3,7.924006,unroll-spec
cake4,1,nas-ft,checksum,0.045586,unroll-spec
cake4,1,nas-ft,init_ui,0.238721,unroll-spec
cake4,1,nas-ft,cffts1,12.456149,unroll-spec
cake4,1,nas-ft,cffts2,7.331225,unroll-spec
cake4,2,nas-ft,compute_initial_conditions,0.819759,unroll-spec
cake4,2,nas-ft,evolve,3.273994,unroll-spec
cake4,2,nas-ft,compute_indexmap,0.823227,unroll-spec
cake4,2,nas-ft,cffts3,7.92804,unroll-spec
cake4,2,nas-ft,checksum,0.046702,unroll-spec
cake4,2,nas-ft,init_ui,0.234249,unroll-spec
cake4,2,nas-ft,cffts1,12.310432,unroll-spec
cake4,2,nas-ft,cffts2,7.303809,unroll-spec
cake4,3,nas-ft,compute_initial_conditions,0.882194,unroll-spec
cake4,3,nas-ft,evolve,3.251716,unroll-spec
cake4,3,nas-ft,compute_indexmap,0.824383,unroll-spec
cake4,3,nas-ft,cffts3,7.916033,unroll-spec
cake4,3,nas-ft,checksum,0.045289,unroll-spec
cake4,3,nas-ft,init_ui,0.235094,unroll-spec
cake4,3,nas-ft,cffts1,12.340967,unroll-spec
cake4,3,nas-ft,cffts2,7.309363,unroll-spec
cake4,4,nas-ft,compute_initial_conditions,0.798003,unroll-spec
cake4,4,nas-ft,evolve,3.259953,unroll-spec
cake4,4,nas-ft,compute_indexmap,0.852369,unroll-spec
cake4,4,nas-ft,cffts3,7.915624,unroll-spec
cake4,4,nas-ft,checksum,0.046226,unroll-spec
cake4,4,nas-ft,init_ui,0.237306,unroll-spec
cake4,4,nas-ft,cffts1,12.324275,unroll-spec
cake4,4,nas-ft,cffts2,7.33139,unroll-spec
cake4,0,nas-is,rank2,1.280123,unroll-spec
cake4,0,nas-is,full_verify1,0.056709,unroll-spec
cake4,0,nas-is,rank3,0.247633,unroll-spec
cake4,0,nas-is,rank4,0.000978,unroll-spec
cake4,0,nas-is,full_verify2,0.022188,unroll-spec
cake4,0,nas-is,rank0,0.004206,unroll-spec
cake4,0,nas-is,rank1,0.217284,unroll-spec
cake4,0,nas-is,create_seq,0.809801,unroll-spec
cake4,1,nas-is,rank2,1.278401,unroll-spec
cake4,1,nas-is,full_verify1,0.063549,unroll-spec
cake4,1,nas-is,rank3,0.239225,unroll-spec
cake4,1,nas-is,rank4,0.000936,unroll-spec
cake4,1,nas-is,full_verify2,0.022105,unroll-spec
cake4,1,nas-is,rank0,0.003375,unroll-spec
cake4,1,nas-is,rank1,0.229087,unroll-spec
cake4,1,nas-is,create_seq,0.820749,unroll-spec
cake4,2,nas-is,rank2,1.288395,unroll-spec
cake4,2,nas-is,full_verify1,0.060486,unroll-spec
cake4,2,nas-is,rank3,0.243117,unroll-spec
cake4,2,nas-is,rank4,0.000914,unroll-spec
cake4,2,nas-is,full_verify2,0.020005,unroll-spec
cake4,2,nas-is,rank0,0.003045,unroll-spec
cake4,2,nas-is,rank1,0.237579,unroll-spec
cake4,2,nas-is,create_seq,0.812787,unroll-spec
cake4,3,nas-is,rank2,1.304979,unroll-spec
cake4,3,nas-is,full_verify1,0.056507,unroll-spec
cake4,3,nas-is,rank3,0.249499,unroll-spec
cake4,3,nas-is,rank4,0.000919,unroll-spec
cake4,3,nas-is,full_verify2,0.02281,unroll-spec
cake4,3,nas-is,rank0,0.003011,unroll-spec
cake4,3,nas-is,rank1,0.216354,unroll-spec
cake4,3,nas-is,create_seq,0.802637,unroll-spec
cake4,4,nas-is,rank2,1.290349,unroll-spec
cake4,4,nas-is,full_verify1,0.048066,unroll-spec
cake4,4,nas-is,rank3,0.2492,unroll-spec
cake4,4,nas-is,rank4,0.000972,unroll-spec
cake4,4,nas-is,full_verify2,0.020199,unroll-spec
cake4,4,nas-is,rank0,0.003396,unroll-spec
cake4,4,nas-is,rank1,0.231405,unroll-spec
cake4,4,nas-is,create_seq,0.781821,unroll-spec
cake4,0,nas-sp,error_norm,0.000714,unroll-spec
cake4,0,nas-sp,compute_rhs4,0.049432,unroll-spec
cake4,0,nas-sp,ninvr,0.048015,unroll-spec
cake4,0,nas-sp,initialize2,0.001501,unroll-spec
cake4,0,nas-sp,add,0.04787,unroll-spec
cake4,0,nas-sp,tzetar,0.048508,unroll-spec
cake4,0,nas-sp,exact_rhs5,0.000155,unroll-spec
cake4,0,nas-sp,compute_rhs3,0.051255,unroll-spec
cake4,0,nas-sp,z_solve,0.075139,unroll-spec
cake4,0,nas-sp,x_solve,0.061609,unroll-spec
cake4,0,nas-sp,txinvr,0.045285,unroll-spec
cake4,0,nas-sp,initialize4,0.000281,unroll-spec
cake4,0,nas-sp,rhs_norm,0.000282,unroll-spec
cake4,0,nas-sp,exact_rhs3,0.000407,unroll-spec
cake4,0,nas-sp,compute_rhs5,0.061828,unroll-spec
cake4,0,nas-sp,exact_rhs2,0.000402,unroll-spec
cake4,0,nas-sp,initialize3,0.00027,unroll-spec
cake4,0,nas-sp,compute_rhs2,0.048647,unroll-spec
cake4,0,nas-sp,compute_rhs6,0.05074,unroll-spec
cake4,0,nas-sp,y_solve,0.065024,unroll-spec
cake4,0,nas-sp,exact_rhs1,0.000199,unroll-spec
cake4,0,nas-sp,pinvr,0.024824,unroll-spec
cake4,0,nas-sp,exact_rhs4,0.000398,unroll-spec
cake4,0,nas-sp,compute_rhs1,0.05084,unroll-spec
cake4,0,nas-sp,initialize5,0.000677,unroll-spec
cake4,0,nas-sp,initialize1,0.000291,unroll-spec
cake4,1,nas-sp,error_norm,0.000694,unroll-spec
cake4,1,nas-sp,compute_rhs4,0.047763,unroll-spec
cake4,1,nas-sp,ninvr,0.048247,unroll-spec
cake4,1,nas-sp,initialize2,0.001484,unroll-spec
cake4,1,nas-sp,add,0.045492,unroll-spec
cake4,1,nas-sp,tzetar,0.045384,unroll-spec
cake4,1,nas-sp,exact_rhs5,0.000135,unroll-spec
cake4,1,nas-sp,compute_rhs3,0.049831,unroll-spec
cake4,1,nas-sp,z_solve,0.072129,unroll-spec
cake4,1,nas-sp,x_solve,0.062733,unroll-spec
cake4,1,nas-sp,txinvr,0.043025,unroll-spec
cake4,1,nas-sp,initialize4,0.000266,unroll-spec
cake4,1,nas-sp,rhs_norm,0.000274,unroll-spec
cake4,1,nas-sp,exact_rhs3,0.000395,unroll-spec
cake4,1,nas-sp,compute_rhs5,0.061183,unroll-spec
cake4,1,nas-sp,exact_rhs2,0.000419,unroll-spec
cake4,1,nas-sp,initialize3,0.000419,unroll-spec
cake4,1,nas-sp,compute_rhs2,0.050116,unroll-spec
cake4,1,nas-sp,compute_rhs6,0.04796,unroll-spec
cake4,1,nas-sp,y_solve,0.067328,unroll-spec
cake4,1,nas-sp,exact_rhs1,0.000216,unroll-spec
cake4,1,nas-sp,pinvr,0.025579,unroll-spec
cake4,1,nas-sp,exact_rhs4,0.000398,unroll-spec
cake4,1,nas-sp,compute_rhs1,0.048873,unroll-spec
cake4,1,nas-sp,initialize5,0.000578,unroll-spec
cake4,1,nas-sp,initialize1,0.000304,unroll-spec
cake4,2,nas-sp,error_norm,0.000802,unroll-spec
cake4,2,nas-sp,compute_rhs4,0.047176,unroll-spec
cake4,2,nas-sp,ninvr,0.046849,unroll-spec
cake4,2,nas-sp,initialize2,0.001491,unroll-spec
cake4,2,nas-sp,add,0.046362,unroll-spec
cake4,2,nas-sp,tzetar,0.04682,unroll-spec
cake4,2,nas-sp,exact_rhs5,0.000134,unroll-spec
cake4,2,nas-sp,compute_rhs3,0.051519,unroll-spec
cake4,2,nas-sp,z_solve,0.068504,unroll-spec
cake4,2,nas-sp,x_solve,0.061016,unroll-spec
cake4,2,nas-sp,txinvr,0.042525,unroll-spec
cake4,2,nas-sp,initialize4,0.000281,unroll-spec
cake4,2,nas-sp,rhs_norm,0.000273,unroll-spec
cake4,2,nas-sp,exact_rhs3,0.000387,unroll-spec
cake4,2,nas-sp,compute_rhs5,0.062127,unroll-spec
cake4,2,nas-sp,exact_rhs2,0.000458,unroll-spec
cake4,2,nas-sp,initialize3,0.000288,unroll-spec
cake4,2,nas-sp,compute_rhs2,0.050199,unroll-spec
cake4,2,nas-sp,compute_rhs6,0.048811,unroll-spec
cake4,2,nas-sp,y_solve,0.064996,unroll-spec
cake4,2,nas-sp,exact_rhs1,0.000244,unroll-spec
cake4,2,nas-sp,pinvr,0.022571,unroll-spec
cake4,2,nas-sp,exact_rhs4,0.0004,unroll-spec
cake4,2,nas-sp,compute_rhs1,0.044508,unroll-spec
cake4,2,nas-sp,initialize5,0.00018,unroll-spec
cake4,2,nas-sp,initialize1,0.000295,unroll-spec
cake4,3,nas-sp,error_norm,0.000668,unroll-spec
cake4,3,nas-sp,compute_rhs4,0.0519,unroll-spec
cake4,3,nas-sp,ninvr,0.050111,unroll-spec
cake4,3,nas-sp,initialize2,0.001519,unroll-spec
cake4,3,nas-sp,add,0.050387,unroll-spec
cake4,3,nas-sp,tzetar,0.049651,unroll-spec
cake4,3,nas-sp,exact_rhs5,0.000144,unroll-spec
cake4,3,nas-sp,compute_rhs3,0.050152,unroll-spec
cake4,3,nas-sp,z_solve,0.073202,unroll-spec
cake4,3,nas-sp,x_solve,0.065935,unroll-spec
cake4,3,nas-sp,txinvr,0.047841,unroll-spec
cake4,3,nas-sp,initialize4,0.000278,unroll-spec
cake4,3,nas-sp,rhs_norm,0.000298,unroll-spec
cake4,3,nas-sp,exact_rhs3,0.00039,unroll-spec
cake4,3,nas-sp,compute_rhs5,0.062062,unroll-spec
cake4,3,nas-sp,exact_rhs2,0.00041,unroll-spec
cake4,3,nas-sp,initialize3,0.000294,unroll-spec
cake4,3,nas-sp,compute_rhs2,0.052643,unroll-spec
cake4,3,nas-sp,compute_rhs6,0.04989,unroll-spec
cake4,3,nas-sp,y_solve,0.067212,unroll-spec
cake4,3,nas-sp,exact_rhs1,0.000203,unroll-spec
cake4,3,nas-sp,pinvr,0.026858,unroll-spec
cake4,3,nas-sp,exact_rhs4,0.000398,unroll-spec
cake4,3,nas-sp,compute_rhs1,0.051758,unroll-spec
cake4,3,nas-sp,initialize5,0.000593,unroll-spec
cake4,3,nas-sp,initialize1,0.000295,unroll-spec
cake4,4,nas-sp,error_norm,0.0007,unroll-spec
cake4,4,nas-sp,compute_rhs4,0.049753,unroll-spec
cake4,4,nas-sp,ninvr,0.049451,unroll-spec
cake4,4,nas-sp,initialize2,0.001518,unroll-spec
cake4,4,nas-sp,add,0.049081,unroll-spec
cake4,4,nas-sp,tzetar,0.051281,unroll-spec
cake4,4,nas-sp,exact_rhs5,0.000134,unroll-spec
cake4,4,nas-sp,compute_rhs3,0.053188,unroll-spec
cake4,4,nas-sp,z_solve,0.071747,unroll-spec
cake4,4,nas-sp,x_solve,0.065305,unroll-spec
cake4,4,nas-sp,txinvr,0.048667,unroll-spec
cake4,4,nas-sp,initialize4,0.000269,unroll-spec
cake4,4,nas-sp,rhs_norm,0.00028,unroll-spec
cake4,4,nas-sp,exact_rhs3,0.000403,unroll-spec
cake4,4,nas-sp,compute_rhs5,0.063105,unroll-spec
cake4,4,nas-sp,exact_rhs2,0.00041,unroll-spec
cake4,4,nas-sp,initialize3,0.000301,unroll-spec
cake4,4,nas-sp,compute_rhs2,0.052599,unroll-spec
cake4,4,nas-sp,compute_rhs6,0.049184,unroll-spec
cake4,4,nas-sp,y_solve,0.066114,unroll-spec
cake4,4,nas-sp,exact_rhs1,0.000216,unroll-spec
cake4,4,nas-sp,pinvr,0.021828,unroll-spec
cake4,4,nas-sp,exact_rhs4,0.000383,unroll-spec
cake4,4,nas-sp,compute_rhs1,0.052541,unroll-spec
cake4,4,nas-sp,initialize5,0.000561,unroll-spec
cake4,4,nas-sp,initialize1,0.000308,unroll-spec
cake4,0,particlefilter,find_index_kernel,0.523174,unroll-spec
cake4,0,particlefilter,normalize_weights_kernel,0.066684,unroll-spec
cake4,0,particlefilter,likelihood_kernel,1.339609,unroll-spec
cake4,0,particlefilter,sum_kernel,0.021352,unroll-spec
cake4,1,particlefilter,find_index_kernel,0.544842,unroll-spec
cake4,1,particlefilter,normalize_weights_kernel,0.066649,unroll-spec
cake4,1,particlefilter,likelihood_kernel,1.370033,unroll-spec
cake4,1,particlefilter,sum_kernel,0.02093,unroll-spec
cake4,2,particlefilter,find_index_kernel,0.524643,unroll-spec
cake4,2,particlefilter,normalize_weights_kernel,0.066752,unroll-spec
cake4,2,particlefilter,likelihood_kernel,1.356074,unroll-spec
cake4,2,particlefilter,sum_kernel,0.020494,unroll-spec
cake4,3,particlefilter,find_index_kernel,0.522751,unroll-spec
cake4,3,particlefilter,normalize_weights_kernel,0.068317,unroll-spec
cake4,3,particlefilter,likelihood_kernel,1.335861,unroll-spec
cake4,3,particlefilter,sum_kernel,0.020704,unroll-spec
cake4,4,particlefilter,find_index_kernel,0.545366,unroll-spec
cake4,4,particlefilter,normalize_weights_kernel,0.069685,unroll-spec
cake4,4,particlefilter,likelihood_kernel,1.3641,unroll-spec
cake4,4,particlefilter,sum_kernel,0.021787,unroll-spec
cake5,0,blur,blur_ver,1.670601,O3-spec
cake5,0,blur,blur_hor,1.5122,O3-spec
cake5,1,blur,blur_ver,1.693504,O3-spec
cake5,1,blur,blur_hor,1.482448,O3-spec
cake5,2,blur,blur_ver,1.696185,O3-spec
cake5,2,blur,blur_hor,1.469539,O3-spec
cake5,3,blur,blur_ver,1.653338,O3-spec
cake5,3,blur,blur_hor,1.438528,O3-spec
cake5,4,blur,blur_ver,1.65314,O3-spec
cake5,4,blur,blur_hor,1.468144,O3-spec
cake5,0,gaussian,Fan1,2.366168,O3-spec
cake5,0,gaussian,Fan2,4.98143700000001,O3-spec
cake5,1,gaussian,Fan1,2.36059,O3-spec
cake5,1,gaussian,Fan2,4.78063199999999,O3-spec
cake5,2,gaussian,Fan1,2.364248,O3-spec
cake5,2,gaussian,Fan2,4.964909,O3-spec
cake5,3,gaussian,Fan1,2.382962,O3-spec
cake5,3,gaussian,Fan2,4.982353,O3-spec
cake5,4,gaussian,Fan1,2.391148,O3-spec
cake5,4,gaussian,Fan2,4.973094,O3-spec
cake5,0,mandelbrot,mandelGPU,5.014894,O3-spec
cake5,1,mandelbrot,mandelGPU,4.924694,O3-spec
cake5,2,mandelbrot,mandelGPU,4.964431,O3-spec
cake5,3,mandelbrot,mandelGPU,4.925518,O3-spec
cake5,4,mandelbrot,mandelGPU,4.965232,O3-spec
cake5,0,mmul,fmma,5.115808,O3-spec
cake5,1,mmul,fmma,5.165304,O3-spec
cake5,2,mmul,fmma,5.037075,O3-spec
cake5,3,mmul,fmma,5.13446,O3-spec
cake5,4,mmul,fmma,5.138588,O3-spec
cake5,0,nas-cg,conj_grad_6,0.034108,O3-spec
cake5,0,nas-cg,main_0,0.004213,O3-spec
cake5,0,nas-cg,makea_1,0.005119,O3-spec
cake5,0,nas-cg,conj_grad_1,0.029078,O3-spec
cake5,0,nas-cg,conj_grad_0,0.030228,O3-spec
cake5,0,nas-cg,makea_2,0.001983,O3-spec
cake5,0,nas-cg,conj_grad_3,0.716932,O3-spec
cake5,0,nas-cg,makea_0,0.037658,O3-spec
cake5,0,nas-cg,makea_6,0.008809,O3-spec
cake5,0,nas-cg,main_3,0.035601,O3-spec
cake5,0,nas-cg,conj_grad_7,0.028347,O3-spec
cake5,0,nas-cg,init_mem_0,0.007567,O3-spec
cake5,0,nas-cg,main_2,0.001909,O3-spec
cake5,0,nas-cg,main_4,0.035739,O3-spec
cake5,0,nas-cg,makea_5,0.001975,O3-spec
cake5,0,nas-cg,conj_grad_5,0.881125,O3-spec
cake5,0,nas-cg,makea_4,0.002148,O3-spec
cake5,0,nas-cg,conj_grad_4,0.867939,O3-spec
cake5,0,nas-cg,makea_7,0.001822,O3-spec
cake5,0,nas-cg,makea_3,0.057911,O3-spec
cake5,0,nas-cg,main_1,0.004119,O3-spec
cake5,0,nas-cg,conj_grad_2,0.842150999999999,O3-spec
cake5,0,nas-cg,init_mem_1,0.011381,O3-spec
cake5,1,nas-cg,conj_grad_6,0.034591,O3-spec
cake5,1,nas-cg,main_0,0.004252,O3-spec
cake5,1,nas-cg,makea_1,0.004116,O3-spec
cake5,1,nas-cg,conj_grad_1,0.029696,O3-spec
cake5,1,nas-cg,conj_grad_0,0.029169,O3-spec
cake5,1,nas-cg,makea_2,0.002109,O3-spec
cake5,1,nas-cg,conj_grad_3,0.728046,O3-spec
cake5,1,nas-cg,makea_0,0.045203,O3-spec
cake5,1,nas-cg,makea_6,0.008584,O3-spec
cake5,1,nas-cg,main_3,0.036263,O3-spec
cake5,1,nas-cg,conj_grad_7,0.028603,O3-spec
cake5,1,nas-cg,init_mem_0,0.007918,O3-spec
cake5,1,nas-cg,main_2,0.001886,O3-spec
cake5,1,nas-cg,main_4,0.035618,O3-spec
cake5,1,nas-cg,makea_5,0.001944,O3-spec
cake5,1,nas-cg,conj_grad_5,0.896864000000001,O3-spec
cake5,1,nas-cg,makea_4,0.001966,O3-spec
cake5,1,nas-cg,conj_grad_4,0.888348,O3-spec
cake5,1,nas-cg,makea_7,0.002061,O3-spec
cake5,1,nas-cg,makea_3,0.058897,O3-spec
cake5,1,nas-cg,main_1,0.003784,O3-spec
cake5,1,nas-cg,conj_grad_2,0.850431,O3-spec
cake5,1,nas-cg,init_mem_1,0.011791,O3-spec
cake5,2,nas-cg,conj_grad_6,0.033468,O3-spec
cake5,2,nas-cg,main_0,0.004061,O3-spec
cake5,2,nas-cg,makea_1,0.005105,O3-spec
cake5,2,nas-cg,conj_grad_1,0.029258,O3-spec
cake5,2,nas-cg,conj_grad_0,0.028834,O3-spec
cake5,2,nas-cg,makea_2,0.002173,O3-spec
cake5,2,nas-cg,conj_grad_3,0.716783,O3-spec
cake5,2,nas-cg,makea_0,0.036765,O3-spec
cake5,2,nas-cg,makea_6,0.008436,O3-spec
cake5,2,nas-cg,main_3,0.035102,O3-spec
cake5,2,nas-cg,conj_grad_7,0.028407,O3-spec
cake5,2,nas-cg,init_mem_0,0.007376,O3-spec
cake5,2,nas-cg,main_2,0.00202,O3-spec
cake5,2,nas-cg,main_4,0.035878,O3-spec
cake5,2,nas-cg,makea_5,0.002249,O3-spec
cake5,2,nas-cg,conj_grad_5,0.887892,O3-spec
cake5,2,nas-cg,makea_4,0.002148,O3-spec
cake5,2,nas-cg,conj_grad_4,0.87223,O3-spec
cake5,2,nas-cg,makea_7,0.001943,O3-spec
cake5,2,nas-cg,makea_3,0.060568,O3-spec
cake5,2,nas-cg,main_1,0.003857,O3-spec
cake5,2,nas-cg,conj_grad_2,0.840875,O3-spec
cake5,2,nas-cg,init_mem_1,0.011901,O3-spec
cake5,3,nas-cg,conj_grad_6,0.034029,O3-spec
cake5,3,nas-cg,main_0,0.004141,O3-spec
cake5,3,nas-cg,makea_1,0.004146,O3-spec
cake5,3,nas-cg,conj_grad_1,0.028462,O3-spec
cake5,3,nas-cg,conj_grad_0,0.029266,O3-spec
cake5,3,nas-cg,makea_2,0.001992,O3-spec
cake5,3,nas-cg,conj_grad_3,0.728615,O3-spec
cake5,3,nas-cg,makea_0,0.03833,O3-spec
cake5,3,nas-cg,makea_6,0.008512,O3-spec
cake5,3,nas-cg,main_3,0.036068,O3-spec
cake5,3,nas-cg,conj_grad_7,0.02856,O3-spec
cake5,3,nas-cg,init_mem_0,0.007434,O3-spec
cake5,3,nas-cg,main_2,0.00202,O3-spec
cake5,3,nas-cg,main_4,0.037048,O3-spec
cake5,3,nas-cg,makea_5,0.002045,O3-spec
cake5,3,nas-cg,conj_grad_5,0.897911,O3-spec
cake5,3,nas-cg,makea_4,0.002087,O3-spec
cake5,3,nas-cg,conj_grad_4,0.883106000000001,O3-spec
cake5,3,nas-cg,makea_7,0.002022,O3-spec
cake5,3,nas-cg,makea_3,0.067642,O3-spec
cake5,3,nas-cg,main_1,0.003861,O3-spec
cake5,3,nas-cg,conj_grad_2,0.846424,O3-spec
cake5,3,nas-cg,init_mem_1,0.012041,O3-spec
cake5,4,nas-cg,conj_grad_6,0.034369,O3-spec
cake5,4,nas-cg,main_0,0.004399,O3-spec
cake5,4,nas-cg,makea_1,0.004049,O3-spec
cake5,4,nas-cg,conj_grad_1,0.030165,O3-spec
cake5,4,nas-cg,conj_grad_0,0.029108,O3-spec
cake5,4,nas-cg,makea_2,0.002161,O3-spec
cake5,4,nas-cg,conj_grad_3,0.729144,O3-spec
cake5,4,nas-cg,makea_0,0.048073,O3-spec
cake5,4,nas-cg,makea_6,0.008898,O3-spec
cake5,4,nas-cg,main_3,0.037389,O3-spec
cake5,4,nas-cg,conj_grad_7,0.0297,O3-spec
cake5,4,nas-cg,init_mem_0,0.007394,O3-spec
cake5,4,nas-cg,main_2,0.00195,O3-spec
cake5,4,nas-cg,main_4,0.035724,O3-spec
cake5,4,nas-cg,makea_5,0.001996,O3-spec
cake5,4,nas-cg,conj_grad_5,0.895254,O3-spec
cake5,4,nas-cg,makea_4,0.002182,O3-spec
cake5,4,nas-cg,conj_grad_4,0.881641999999999,O3-spec
cake5,4,nas-cg,makea_7,0.001953,O3-spec
cake5,4,nas-cg,makea_3,0.066415,O3-spec
cake5,4,nas-cg,main_1,0.003919,O3-spec
cake5,4,nas-cg,conj_grad_2,0.854723,O3-spec
cake5,4,nas-cg,init_mem_1,0.012174,O3-spec
cake5,0,nas-ep,embar,4.946428,O3-spec
cake5,1,nas-ep,embar,4.99283,O3-spec
cake5,2,nas-ep,embar,4.894453,O3-spec
cake5,3,nas-ep,embar,4.842621,O3-spec
cake5,4,nas-ep,embar,4.920613,O3-spec
cake5,0,nas-ft,compute_initial_conditions,0.859146,O3-spec
cake5,0,nas-ft,evolve,3.270285,O3-spec
cake5,0,nas-ft,compute_indexmap,0.871507,O3-spec
cake5,0,nas-ft,cffts3,7.930794,O3-spec
cake5,0,nas-ft,checksum,0.046171,O3-spec
cake5,0,nas-ft,init_ui,0.232749,O3-spec
cake5,0,nas-ft,cffts1,12.050174,O3-spec
cake5,0,nas-ft,cffts2,7.703569,O3-spec
cake5,1,nas-ft,compute_initial_conditions,0.831851,O3-spec
cake5,1,nas-ft,evolve,3.212636,O3-spec
cake5,1,nas-ft,compute_indexmap,0.875192,O3-spec
cake5,1,nas-ft,cffts3,7.907229,O3-spec
cake5,1,nas-ft,checksum,0.045619,O3-spec
cake5,1,nas-ft,init_ui,0.23297,O3-spec
cake5,1,nas-ft,cffts1,12.081063,O3-spec
cake5,1,nas-ft,cffts2,7.694506,O3-spec
cake5,2,nas-ft,compute_initial_conditions,0.862622,O3-spec
cake5,2,nas-ft,evolve,3.163189,O3-spec
cake5,2,nas-ft,compute_indexmap,0.875862,O3-spec
cake5,2,nas-ft,cffts3,7.954655,O3-spec
cake5,2,nas-ft,checksum,0.045979,O3-spec
cake5,2,nas-ft,init_ui,0.231418,O3-spec
cake5,2,nas-ft,cffts1,11.986565,O3-spec
cake5,2,nas-ft,cffts2,7.699948,O3-spec
cake5,3,nas-ft,compute_initial_conditions,0.817139,O3-spec
cake5,3,nas-ft,evolve,3.198197,O3-spec
cake5,3,nas-ft,compute_indexmap,0.871944,O3-spec
cake5,3,nas-ft,cffts3,7.914236,O3-spec
cake5,3,nas-ft,checksum,0.04537,O3-spec
cake5,3,nas-ft,init_ui,0.226621,O3-spec
cake5,3,nas-ft,cffts1,12.109652,O3-spec
cake5,3,nas-ft,cffts2,7.698725,O3-spec
cake5,4,nas-ft,compute_initial_conditions,0.781447,O3-spec
cake5,4,nas-ft,evolve,3.192878,O3-spec
cake5,4,nas-ft,compute_indexmap,0.873069,O3-spec
cake5,4,nas-ft,cffts3,7.910913,O3-spec
cake5,4,nas-ft,checksum,0.056177,O3-spec
cake5,4,nas-ft,init_ui,0.231346,O3-spec
cake5,4,nas-ft,cffts1,12.053146,O3-spec
cake5,4,nas-ft,cffts2,7.717469,O3-spec
cake5,0,nas-is,rank2,1.295348,O3-spec
cake5,0,nas-is,full_verify1,0.055283,O3-spec
cake5,0,nas-is,rank3,0.257172,O3-spec
cake5,0,nas-is,rank4,0.000926,O3-spec
cake5,0,nas-is,full_verify2,0.010412,O3-spec
cake5,0,nas-is,rank0,0.004144,O3-spec
cake5,0,nas-is,rank1,0.235369,O3-spec
cake5,0,nas-is,create_seq,0.75681,O3-spec
cake5,1,nas-is,rank2,1.312241,O3-spec
cake5,1,nas-is,full_verify1,0.055094,O3-spec
cake5,1,nas-is,rank3,0.257577,O3-spec
cake5,1,nas-is,rank4,0.000996,O3-spec
cake5,1,nas-is,full_verify2,0.010931,O3-spec
cake5,1,nas-is,rank0,0.003242,O3-spec
cake5,1,nas-is,rank1,0.225614,O3-spec
cake5,1,nas-is,create_seq,0.834006,O3-spec
cake5,2,nas-is,rank2,1.319576,O3-spec
cake5,2,nas-is,full_verify1,0.053368,O3-spec
cake5,2,nas-is,rank3,0.257106,O3-spec
cake5,2,nas-is,rank4,0.000953,O3-spec
cake5,2,nas-is,full_verify2,0.011745,O3-spec
cake5,2,nas-is,rank0,0.003716,O3-spec
cake5,2,nas-is,rank1,0.22932,O3-spec
cake5,2,nas-is,create_seq,0.783164,O3-spec
cake5,3,nas-is,rank2,1.30859,O3-spec
cake5,3,nas-is,full_verify1,0.057109,O3-spec
cake5,3,nas-is,rank3,0.264272,O3-spec
cake5,3,nas-is,rank4,0.00097,O3-spec
cake5,3,nas-is,full_verify2,0.012011,O3-spec
cake5,3,nas-is,rank0,0.004377,O3-spec
cake5,3,nas-is,rank1,0.232024,O3-spec
cake5,3,nas-is,create_seq,0.847795,O3-spec
cake5,4,nas-is,rank2,1.314651,O3-spec
cake5,4,nas-is,full_verify1,0.054655,O3-spec
cake5,4,nas-is,rank3,0.261832,O3-spec
cake5,4,nas-is,rank4,0.000957,O3-spec
cake5,4,nas-is,full_verify2,0.010702,O3-spec
cake5,4,nas-is,rank0,0.003768,O3-spec
cake5,4,nas-is,rank1,0.220519,O3-spec
cake5,4,nas-is,create_seq,0.84821,O3-spec
cake5,0,nas-sp,error_norm,0.000715,O3-spec
cake5,0,nas-sp,compute_rhs4,0.050411,O3-spec
cake5,0,nas-sp,ninvr,0.050037,O3-spec
cake5,0,nas-sp,initialize2,0.001487,O3-spec
cake5,0,nas-sp,add,0.051389,O3-spec
cake5,0,nas-sp,tzetar,0.047671,O3-spec
cake5,0,nas-sp,exact_rhs5,0.000145,O3-spec
cake5,0,nas-sp,compute_rhs3,0.051771,O3-spec
cake5,0,nas-sp,z_solve,0.070324,O3-spec
cake5,0,nas-sp,x_solve,0.066206,O3-spec
cake5,0,nas-sp,txinvr,0.047814,O3-spec
cake5,0,nas-sp,initialize4,0.000272,O3-spec
cake5,0,nas-sp,rhs_norm,0.000302,O3-spec
cake5,0,nas-sp,exact_rhs3,0.000386,O3-spec
cake5,0,nas-sp,compute_rhs5,0.063526,O3-spec
cake5,0,nas-sp,exact_rhs2,0.000428,O3-spec
cake5,0,nas-sp,initialize3,0.000298,O3-spec
cake5,0,nas-sp,compute_rhs2,0.052038,O3-spec
cake5,0,nas-sp,compute_rhs6,0.05107,O3-spec
cake5,0,nas-sp,y_solve,0.06787,O3-spec
cake5,0,nas-sp,exact_rhs1,0.000208,O3-spec
cake5,0,nas-sp,pinvr,0.03147,O3-spec
cake5,0,nas-sp,exact_rhs4,0.000403,O3-spec
cake5,0,nas-sp,compute_rhs1,0.051693,O3-spec
cake5,0,nas-sp,initialize5,0.000187,O3-spec
cake5,0,nas-sp,initialize1,0.000299,O3-spec
cake5,1,nas-sp,error_norm,0.00074,O3-spec
cake5,1,nas-sp,compute_rhs4,0.049249,O3-spec
cake5,1,nas-sp,ninvr,0.050466,O3-spec
cake5,1,nas-sp,initialize2,0.001485,O3-spec
cake5,1,nas-sp,add,0.050772,O3-spec
cake5,1,nas-sp,tzetar,0.051045,O3-spec
cake5,1,nas-sp,exact_rhs5,0.000141,O3-spec
cake5,1,nas-sp,compute_rhs3,0.052224,O3-spec
cake5,1,nas-sp,z_solve,0.07189,O3-spec
cake5,1,nas-sp,x_solve,0.065991,O3-spec
cake5,1,nas-sp,txinvr,0.050111,O3-spec
cake5,1,nas-sp,initialize4,0.000274,O3-spec
cake5,1,nas-sp,rhs_norm,0.000288,O3-spec
cake5,1,nas-sp,exact_rhs3,0.000391,O3-spec
cake5,1,nas-sp,compute_rhs5,0.061526,O3-spec
cake5,1,nas-sp,exact_rhs2,0.000438,O3-spec
cake5,1,nas-sp,initialize3,0.000286,O3-spec
cake5,1,nas-sp,compute_rhs2,0.052246,O3-spec
cake5,1,nas-sp,compute_rhs6,0.050403,O3-spec
cake5,1,nas-sp,y_solve,0.069279,O3-spec
cake5,1,nas-sp,exact_rhs1,0.000196,O3-spec
cake5,1,nas-sp,pinvr,0.030823,O3-spec
cake5,1,nas-sp,exact_rhs4,0.000398,O3-spec
cake5,1,nas-sp,compute_rhs1,0.054355,O3-spec
cake5,1,nas-sp,initialize5,0.000553,O3-spec
cake5,1,nas-sp,initialize1,0.000302,O3-spec
cake5,2,nas-sp,error_norm,0.000651,O3-spec
cake5,2,nas-sp,compute_rhs4,0.049705,O3-spec
cake5,2,nas-sp,ninvr,0.050579,O3-spec
cake5,2,nas-sp,initialize2,0.001501,O3-spec
cake5,2,nas-sp,add,0.048893,O3-spec
cake5,2,nas-sp,tzetar,0.049626,O3-spec
cake5,2,nas-sp,exact_rhs5,0.000127,O3-spec
cake5,2,nas-sp,compute_rhs3,0.050499,O3-spec
cake5,2,nas-sp,z_solve,0.073326,O3-spec
cake5,2,nas-sp,x_solve,0.063243,O3-spec
cake5,2,nas-sp,txinvr,0.048949,O3-spec
cake5,2,nas-sp,initialize4,0.000267,O3-spec
cake5,2,nas-sp,rhs_norm,0.00028,O3-spec
cake5,2,nas-sp,exact_rhs3,0.000393,O3-spec
cake5,2,nas-sp,compute_rhs5,0.064569,O3-spec
cake5,2,nas-sp,exact_rhs2,0.00041,O3-spec
cake5,2,nas-sp,initialize3,0.000288,O3-spec
cake5,2,nas-sp,compute_rhs2,0.05219,O3-spec
cake5,2,nas-sp,compute_rhs6,0.049778,O3-spec
cake5,2,nas-sp,y_solve,0.067423,O3-spec
cake5,2,nas-sp,exact_rhs1,0.000209,O3-spec
cake5,2,nas-sp,pinvr,0.029347,O3-spec
cake5,2,nas-sp,exact_rhs4,0.00041,O3-spec
cake5,2,nas-sp,compute_rhs1,0.051626,O3-spec
cake5,2,nas-sp,initialize5,0.000629,O3-spec
cake5,2,nas-sp,initialize1,0.000291,O3-spec
cake5,3,nas-sp,error_norm,0.000697,O3-spec
cake5,3,nas-sp,compute_rhs4,0.050149,O3-spec
cake5,3,nas-sp,ninvr,0.051501,O3-spec
cake5,3,nas-sp,initialize2,0.001505,O3-spec
cake5,3,nas-sp,add,0.050731,O3-spec
cake5,3,nas-sp,tzetar,0.046696,O3-spec
cake5,3,nas-sp,exact_rhs5,0.000155,O3-spec
cake5,3,nas-sp,compute_rhs3,0.049204,O3-spec
cake5,3,nas-sp,z_solve,0.070173,O3-spec
cake5,3,nas-sp,x_solve,0.059487,O3-spec
cake5,3,nas-sp,txinvr,0.046585,O3-spec
cake5,3,nas-sp,initialize4,0.000262,O3-spec
cake5,3,nas-sp,rhs_norm,0.000291,O3-spec
cake5,3,nas-sp,exact_rhs3,0.000401,O3-spec
cake5,3,nas-sp,compute_rhs5,0.060672,O3-spec
cake5,3,nas-sp,exact_rhs2,0.000425,O3-spec
cake5,3,nas-sp,initialize3,0.000296,O3-spec
cake5,3,nas-sp,compute_rhs2,0.051446,O3-spec
cake5,3,nas-sp,compute_rhs6,0.049194,O3-spec
cake5,3,nas-sp,y_solve,0.063955,O3-spec
cake5,3,nas-sp,exact_rhs1,0.000208,O3-spec
cake5,3,nas-sp,pinvr,0.029577,O3-spec
cake5,3,nas-sp,exact_rhs4,0.000383,O3-spec
cake5,3,nas-sp,compute_rhs1,0.050425,O3-spec
cake5,3,nas-sp,initialize5,0.000514,O3-spec
cake5,3,nas-sp,initialize1,0.000297,O3-spec
cake5,4,nas-sp,error_norm,0.000748,O3-spec
cake5,4,nas-sp,compute_rhs4,0.052889,O3-spec
cake5,4,nas-sp,ninvr,0.05195,O3-spec
cake5,4,nas-sp,initialize2,0.001488,O3-spec
cake5,4,nas-sp,add,0.050597,O3-spec
cake5,4,nas-sp,tzetar,0.050471,O3-spec
cake5,4,nas-sp,exact_rhs5,0.000147,O3-spec
cake5,4,nas-sp,compute_rhs3,0.053581,O3-spec
cake5,4,nas-sp,z_solve,0.072989,O3-spec
cake5,4,nas-sp,x_solve,0.064977,O3-spec
cake5,4,nas-sp,txinvr,0.047829,O3-spec
cake5,4,nas-sp,initialize4,0.000285,O3-spec
cake5,4,nas-sp,rhs_norm,0.000282,O3-spec
cake5,4,nas-sp,exact_rhs3,0.000419,O3-spec
cake5,4,nas-sp,compute_rhs5,0.064301,O3-spec
cake5,4,nas-sp,exact_rhs2,0.000416,O3-spec
cake5,4,nas-sp,initialize3,0.00028,O3-spec
cake5,4,nas-sp,compute_rhs2,0.051943,O3-spec
cake5,4,nas-sp,compute_rhs6,0.051555,O3-spec
cake5,4,nas-sp,y_solve,0.067317,O3-spec
cake5,4,nas-sp,exact_rhs1,0.000187,O3-spec
cake5,4,nas-sp,pinvr,0.03003,O3-spec
cake5,4,nas-sp,exact_rhs4,0.000396,O3-spec
cake5,4,nas-sp,compute_rhs1,0.051772,O3-spec
cake5,4,nas-sp,initialize5,0.000608,O3-spec
cake5,4,nas-sp,initialize1,0.000318,O3-spec
cake5,0,particlefilter,find_index_kernel,0.511512,O3-spec
cake5,0,particlefilter,normalize_weights_kernel,0.066863,O3-spec
cake5,0,particlefilter,likelihood_kernel,1.303284,O3-spec
cake5,0,particlefilter,sum_kernel,0.021274,O3-spec
cake5,1,particlefilter,find_index_kernel,0.539142,O3-spec
cake5,1,particlefilter,normalize_weights_kernel,0.066267,O3-spec
cake5,1,particlefilter,likelihood_kernel,1.264184,O3-spec
cake5,1,particlefilter,sum_kernel,0.021044,O3-spec
cake5,2,particlefilter,find_index_kernel,0.514103,O3-spec
cake5,2,particlefilter,normalize_weights_kernel,0.067028,O3-spec
cake5,2,particlefilter,likelihood_kernel,1.241584,O3-spec
cake5,2,particlefilter,sum_kernel,0.021284,O3-spec
cake5,3,particlefilter,find_index_kernel,0.494139,O3-spec
cake5,3,particlefilter,normalize_weights_kernel,0.066733,O3-spec
cake5,3,particlefilter,likelihood_kernel,1.277965,O3-spec
cake5,3,particlefilter,sum_kernel,0.021184,O3-spec
cake5,4,particlefilter,find_index_kernel,0.509185,O3-spec
cake5,4,particlefilter,normalize_weights_kernel,0.068075,O3-spec
cake5,4,particlefilter,likelihood_kernel,1.225502,O3-spec
cake5,4,particlefilter,sum_kernel,0.021745,O3-spec
