amdgpu0,0,blur,blur_ver,1.678694,default
amdgpu0,0,blur,blur_hor,1.591105,default
amdgpu0,1,blur,blur_ver,1.678661,default
amdgpu0,1,blur,blur_hor,1.591124,default
amdgpu0,2,blur,blur_ver,1.677228,default
amdgpu0,2,blur,blur_hor,1.591131,default
amdgpu0,3,blur,blur_ver,1.677927,default
amdgpu0,3,blur,blur_hor,1.590956,default
amdgpu0,4,blur,blur_ver,1.678659,default
amdgpu0,4,blur,blur_hor,1.591154,default
amdgpu0,0,gaussian,Fan1,0.0767200000000003,default
amdgpu0,0,gaussian,Fan2,4.99413499999999,default
amdgpu0,1,gaussian,Fan1,0.0772100000000003,default
amdgpu0,1,gaussian,Fan2,4.973455,default
amdgpu0,2,gaussian,Fan1,0.0764180000000003,default
amdgpu0,2,gaussian,Fan2,4.97361500000001,default
amdgpu0,3,gaussian,Fan1,0.0768990000000002,default
amdgpu0,3,gaussian,Fan2,4.973253,default
amdgpu0,4,gaussian,Fan1,0.0760860000000003,default
amdgpu0,4,gaussian,Fan2,4.97026,default
amdgpu0,0,mandelbrot,mandelGPU,0.740571,default
amdgpu0,1,mandelbrot,mandelGPU,0.759063,default
amdgpu0,2,mandelbrot,mandelGPU,0.756592,default
amdgpu0,3,mandelbrot,mandelGPU,0.756671,default
amdgpu0,4,mandelbrot,mandelGPU,0.754747,default
amdgpu0,0,mmul,fmma,0.895541,default
amdgpu0,1,mmul,fmma,0.872892,default
amdgpu0,2,mmul,fmma,0.872691,default
amdgpu0,3,mmul,fmma,0.872457,default
amdgpu0,4,mmul,fmma,0.873024,default
amdgpu0,0,nas-cg,conj_grad_6,0.01795,default
amdgpu0,0,nas-cg,main_0,0.001111,default
amdgpu0,0,nas-cg,makea_1,0.113124,default
amdgpu0,0,nas-cg,conj_grad_1,0.001311,default
amdgpu0,0,nas-cg,conj_grad_0,0.001275,default
amdgpu0,0,nas-cg,makea_2,0.000853,default
amdgpu0,0,nas-cg,conj_grad_3,0.036854,default
amdgpu0,0,nas-cg,makea_0,0.892356,default
amdgpu0,0,nas-cg,makea_6,0.004991,default
amdgpu0,0,nas-cg,main_3,0.001508,default
amdgpu0,0,nas-cg,conj_grad_7,0.001757,default
amdgpu0,0,nas-cg,init_mem_0,0.000726,default
amdgpu0,0,nas-cg,main_2,0.000377,default
amdgpu0,0,nas-cg,main_4,0.001185,default
amdgpu0,0,nas-cg,makea_5,0.00084,default
amdgpu0,0,nas-cg,conj_grad_5,0.0225509999999999,default
amdgpu0,0,nas-cg,makea_4,0.000386,default
amdgpu0,0,nas-cg,conj_grad_4,0.030578,default
amdgpu0,0,nas-cg,makea_7,0.000362,default
amdgpu0,0,nas-cg,makea_3,4.326282,default
amdgpu0,0,nas-cg,main_1,0.000413,default
amdgpu0,0,nas-cg,conj_grad_2,0.442501,default
amdgpu0,0,nas-cg,init_mem_1,0.002219,default
amdgpu0,1,nas-cg,conj_grad_6,0.017944,default
amdgpu0,1,nas-cg,main_0,0.001115,default
amdgpu0,1,nas-cg,makea_1,0.113091,default
amdgpu0,1,nas-cg,conj_grad_1,0.001323,default
amdgpu0,1,nas-cg,conj_grad_0,0.001341,default
amdgpu0,1,nas-cg,makea_2,0.000838,default
amdgpu0,1,nas-cg,conj_grad_3,0.0358080000000001,default
amdgpu0,1,nas-cg,makea_0,0.909603,default
amdgpu0,1,nas-cg,makea_6,0.004963,default
amdgpu0,1,nas-cg,main_3,0.001503,default
amdgpu0,1,nas-cg,conj_grad_7,0.001722,default
amdgpu0,1,nas-cg,init_mem_0,0.001508,default
amdgpu0,1,nas-cg,main_2,0.000389,default
amdgpu0,1,nas-cg,main_4,0.001202,default
amdgpu0,1,nas-cg,makea_5,0.000804,default
amdgpu0,1,nas-cg,conj_grad_5,0.022316,default
amdgpu0,1,nas-cg,makea_4,0.000391,default
amdgpu0,1,nas-cg,conj_grad_4,0.030197,default
amdgpu0,1,nas-cg,makea_7,0.000358,default
amdgpu0,1,nas-cg,makea_3,4.327103,default
amdgpu0,1,nas-cg,main_1,0.000415,default
amdgpu0,1,nas-cg,conj_grad_2,0.441459,default
amdgpu0,1,nas-cg,init_mem_1,0.012199,default
amdgpu0,2,nas-cg,conj_grad_6,0.017943,default
amdgpu0,2,nas-cg,main_0,0.001108,default
amdgpu0,2,nas-cg,makea_1,0.113089,default
amdgpu0,2,nas-cg,conj_grad_1,0.001316,default
amdgpu0,2,nas-cg,conj_grad_0,0.001264,default
amdgpu0,2,nas-cg,makea_2,0.000834,default
amdgpu0,2,nas-cg,conj_grad_3,0.035692,default
amdgpu0,2,nas-cg,makea_0,0.913111,default
amdgpu0,2,nas-cg,makea_6,0.004983,default
amdgpu0,2,nas-cg,main_3,0.001487,default
amdgpu0,2,nas-cg,conj_grad_7,0.001712,default
amdgpu0,2,nas-cg,init_mem_0,0.001508,default
amdgpu0,2,nas-cg,main_2,0.000374,default
amdgpu0,2,nas-cg,main_4,0.001196,default
amdgpu0,2,nas-cg,makea_5,0.000824,default
amdgpu0,2,nas-cg,conj_grad_5,0.0222119999999999,default
amdgpu0,2,nas-cg,makea_4,0.00039,default
amdgpu0,2,nas-cg,conj_grad_4,0.029958,default
amdgpu0,2,nas-cg,makea_7,0.000363,default
amdgpu0,2,nas-cg,makea_3,4.324382,default
amdgpu0,2,nas-cg,main_1,0.000413,default
amdgpu0,2,nas-cg,conj_grad_2,0.441247,default
amdgpu0,2,nas-cg,init_mem_1,0.012139,default
amdgpu0,3,nas-cg,conj_grad_6,0.017945,default
amdgpu0,3,nas-cg,main_0,0.001104,default
amdgpu0,3,nas-cg,makea_1,0.11308,default
amdgpu0,3,nas-cg,conj_grad_1,0.001304,default
amdgpu0,3,nas-cg,conj_grad_0,0.001341,default
amdgpu0,3,nas-cg,makea_2,0.00083,default
amdgpu0,3,nas-cg,conj_grad_3,0.035377,default
amdgpu0,3,nas-cg,makea_0,0.913551,default
amdgpu0,3,nas-cg,makea_6,0.004975,default
amdgpu0,3,nas-cg,main_3,0.001476,default
amdgpu0,3,nas-cg,conj_grad_7,0.001713,default
amdgpu0,3,nas-cg,init_mem_0,0.001512,default
amdgpu0,3,nas-cg,main_2,0.000371,default
amdgpu0,3,nas-cg,main_4,0.001188,default
amdgpu0,3,nas-cg,makea_5,0.000829,default
amdgpu0,3,nas-cg,conj_grad_5,0.0221819999999999,default
amdgpu0,3,nas-cg,makea_4,0.000395,default
amdgpu0,3,nas-cg,conj_grad_4,0.029943,default
amdgpu0,3,nas-cg,makea_7,0.000364,default
amdgpu0,3,nas-cg,makea_3,4.327318,default
amdgpu0,3,nas-cg,main_1,0.000428,default
amdgpu0,3,nas-cg,conj_grad_2,0.441191,default
amdgpu0,3,nas-cg,init_mem_1,0.006708,default
amdgpu0,4,nas-cg,conj_grad_6,0.01795,default
amdgpu0,4,nas-cg,main_0,0.001112,default
amdgpu0,4,nas-cg,makea_1,0.113103,default
amdgpu0,4,nas-cg,conj_grad_1,0.001315,default
amdgpu0,4,nas-cg,conj_grad_0,0.001323,default
amdgpu0,4,nas-cg,makea_2,0.000839,default
amdgpu0,4,nas-cg,conj_grad_3,0.0359519999999999,default
amdgpu0,4,nas-cg,makea_0,0.910971,default
amdgpu0,4,nas-cg,makea_6,0.004979,default
amdgpu0,4,nas-cg,main_3,0.001481,default
amdgpu0,4,nas-cg,conj_grad_7,0.001735,default
amdgpu0,4,nas-cg,init_mem_0,0.001504,default
amdgpu0,4,nas-cg,main_2,0.000374,default
amdgpu0,4,nas-cg,main_4,0.00122,default
amdgpu0,4,nas-cg,makea_5,0.000825,default
amdgpu0,4,nas-cg,conj_grad_5,0.0221009999999999,default
amdgpu0,4,nas-cg,makea_4,0.000396,default
amdgpu0,4,nas-cg,conj_grad_4,0.0298790000000001,default
amdgpu0,4,nas-cg,makea_7,0.00036,default
amdgpu0,4,nas-cg,makea_3,4.326291,default
amdgpu0,4,nas-cg,main_1,0.000408,default
amdgpu0,4,nas-cg,conj_grad_2,0.441214,default
amdgpu0,4,nas-cg,init_mem_1,0.006703,default
amdgpu0,0,nas-is,full_verify0,0.014235,default
amdgpu0,0,nas-is,rank2,1.33256,default
amdgpu0,0,nas-is,full_verify1,0.167156,default
amdgpu0,0,nas-is,rank3_1,0.229678,default
amdgpu0,0,nas-is,rank3_0,0.249373,default
amdgpu0,0,nas-is,full_verify2,0.017093,default
amdgpu0,0,nas-is,rank3_2,0.235187,default
amdgpu0,0,nas-is,rank4,0.002104,default
amdgpu0,0,nas-is,rank0,0.001043,default
amdgpu0,0,nas-is,rank1,0.011894,default
amdgpu0,0,nas-is,create_seq,0.103663,default
amdgpu0,1,nas-is,full_verify0,0.014223,default
amdgpu0,1,nas-is,rank2,1.34035,default
amdgpu0,1,nas-is,full_verify1,0.167157,default
amdgpu0,1,nas-is,rank3_1,0.227582,default
amdgpu0,1,nas-is,rank3_0,0.240076,default
amdgpu0,1,nas-is,full_verify2,0.017096,default
amdgpu0,1,nas-is,rank3_2,0.229365,default
amdgpu0,1,nas-is,rank4,0.002024,default
amdgpu0,1,nas-is,rank0,0.001046,default
amdgpu0,1,nas-is,rank1,0.011954,default
amdgpu0,1,nas-is,create_seq,0.082562,default
amdgpu0,2,nas-is,full_verify0,0.014211,default
amdgpu0,2,nas-is,rank2,1.357377,default
amdgpu0,2,nas-is,full_verify1,0.166972,default
amdgpu0,2,nas-is,rank3_1,0.221644,default
amdgpu0,2,nas-is,rank3_0,0.242274,default
amdgpu0,2,nas-is,full_verify2,0.017091,default
amdgpu0,2,nas-is,rank3_2,0.231763,default
amdgpu0,2,nas-is,rank4,0.002116,default
amdgpu0,2,nas-is,rank0,0.001069,default
amdgpu0,2,nas-is,rank1,0.012613,default
amdgpu0,2,nas-is,create_seq,0.081007,default
amdgpu0,3,nas-is,full_verify0,0.014244,default
amdgpu0,3,nas-is,rank2,1.35487,default
amdgpu0,3,nas-is,full_verify1,0.167159,default
amdgpu0,3,nas-is,rank3_1,0.221785,default
amdgpu0,3,nas-is,rank3_0,0.242399,default
amdgpu0,3,nas-is,full_verify2,0.017117,default
amdgpu0,3,nas-is,rank3_2,0.229837,default
amdgpu0,3,nas-is,rank4,0.002235,default
amdgpu0,3,nas-is,rank0,0.001115,default
amdgpu0,3,nas-is,rank1,0.012665,default
amdgpu0,3,nas-is,create_seq,0.087384,default
amdgpu0,4,nas-is,full_verify0,0.014196,default
amdgpu0,4,nas-is,rank2,1.352668,default
amdgpu0,4,nas-is,full_verify1,0.166844,default
amdgpu0,4,nas-is,rank3_1,0.22859,default
amdgpu0,4,nas-is,rank3_0,0.242135,default
amdgpu0,4,nas-is,full_verify2,0.017095,default
amdgpu0,4,nas-is,rank3_2,0.22971,default
amdgpu0,4,nas-is,rank4,0.002126,default
amdgpu0,4,nas-is,rank0,0.001068,default
amdgpu0,4,nas-is,rank1,0.012595,default
amdgpu0,4,nas-is,create_seq,0.092229,default
amdgpu0,0,nas-sp,error_norm,0.000612,default
amdgpu0,0,nas-sp,compute_rhs4,0.023595,default
amdgpu0,0,nas-sp,ninvr,0.00539600000000001,default
amdgpu0,0,nas-sp,initialize2,0.001172,default
amdgpu0,0,nas-sp,add,0.00598600000000001,default
amdgpu0,0,nas-sp,tzetar,0.00611599999999999,default
amdgpu0,0,nas-sp,exact_rhs5,0.0004,default
amdgpu0,0,nas-sp,compute_rhs3,0.027061,default
amdgpu0,0,nas-sp,z_solve,0.040693,default
amdgpu0,0,nas-sp,x_solve,0.038555,default
amdgpu0,0,nas-sp,txinvr,0.005846,default
amdgpu0,0,nas-sp,initialize4,0.000573,default
amdgpu0,0,nas-sp,rhs_norm,0.000477,default
amdgpu0,0,nas-sp,exact_rhs3,0.001907,default
amdgpu0,0,nas-sp,compute_rhs5,0.022773,default
amdgpu0,0,nas-sp,exact_rhs2,0.001985,default
amdgpu0,0,nas-sp,initialize3,0.000579,default
amdgpu0,0,nas-sp,compute_rhs2,0.005973,default
amdgpu0,0,nas-sp,compute_rhs6,0.00601,default
amdgpu0,0,nas-sp,y_solve,0.042455,default
amdgpu0,0,nas-sp,exact_rhs1,0.000449,default
amdgpu0,0,nas-sp,pinvr,0.00555200000000001,default
amdgpu0,0,nas-sp,exact_rhs4,0.001907,default
amdgpu0,0,nas-sp,compute_rhs1,0.00608800000000001,default
amdgpu0,0,nas-sp,initialize5,0.000594,default
amdgpu0,0,nas-sp,initialize1,0.00055,default
amdgpu0,1,nas-sp,error_norm,0.000619,default
amdgpu0,1,nas-sp,compute_rhs4,0.023794,default
amdgpu0,1,nas-sp,ninvr,0.00535500000000001,default
amdgpu0,1,nas-sp,initialize2,0.001183,default
amdgpu0,1,nas-sp,add,0.006033,default
amdgpu0,1,nas-sp,tzetar,0.00608,default
amdgpu0,1,nas-sp,exact_rhs5,0.00039,default
amdgpu0,1,nas-sp,compute_rhs3,0.032116,default
amdgpu0,1,nas-sp,z_solve,0.041706,default
amdgpu0,1,nas-sp,x_solve,0.038389,default
amdgpu0,1,nas-sp,txinvr,0.005812,default
amdgpu0,1,nas-sp,initialize4,0.000583,default
amdgpu0,1,nas-sp,rhs_norm,0.000486,default
amdgpu0,1,nas-sp,exact_rhs3,0.001893,default
amdgpu0,1,nas-sp,compute_rhs5,0.022835,default
amdgpu0,1,nas-sp,exact_rhs2,0.002002,default
amdgpu0,1,nas-sp,initialize3,0.000586,default
amdgpu0,1,nas-sp,compute_rhs2,0.006217,default
amdgpu0,1,nas-sp,compute_rhs6,0.00603,default
amdgpu0,1,nas-sp,y_solve,0.037174,default
amdgpu0,1,nas-sp,exact_rhs1,0.000462,default
amdgpu0,1,nas-sp,pinvr,0.005281,default
amdgpu0,1,nas-sp,exact_rhs4,0.001889,default
amdgpu0,1,nas-sp,compute_rhs1,0.006066,default
amdgpu0,1,nas-sp,initialize5,0.000595,default
amdgpu0,1,nas-sp,initialize1,0.000539,default
amdgpu0,2,nas-sp,error_norm,0.000607,default
amdgpu0,2,nas-sp,compute_rhs4,0.023691,default
amdgpu0,2,nas-sp,ninvr,0.005402,default
amdgpu0,2,nas-sp,initialize2,0.00117,default
amdgpu0,2,nas-sp,add,0.006022,default
amdgpu0,2,nas-sp,tzetar,0.00608399999999999,default
amdgpu0,2,nas-sp,exact_rhs5,0.000399,default
amdgpu0,2,nas-sp,compute_rhs3,0.027129,default
amdgpu0,2,nas-sp,z_solve,0.040725,default
amdgpu0,2,nas-sp,x_solve,0.038714,default
amdgpu0,2,nas-sp,txinvr,0.005827,default
amdgpu0,2,nas-sp,initialize4,0.000582,default
amdgpu0,2,nas-sp,rhs_norm,0.000479,default
amdgpu0,2,nas-sp,exact_rhs3,0.001891,default
amdgpu0,2,nas-sp,compute_rhs5,0.02284,default
amdgpu0,2,nas-sp,exact_rhs2,0.001981,default
amdgpu0,2,nas-sp,initialize3,0.000578,default
amdgpu0,2,nas-sp,compute_rhs2,0.005981,default
amdgpu0,2,nas-sp,compute_rhs6,0.00602000000000001,default
amdgpu0,2,nas-sp,y_solve,0.042765,default
amdgpu0,2,nas-sp,exact_rhs1,0.000486,default
amdgpu0,2,nas-sp,pinvr,0.005283,default
amdgpu0,2,nas-sp,exact_rhs4,0.001874,default
amdgpu0,2,nas-sp,compute_rhs1,0.00607500000000001,default
amdgpu0,2,nas-sp,initialize5,0.000579,default
amdgpu0,2,nas-sp,initialize1,0.000548,default
amdgpu0,3,nas-sp,error_norm,0.000614,default
amdgpu0,3,nas-sp,compute_rhs4,0.023798,default
amdgpu0,3,nas-sp,ninvr,0.010465,default
amdgpu0,3,nas-sp,initialize2,0.001185,default
amdgpu0,3,nas-sp,add,0.005871,default
amdgpu0,3,nas-sp,tzetar,0.00608899999999999,default
amdgpu0,3,nas-sp,exact_rhs5,0.000384,default
amdgpu0,3,nas-sp,compute_rhs3,0.027138,default
amdgpu0,3,nas-sp,z_solve,0.035833,default
amdgpu0,3,nas-sp,x_solve,0.03872,default
amdgpu0,3,nas-sp,txinvr,0.00579400000000001,default
amdgpu0,3,nas-sp,initialize4,0.000588,default
amdgpu0,3,nas-sp,rhs_norm,0.000484,default
amdgpu0,3,nas-sp,exact_rhs3,0.001899,default
amdgpu0,3,nas-sp,compute_rhs5,0.023205,default
amdgpu0,3,nas-sp,exact_rhs2,0.001995,default
amdgpu0,3,nas-sp,initialize3,0.000607,default
amdgpu0,3,nas-sp,compute_rhs2,0.005865,default
amdgpu0,3,nas-sp,compute_rhs6,0.00605400000000001,default
amdgpu0,3,nas-sp,y_solve,0.037092,default
amdgpu0,3,nas-sp,exact_rhs1,0.000479,default
amdgpu0,3,nas-sp,pinvr,0.010732,default
amdgpu0,3,nas-sp,exact_rhs4,0.00189,default
amdgpu0,3,nas-sp,compute_rhs1,0.006056,default
amdgpu0,3,nas-sp,initialize5,0.00059,default
amdgpu0,3,nas-sp,initialize1,0.000542,default
amdgpu0,4,nas-sp,error_norm,0.000609,default
amdgpu0,4,nas-sp,compute_rhs4,0.023766,default
amdgpu0,4,nas-sp,ninvr,0.00538000000000001,default
amdgpu0,4,nas-sp,initialize2,0.001167,default
amdgpu0,4,nas-sp,add,0.006004,default
amdgpu0,4,nas-sp,tzetar,0.006064,default
amdgpu0,4,nas-sp,exact_rhs5,0.000399,default
amdgpu0,4,nas-sp,compute_rhs3,0.032165,default
amdgpu0,4,nas-sp,z_solve,0.036327,default
amdgpu0,4,nas-sp,x_solve,0.038486,default
amdgpu0,4,nas-sp,txinvr,0.00578600000000001,default
amdgpu0,4,nas-sp,initialize4,0.000577,default
amdgpu0,4,nas-sp,rhs_norm,0.000478,default
amdgpu0,4,nas-sp,exact_rhs3,0.001893,default
amdgpu0,4,nas-sp,compute_rhs5,0.022878,default
amdgpu0,4,nas-sp,exact_rhs2,0.001979,default
amdgpu0,4,nas-sp,initialize3,0.000585,default
amdgpu0,4,nas-sp,compute_rhs2,0.005849,default
amdgpu0,4,nas-sp,compute_rhs6,0.006001,default
amdgpu0,4,nas-sp,y_solve,0.042589,default
amdgpu0,4,nas-sp,exact_rhs1,0.000473,default
amdgpu0,4,nas-sp,pinvr,0.00555300000000001,default
amdgpu0,4,nas-sp,exact_rhs4,0.001898,default
amdgpu0,4,nas-sp,compute_rhs1,0.00604400000000001,default
amdgpu0,4,nas-sp,initialize5,0.000581,default
amdgpu0,4,nas-sp,initialize1,0.000555,default
amdgpu0,0,particlefilter,find_index_kernel,3.702097,default
amdgpu0,0,particlefilter,normalize_weights_kernel,3.463454,default
amdgpu0,0,particlefilter,likelihood_kernel,0.554273,default
amdgpu0,0,particlefilter,sum_kernel,0.007585,default
amdgpu0,1,particlefilter,find_index_kernel,3.741757,default
amdgpu0,1,particlefilter,normalize_weights_kernel,3.459275,default
amdgpu0,1,particlefilter,likelihood_kernel,0.554803,default
amdgpu0,1,particlefilter,sum_kernel,0.007574,default
amdgpu0,2,particlefilter,find_index_kernel,3.702122,default
amdgpu0,2,particlefilter,normalize_weights_kernel,3.459262,default
amdgpu0,2,particlefilter,likelihood_kernel,0.554141,default
amdgpu0,2,particlefilter,sum_kernel,0.007591,default
amdgpu0,3,particlefilter,find_index_kernel,3.742006,default
amdgpu0,3,particlefilter,normalize_weights_kernel,3.465057,default
amdgpu0,3,particlefilter,likelihood_kernel,0.558529,default
amdgpu0,3,particlefilter,sum_kernel,0.012996,default
amdgpu0,4,particlefilter,find_index_kernel,3.685886,default
amdgpu0,4,particlefilter,normalize_weights_kernel,3.462002,default
amdgpu0,4,particlefilter,likelihood_kernel,0.581243,default
amdgpu0,4,particlefilter,sum_kernel,0.007607,default
amdgpu1,0,blur,blur_ver,1.677268,default-unroll
amdgpu1,0,blur,blur_hor,1.591159,default-unroll
amdgpu1,1,blur,blur_ver,1.678611,default-unroll
amdgpu1,1,blur,blur_hor,1.59114,default-unroll
amdgpu1,2,blur,blur_ver,1.677297,default-unroll
amdgpu1,2,blur,blur_hor,1.591144,default-unroll
amdgpu1,3,blur,blur_ver,1.678547,default-unroll
amdgpu1,3,blur,blur_hor,1.591019,default-unroll
amdgpu1,4,blur,blur_ver,1.677259,default-unroll
amdgpu1,4,blur,blur_hor,1.591055,default-unroll
amdgpu1,0,gaussian,Fan1,0.0771240000000005,default-unroll
amdgpu1,0,gaussian,Fan2,4.998053,default-unroll
amdgpu1,1,gaussian,Fan1,0.0760660000000004,default-unroll
amdgpu1,1,gaussian,Fan2,4.983507,default-unroll
amdgpu1,2,gaussian,Fan1,0.0764700000000002,default-unroll
amdgpu1,2,gaussian,Fan2,4.98409,default-unroll
amdgpu1,3,gaussian,Fan1,0.0779840000000002,default-unroll
amdgpu1,3,gaussian,Fan2,4.985975,default-unroll
amdgpu1,4,gaussian,Fan1,0.0771790000000004,default-unroll
amdgpu1,4,gaussian,Fan2,4.983777,default-unroll
amdgpu1,0,mandelbrot,mandelGPU,0.740538,default-unroll
amdgpu1,1,mandelbrot,mandelGPU,0.757984,default-unroll
amdgpu1,2,mandelbrot,mandelGPU,0.756626,default-unroll
amdgpu1,3,mandelbrot,mandelGPU,0.755417,default-unroll
amdgpu1,4,mandelbrot,mandelGPU,0.75631,default-unroll
amdgpu1,0,mmul,fmma,0.872242,default-unroll
amdgpu1,1,mmul,fmma,0.872928,default-unroll
amdgpu1,2,mmul,fmma,0.872663,default-unroll
amdgpu1,3,mmul,fmma,0.87248,default-unroll
amdgpu1,4,mmul,fmma,0.872255,default-unroll
amdgpu1,0,nas-cg,conj_grad_6,0.017937,default-unroll
amdgpu1,0,nas-cg,main_0,0.001116,default-unroll
amdgpu1,0,nas-cg,makea_1,0.113088,default-unroll
amdgpu1,0,nas-cg,conj_grad_1,0.001312,default-unroll
amdgpu1,0,nas-cg,conj_grad_0,0.001267,default-unroll
amdgpu1,0,nas-cg,makea_2,0.000832,default-unroll
amdgpu1,0,nas-cg,conj_grad_3,0.0364259999999998,default-unroll
amdgpu1,0,nas-cg,makea_0,0.894761,default-unroll
amdgpu1,0,nas-cg,makea_6,0.004995,default-unroll
amdgpu1,0,nas-cg,main_3,0.001489,default-unroll
amdgpu1,0,nas-cg,conj_grad_7,0.001731,default-unroll
amdgpu1,0,nas-cg,init_mem_0,0.000723,default-unroll
amdgpu1,0,nas-cg,main_2,0.000377,default-unroll
amdgpu1,0,nas-cg,main_4,0.001191,default-unroll
amdgpu1,0,nas-cg,makea_5,0.000824,default-unroll
amdgpu1,0,nas-cg,conj_grad_5,0.0220979999999999,default-unroll
amdgpu1,0,nas-cg,makea_4,0.000384,default-unroll
amdgpu1,0,nas-cg,conj_grad_4,0.0300000000000001,default-unroll
amdgpu1,0,nas-cg,makea_7,0.000367,default-unroll
amdgpu1,0,nas-cg,makea_3,4.324162,default-unroll
amdgpu1,0,nas-cg,main_1,0.000407,default-unroll
amdgpu1,0,nas-cg,conj_grad_2,0.440739,default-unroll
amdgpu1,0,nas-cg,init_mem_1,0.002209,default-unroll
amdgpu1,1,nas-cg,conj_grad_6,0.017935,default-unroll
amdgpu1,1,nas-cg,main_0,0.001106,default-unroll
amdgpu1,1,nas-cg,makea_1,0.113096,default-unroll
amdgpu1,1,nas-cg,conj_grad_1,0.001316,default-unroll
amdgpu1,1,nas-cg,conj_grad_0,0.001277,default-unroll
amdgpu1,1,nas-cg,makea_2,0.000831,default-unroll
amdgpu1,1,nas-cg,conj_grad_3,0.034993,default-unroll
amdgpu1,1,nas-cg,makea_0,0.910767,default-unroll
amdgpu1,1,nas-cg,makea_6,0.004981,default-unroll
amdgpu1,1,nas-cg,main_3,0.001491,default-unroll
amdgpu1,1,nas-cg,conj_grad_7,0.001684,default-unroll
amdgpu1,1,nas-cg,init_mem_0,0.001513,default-unroll
amdgpu1,1,nas-cg,main_2,0.000377,default-unroll
amdgpu1,1,nas-cg,main_4,0.001213,default-unroll
amdgpu1,1,nas-cg,makea_5,0.000824,default-unroll
amdgpu1,1,nas-cg,conj_grad_5,0.0221449999999999,default-unroll
amdgpu1,1,nas-cg,makea_4,0.000383,default-unroll
amdgpu1,1,nas-cg,conj_grad_4,0.0301749999999999,default-unroll
amdgpu1,1,nas-cg,makea_7,0.00036,default-unroll
amdgpu1,1,nas-cg,makea_3,4.324471,default-unroll
amdgpu1,1,nas-cg,main_1,0.000396,default-unroll
amdgpu1,1,nas-cg,conj_grad_2,0.440469,default-unroll
amdgpu1,1,nas-cg,init_mem_1,0.012169,default-unroll
amdgpu1,2,nas-cg,conj_grad_6,0.017946,default-unroll
amdgpu1,2,nas-cg,main_0,0.0011,default-unroll
amdgpu1,2,nas-cg,makea_1,0.113125,default-unroll
amdgpu1,2,nas-cg,conj_grad_1,0.001299,default-unroll
amdgpu1,2,nas-cg,conj_grad_0,0.001267,default-unroll
amdgpu1,2,nas-cg,makea_2,0.000825,default-unroll
amdgpu1,2,nas-cg,conj_grad_3,0.0357960000000001,default-unroll
amdgpu1,2,nas-cg,makea_0,0.909725,default-unroll
amdgpu1,2,nas-cg,makea_6,0.004971,default-unroll
amdgpu1,2,nas-cg,main_3,0.001492,default-unroll
amdgpu1,2,nas-cg,conj_grad_7,0.001723,default-unroll
amdgpu1,2,nas-cg,init_mem_0,0.001523,default-unroll
amdgpu1,2,nas-cg,main_2,0.000375,default-unroll
amdgpu1,2,nas-cg,main_4,0.001198,default-unroll
amdgpu1,2,nas-cg,makea_5,0.000817,default-unroll
amdgpu1,2,nas-cg,conj_grad_5,0.022286,default-unroll
amdgpu1,2,nas-cg,makea_4,0.000395,default-unroll
amdgpu1,2,nas-cg,conj_grad_4,0.030181,default-unroll
amdgpu1,2,nas-cg,makea_7,0.000362,default-unroll
amdgpu1,2,nas-cg,makea_3,4.325302,default-unroll
amdgpu1,2,nas-cg,main_1,0.000405,default-unroll
amdgpu1,2,nas-cg,conj_grad_2,0.440425,default-unroll
amdgpu1,2,nas-cg,init_mem_1,0.012141,default-unroll
amdgpu1,3,nas-cg,conj_grad_6,0.017971,default-unroll
amdgpu1,3,nas-cg,main_0,0.001108,default-unroll
amdgpu1,3,nas-cg,makea_1,0.113093,default-unroll
amdgpu1,3,nas-cg,conj_grad_1,0.001309,default-unroll
amdgpu1,3,nas-cg,conj_grad_0,0.001262,default-unroll
amdgpu1,3,nas-cg,makea_2,0.000853,default-unroll
amdgpu1,3,nas-cg,conj_grad_3,0.0355750000000001,default-unroll
amdgpu1,3,nas-cg,makea_0,0.910398,default-unroll
amdgpu1,3,nas-cg,makea_6,0.004985,default-unroll
amdgpu1,3,nas-cg,main_3,0.001486,default-unroll
amdgpu1,3,nas-cg,conj_grad_7,0.001694,default-unroll
amdgpu1,3,nas-cg,init_mem_0,0.001487,default-unroll
amdgpu1,3,nas-cg,main_2,0.000376,default-unroll
amdgpu1,3,nas-cg,main_4,0.001199,default-unroll
amdgpu1,3,nas-cg,makea_5,0.000823,default-unroll
amdgpu1,3,nas-cg,conj_grad_5,0.022309,default-unroll
amdgpu1,3,nas-cg,makea_4,0.000385,default-unroll
amdgpu1,3,nas-cg,conj_grad_4,0.029988,default-unroll
amdgpu1,3,nas-cg,makea_7,0.000364,default-unroll
amdgpu1,3,nas-cg,makea_3,4.324795,default-unroll
amdgpu1,3,nas-cg,main_1,0.000405,default-unroll
amdgpu1,3,nas-cg,conj_grad_2,0.440698,default-unroll
amdgpu1,3,nas-cg,init_mem_1,0.006696,default-unroll
amdgpu1,4,nas-cg,conj_grad_6,0.017945,default-unroll
amdgpu1,4,nas-cg,main_0,0.001104,default-unroll
amdgpu1,4,nas-cg,makea_1,0.113061,default-unroll
amdgpu1,4,nas-cg,conj_grad_1,0.001312,default-unroll
amdgpu1,4,nas-cg,conj_grad_0,0.001262,default-unroll
amdgpu1,4,nas-cg,makea_2,0.00083,default-unroll
amdgpu1,4,nas-cg,conj_grad_3,0.036201,default-unroll
amdgpu1,4,nas-cg,makea_0,0.911232,default-unroll
amdgpu1,4,nas-cg,makea_6,0.004975,default-unroll
amdgpu1,4,nas-cg,main_3,0.001479,default-unroll
amdgpu1,4,nas-cg,conj_grad_7,0.001731,default-unroll
amdgpu1,4,nas-cg,init_mem_0,0.001513,default-unroll
amdgpu1,4,nas-cg,main_2,0.000383,default-unroll
amdgpu1,4,nas-cg,main_4,0.001184,default-unroll
amdgpu1,4,nas-cg,makea_5,0.00082,default-unroll
amdgpu1,4,nas-cg,conj_grad_5,0.0219419999999999,default-unroll
amdgpu1,4,nas-cg,makea_4,0.0004,default-unroll
amdgpu1,4,nas-cg,conj_grad_4,0.029599,default-unroll
amdgpu1,4,nas-cg,makea_7,0.000361,default-unroll
amdgpu1,4,nas-cg,makea_3,4.326437,default-unroll
amdgpu1,4,nas-cg,main_1,0.000415,default-unroll
amdgpu1,4,nas-cg,conj_grad_2,0.44068,default-unroll
amdgpu1,4,nas-cg,init_mem_1,0.006725,default-unroll
amdgpu1,0,nas-is,full_verify0,0.014278,default-unroll
amdgpu1,0,nas-is,rank2,1.332481,default-unroll
amdgpu1,0,nas-is,full_verify1,0.167363,default-unroll
amdgpu1,0,nas-is,rank3_1,0.222551,default-unroll
amdgpu1,0,nas-is,rank3_0,0.242328,default-unroll
amdgpu1,0,nas-is,full_verify2,0.017071,default-unroll
amdgpu1,0,nas-is,rank3_2,0.227603,default-unroll
amdgpu1,0,nas-is,rank4,0.002885,default-unroll
amdgpu1,0,nas-is,rank0,0.001061,default-unroll
amdgpu1,0,nas-is,rank1,0.011941,default-unroll
amdgpu1,0,nas-is,create_seq,0.096299,default-unroll
amdgpu1,1,nas-is,full_verify0,0.014277,default-unroll
amdgpu1,1,nas-is,rank2,1.355582,default-unroll
amdgpu1,1,nas-is,full_verify1,0.166807,default-unroll
amdgpu1,1,nas-is,rank3_1,0.233888,default-unroll
amdgpu1,1,nas-is,rank3_0,0.240265,default-unroll
amdgpu1,1,nas-is,full_verify2,0.017084,default-unroll
amdgpu1,1,nas-is,rank3_2,0.227743,default-unroll
amdgpu1,1,nas-is,rank4,0.002073,default-unroll
amdgpu1,1,nas-is,rank0,0.001064,default-unroll
amdgpu1,1,nas-is,rank1,0.012654,default-unroll
amdgpu1,1,nas-is,create_seq,0.08629,default-unroll
amdgpu1,2,nas-is,full_verify0,0.014304,default-unroll
amdgpu1,2,nas-is,rank2,1.353691,default-unroll
amdgpu1,2,nas-is,full_verify1,0.16715,default-unroll
amdgpu1,2,nas-is,rank3_1,0.22322,default-unroll
amdgpu1,2,nas-is,rank3_0,0.240449,default-unroll
amdgpu1,2,nas-is,full_verify2,0.017077,default-unroll
amdgpu1,2,nas-is,rank3_2,0.227368,default-unroll
amdgpu1,2,nas-is,rank4,0.002103,default-unroll
amdgpu1,2,nas-is,rank0,0.001069,default-unroll
amdgpu1,2,nas-is,rank1,0.012636,default-unroll
amdgpu1,2,nas-is,create_seq,0.087419,default-unroll
amdgpu1,3,nas-is,full_verify0,0.014252,default-unroll
amdgpu1,3,nas-is,rank2,1.350821,default-unroll
amdgpu1,3,nas-is,full_verify1,0.166739,default-unroll
amdgpu1,3,nas-is,rank3_1,0.223353,default-unroll
amdgpu1,3,nas-is,rank3_0,0.242092,default-unroll
amdgpu1,3,nas-is,full_verify2,0.01716,default-unroll
amdgpu1,3,nas-is,rank3_2,0.227711,default-unroll
amdgpu1,3,nas-is,rank4,0.002097,default-unroll
amdgpu1,3,nas-is,rank0,0.001076,default-unroll
amdgpu1,3,nas-is,rank1,0.012661,default-unroll
amdgpu1,3,nas-is,create_seq,0.077399,default-unroll
amdgpu1,4,nas-is,full_verify0,0.014251,default-unroll
amdgpu1,4,nas-is,rank2,1.352374,default-unroll
amdgpu1,4,nas-is,full_verify1,0.167182,default-unroll
amdgpu1,4,nas-is,rank3_1,0.267456,default-unroll
amdgpu1,4,nas-is,rank3_0,0.242226,default-unroll
amdgpu1,4,nas-is,full_verify2,0.017076,default-unroll
amdgpu1,4,nas-is,rank3_2,0.227911,default-unroll
amdgpu1,4,nas-is,rank4,0.002073,default-unroll
amdgpu1,4,nas-is,rank0,0.001067,default-unroll
amdgpu1,4,nas-is,rank1,0.012627,default-unroll
amdgpu1,4,nas-is,create_seq,0.091454,default-unroll
amdgpu1,0,nas-sp,error_norm,0.000604,default-unroll
amdgpu1,0,nas-sp,compute_rhs4,0.02345,default-unroll
amdgpu1,0,nas-sp,ninvr,0.00563400000000001,default-unroll
amdgpu1,0,nas-sp,initialize2,0.00116,default-unroll
amdgpu1,0,nas-sp,add,0.006045,default-unroll
amdgpu1,0,nas-sp,tzetar,0.00607199999999999,default-unroll
amdgpu1,0,nas-sp,exact_rhs5,0.000395,default-unroll
amdgpu1,0,nas-sp,compute_rhs3,0.027189,default-unroll
amdgpu1,0,nas-sp,z_solve,0.03587,default-unroll
amdgpu1,0,nas-sp,x_solve,0.038425,default-unroll
amdgpu1,0,nas-sp,txinvr,0.005853,default-unroll
amdgpu1,0,nas-sp,initialize4,0.000583,default-unroll
amdgpu1,0,nas-sp,rhs_norm,0.000482,default-unroll
amdgpu1,0,nas-sp,exact_rhs3,0.001908,default-unroll
amdgpu1,0,nas-sp,compute_rhs5,0.0230509999999999,default-unroll
amdgpu1,0,nas-sp,exact_rhs2,0.001991,default-unroll
amdgpu1,0,nas-sp,initialize3,0.000582,default-unroll
amdgpu1,0,nas-sp,compute_rhs2,0.005867,default-unroll
amdgpu1,0,nas-sp,compute_rhs6,0.006069,default-unroll
amdgpu1,0,nas-sp,y_solve,0.047332,default-unroll
amdgpu1,0,nas-sp,exact_rhs1,0.000476,default-unroll
amdgpu1,0,nas-sp,pinvr,0.005282,default-unroll
amdgpu1,0,nas-sp,exact_rhs4,0.001905,default-unroll
amdgpu1,0,nas-sp,compute_rhs1,0.00612900000000001,default-unroll
amdgpu1,0,nas-sp,initialize5,0.000588,default-unroll
amdgpu1,0,nas-sp,initialize1,0.00061,default-unroll
amdgpu1,1,nas-sp,error_norm,0.000608,default-unroll
amdgpu1,1,nas-sp,compute_rhs4,0.02358,default-unroll
amdgpu1,1,nas-sp,ninvr,0.00542500000000001,default-unroll
amdgpu1,1,nas-sp,initialize2,0.001162,default-unroll
amdgpu1,1,nas-sp,add,0.00609600000000001,default-unroll
amdgpu1,1,nas-sp,tzetar,0.00610799999999999,default-unroll
amdgpu1,1,nas-sp,exact_rhs5,0.000401,default-unroll
amdgpu1,1,nas-sp,compute_rhs3,0.027364,default-unroll
amdgpu1,1,nas-sp,z_solve,0.036181,default-unroll
amdgpu1,1,nas-sp,x_solve,0.038667,default-unroll
amdgpu1,1,nas-sp,txinvr,0.005853,default-unroll
amdgpu1,1,nas-sp,initialize4,0.000593,default-unroll
amdgpu1,1,nas-sp,rhs_norm,0.000484,default-unroll
amdgpu1,1,nas-sp,exact_rhs3,0.001902,default-unroll
amdgpu1,1,nas-sp,compute_rhs5,0.023213,default-unroll
amdgpu1,1,nas-sp,exact_rhs2,0.002006,default-unroll
amdgpu1,1,nas-sp,initialize3,0.00058,default-unroll
amdgpu1,1,nas-sp,compute_rhs2,0.006155,default-unroll
amdgpu1,1,nas-sp,compute_rhs6,0.01103,default-unroll
amdgpu1,1,nas-sp,y_solve,0.042939,default-unroll
amdgpu1,1,nas-sp,exact_rhs1,0.000483,default-unroll
amdgpu1,1,nas-sp,pinvr,0.00526100000000001,default-unroll
amdgpu1,1,nas-sp,exact_rhs4,0.001892,default-unroll
amdgpu1,1,nas-sp,compute_rhs1,0.00613500000000001,default-unroll
amdgpu1,1,nas-sp,initialize5,0.00059,default-unroll
amdgpu1,1,nas-sp,initialize1,0.000613,default-unroll
amdgpu1,2,nas-sp,error_norm,0.000603,default-unroll
amdgpu1,2,nas-sp,compute_rhs4,0.023707,default-unroll
amdgpu1,2,nas-sp,ninvr,0.00543000000000001,default-unroll
amdgpu1,2,nas-sp,initialize2,0.001147,default-unroll
amdgpu1,2,nas-sp,add,0.006113,default-unroll
amdgpu1,2,nas-sp,tzetar,0.00614899999999999,default-unroll
amdgpu1,2,nas-sp,exact_rhs5,0.000404,default-unroll
amdgpu1,2,nas-sp,compute_rhs3,0.027812,default-unroll
amdgpu1,2,nas-sp,z_solve,0.036321,default-unroll
amdgpu1,2,nas-sp,x_solve,0.044084,default-unroll
amdgpu1,2,nas-sp,txinvr,0.005839,default-unroll
amdgpu1,2,nas-sp,initialize4,0.000586,default-unroll
amdgpu1,2,nas-sp,rhs_norm,0.000485,default-unroll
amdgpu1,2,nas-sp,exact_rhs3,0.001902,default-unroll
amdgpu1,2,nas-sp,compute_rhs5,0.022919,default-unroll
amdgpu1,2,nas-sp,exact_rhs2,0.001999,default-unroll
amdgpu1,2,nas-sp,initialize3,0.000596,default-unroll
amdgpu1,2,nas-sp,compute_rhs2,0.005869,default-unroll
amdgpu1,2,nas-sp,compute_rhs6,0.00602,default-unroll
amdgpu1,2,nas-sp,y_solve,0.037573,default-unroll
amdgpu1,2,nas-sp,exact_rhs1,0.000475,default-unroll
amdgpu1,2,nas-sp,pinvr,0.010815,default-unroll
amdgpu1,2,nas-sp,exact_rhs4,0.00191,default-unroll
amdgpu1,2,nas-sp,compute_rhs1,0.00615900000000001,default-unroll
amdgpu1,2,nas-sp,initialize5,0.000589,default-unroll
amdgpu1,2,nas-sp,initialize1,0.000611,default-unroll
amdgpu1,3,nas-sp,error_norm,0.000613,default-unroll
amdgpu1,3,nas-sp,compute_rhs4,0.023439,default-unroll
amdgpu1,3,nas-sp,ninvr,0.00544400000000001,default-unroll
amdgpu1,3,nas-sp,initialize2,0.001152,default-unroll
amdgpu1,3,nas-sp,add,0.006061,default-unroll
amdgpu1,3,nas-sp,tzetar,0.00613799999999999,default-unroll
amdgpu1,3,nas-sp,exact_rhs5,0.000404,default-unroll
amdgpu1,3,nas-sp,compute_rhs3,0.027541,default-unroll
amdgpu1,3,nas-sp,z_solve,0.041548,default-unroll
amdgpu1,3,nas-sp,x_solve,0.04368,default-unroll
amdgpu1,3,nas-sp,txinvr,0.005822,default-unroll
amdgpu1,3,nas-sp,initialize4,0.000582,default-unroll
amdgpu1,3,nas-sp,rhs_norm,0.000474,default-unroll
amdgpu1,3,nas-sp,exact_rhs3,0.00191,default-unroll
amdgpu1,3,nas-sp,compute_rhs5,0.022684,default-unroll
amdgpu1,3,nas-sp,exact_rhs2,0.002001,default-unroll
amdgpu1,3,nas-sp,initialize3,0.000585,default-unroll
amdgpu1,3,nas-sp,compute_rhs2,0.005862,default-unroll
amdgpu1,3,nas-sp,compute_rhs6,0.006027,default-unroll
amdgpu1,3,nas-sp,y_solve,0.037215,default-unroll
amdgpu1,3,nas-sp,exact_rhs1,0.000479,default-unroll
amdgpu1,3,nas-sp,pinvr,0.005311,default-unroll
amdgpu1,3,nas-sp,exact_rhs4,0.001891,default-unroll
amdgpu1,3,nas-sp,compute_rhs1,0.00606600000000001,default-unroll
amdgpu1,3,nas-sp,initialize5,0.00059,default-unroll
amdgpu1,3,nas-sp,initialize1,0.000554,default-unroll
amdgpu1,4,nas-sp,error_norm,0.000611,default-unroll
amdgpu1,4,nas-sp,compute_rhs4,0.023766,default-unroll
amdgpu1,4,nas-sp,ninvr,0.005382,default-unroll
amdgpu1,4,nas-sp,initialize2,0.001148,default-unroll
amdgpu1,4,nas-sp,add,0.006072,default-unroll
amdgpu1,4,nas-sp,tzetar,0.006064,default-unroll
amdgpu1,4,nas-sp,exact_rhs5,0.000397,default-unroll
amdgpu1,4,nas-sp,compute_rhs3,0.027954,default-unroll
amdgpu1,4,nas-sp,z_solve,0.036355,default-unroll
amdgpu1,4,nas-sp,x_solve,0.038859,default-unroll
amdgpu1,4,nas-sp,txinvr,0.01078,default-unroll
amdgpu1,4,nas-sp,initialize4,0.00058,default-unroll
amdgpu1,4,nas-sp,rhs_norm,0.000482,default-unroll
amdgpu1,4,nas-sp,exact_rhs3,0.001898,default-unroll
amdgpu1,4,nas-sp,compute_rhs5,0.023415,default-unroll
amdgpu1,4,nas-sp,exact_rhs2,0.002002,default-unroll
amdgpu1,4,nas-sp,initialize3,0.000577,default-unroll
amdgpu1,4,nas-sp,compute_rhs2,0.00590199999999999,default-unroll
amdgpu1,4,nas-sp,compute_rhs6,0.006069,default-unroll
amdgpu1,4,nas-sp,y_solve,0.037665,default-unroll
amdgpu1,4,nas-sp,exact_rhs1,0.000466,default-unroll
amdgpu1,4,nas-sp,pinvr,0.010731,default-unroll
amdgpu1,4,nas-sp,exact_rhs4,0.001899,default-unroll
amdgpu1,4,nas-sp,compute_rhs1,0.00603800000000001,default-unroll
amdgpu1,4,nas-sp,initialize5,0.00058,default-unroll
amdgpu1,4,nas-sp,initialize1,0.000552,default-unroll
amdgpu1,0,particlefilter,find_index_kernel,3.702059,default-unroll
amdgpu1,0,particlefilter,normalize_weights_kernel,3.464099,default-unroll
amdgpu1,0,particlefilter,likelihood_kernel,0.554893,default-unroll
amdgpu1,0,particlefilter,sum_kernel,0.007737,default-unroll
amdgpu1,1,particlefilter,find_index_kernel,3.702129,default-unroll
amdgpu1,1,particlefilter,normalize_weights_kernel,3.468436,default-unroll
amdgpu1,1,particlefilter,likelihood_kernel,0.55497,default-unroll
amdgpu1,1,particlefilter,sum_kernel,0.007581,default-unroll
amdgpu1,2,particlefilter,find_index_kernel,3.702111,default-unroll
amdgpu1,2,particlefilter,normalize_weights_kernel,3.465449,default-unroll
amdgpu1,2,particlefilter,likelihood_kernel,0.554687,default-unroll
amdgpu1,2,particlefilter,sum_kernel,0.007599,default-unroll
amdgpu1,3,particlefilter,find_index_kernel,3.702085,default-unroll
amdgpu1,3,particlefilter,normalize_weights_kernel,3.465998,default-unroll
amdgpu1,3,particlefilter,likelihood_kernel,0.554753,default-unroll
amdgpu1,3,particlefilter,sum_kernel,0.007585,default-unroll
amdgpu1,4,particlefilter,find_index_kernel,3.702176,default-unroll
amdgpu1,4,particlefilter,normalize_weights_kernel,3.464727,default-unroll
amdgpu1,4,particlefilter,likelihood_kernel,0.554475,default-unroll
amdgpu1,4,particlefilter,sum_kernel,0.007588,default-unroll
amdgpu2,0,blur,blur_ver,0.599346,default-spec
amdgpu2,0,blur,blur_hor,0.581976,default-spec
amdgpu2,1,blur,blur_ver,0.59932,default-spec
amdgpu2,1,blur,blur_hor,0.582573,default-spec
amdgpu2,2,blur,blur_ver,0.599312,default-spec
amdgpu2,2,blur,blur_hor,0.582486,default-spec
amdgpu2,3,blur,blur_ver,0.599345,default-spec
amdgpu2,3,blur,blur_hor,0.582422,default-spec
amdgpu2,4,blur,blur_ver,0.599332,default-spec
amdgpu2,4,blur,blur_hor,0.582696,default-spec
amdgpu2,0,gaussian,Fan1,0.0772570000000003,default-spec
amdgpu2,0,gaussian,Fan2,4.991066,default-spec
amdgpu2,1,gaussian,Fan1,0.0764050000000003,default-spec
amdgpu2,1,gaussian,Fan2,4.972434,default-spec
amdgpu2,2,gaussian,Fan1,0.0776100000000005,default-spec
amdgpu2,2,gaussian,Fan2,4.96999899999999,default-spec
amdgpu2,3,gaussian,Fan1,0.0772380000000003,default-spec
amdgpu2,3,gaussian,Fan2,4.972695,default-spec
amdgpu2,4,gaussian,Fan1,0.0768360000000004,default-spec
amdgpu2,4,gaussian,Fan2,4.971866,default-spec
amdgpu2,0,mandelbrot,mandelGPU,0.870355,default-spec
amdgpu2,1,mandelbrot,mandelGPU,0.886017,default-spec
amdgpu2,2,mandelbrot,mandelGPU,0.885836,default-spec
amdgpu2,3,mandelbrot,mandelGPU,0.886416,default-spec
amdgpu2,4,mandelbrot,mandelGPU,0.886465,default-spec
amdgpu2,0,mmul,fmma,0.256921,default-spec
amdgpu2,1,mmul,fmma,0.232559,default-spec
amdgpu2,2,mmul,fmma,0.232491,default-spec
amdgpu2,3,mmul,fmma,0.232612,default-spec
amdgpu2,4,mmul,fmma,0.232511,default-spec
amdgpu2,0,nas-cg,conj_grad_6,0.01794,default-spec
amdgpu2,0,nas-cg,main_0,0.001098,default-spec
amdgpu2,0,nas-cg,makea_1,0.113111,default-spec
amdgpu2,0,nas-cg,conj_grad_1,0.001315,default-spec
amdgpu2,0,nas-cg,conj_grad_0,0.001317,default-spec
amdgpu2,0,nas-cg,makea_2,0.000825,default-spec
amdgpu2,0,nas-cg,conj_grad_3,0.035005,default-spec
amdgpu2,0,nas-cg,makea_0,0.910747,default-spec
amdgpu2,0,nas-cg,makea_6,0.004952,default-spec
amdgpu2,0,nas-cg,main_3,0.001468,default-spec
amdgpu2,0,nas-cg,conj_grad_7,0.00167,default-spec
amdgpu2,0,nas-cg,init_mem_0,0.001517,default-spec
amdgpu2,0,nas-cg,main_2,0.000374,default-spec
amdgpu2,0,nas-cg,main_4,0.001193,default-spec
amdgpu2,0,nas-cg,makea_5,0.000825,default-spec
amdgpu2,0,nas-cg,conj_grad_5,0.0222289999999999,default-spec
amdgpu2,0,nas-cg,makea_4,0.000374,default-spec
amdgpu2,0,nas-cg,conj_grad_4,0.0299440000000001,default-spec
amdgpu2,0,nas-cg,makea_7,0.000346,default-spec
amdgpu2,0,nas-cg,makea_3,4.324267,default-spec
amdgpu2,0,nas-cg,main_1,0.000408,default-spec
amdgpu2,0,nas-cg,conj_grad_2,0.441082,default-spec
amdgpu2,0,nas-cg,init_mem_1,0.006738,default-spec
amdgpu2,1,nas-cg,conj_grad_6,0.017921,default-spec
amdgpu2,1,nas-cg,main_0,0.001111,default-spec
amdgpu2,1,nas-cg,makea_1,0.113099,default-spec
amdgpu2,1,nas-cg,conj_grad_1,0.001329,default-spec
amdgpu2,1,nas-cg,conj_grad_0,0.001397,default-spec
amdgpu2,1,nas-cg,makea_2,0.000852,default-spec
amdgpu2,1,nas-cg,conj_grad_3,0.0348719999999999,default-spec
amdgpu2,1,nas-cg,makea_0,0.90767,default-spec
amdgpu2,1,nas-cg,makea_6,0.004973,default-spec
amdgpu2,1,nas-cg,main_3,0.001492,default-spec
amdgpu2,1,nas-cg,conj_grad_7,0.001671,default-spec
amdgpu2,1,nas-cg,init_mem_0,0.001505,default-spec
amdgpu2,1,nas-cg,main_2,0.00036,default-spec
amdgpu2,1,nas-cg,main_4,0.001212,default-spec
amdgpu2,1,nas-cg,makea_5,0.000825,default-spec
amdgpu2,1,nas-cg,conj_grad_5,0.022619,default-spec
amdgpu2,1,nas-cg,makea_4,0.00037,default-spec
amdgpu2,1,nas-cg,conj_grad_4,0.030212,default-spec
amdgpu2,1,nas-cg,makea_7,0.000359,default-spec
amdgpu2,1,nas-cg,makea_3,4.326806,default-spec
amdgpu2,1,nas-cg,main_1,0.000412,default-spec
amdgpu2,1,nas-cg,conj_grad_2,0.441041,default-spec
amdgpu2,1,nas-cg,init_mem_1,0.012281,default-spec
amdgpu2,2,nas-cg,conj_grad_6,0.017899,default-spec
amdgpu2,2,nas-cg,main_0,0.001109,default-spec
amdgpu2,2,nas-cg,makea_1,0.113062,default-spec
amdgpu2,2,nas-cg,conj_grad_1,0.001303,default-spec
amdgpu2,2,nas-cg,conj_grad_0,0.001313,default-spec
amdgpu2,2,nas-cg,makea_2,0.000831,default-spec
amdgpu2,2,nas-cg,conj_grad_3,0.034595,default-spec
amdgpu2,2,nas-cg,makea_0,0.910226,default-spec
amdgpu2,2,nas-cg,makea_6,0.004972,default-spec
amdgpu2,2,nas-cg,main_3,0.001478,default-spec
amdgpu2,2,nas-cg,conj_grad_7,0.001654,default-spec
amdgpu2,2,nas-cg,init_mem_0,0.001502,default-spec
amdgpu2,2,nas-cg,main_2,0.000369,default-spec
amdgpu2,2,nas-cg,main_4,0.001174,default-spec
amdgpu2,2,nas-cg,makea_5,0.000831,default-spec
amdgpu2,2,nas-cg,conj_grad_5,0.0221619999999999,default-spec
amdgpu2,2,nas-cg,makea_4,0.00038,default-spec
amdgpu2,2,nas-cg,conj_grad_4,0.030006,default-spec
amdgpu2,2,nas-cg,makea_7,0.000336,default-spec
amdgpu2,2,nas-cg,makea_3,4.327453,default-spec
amdgpu2,2,nas-cg,main_1,0.000406,default-spec
amdgpu2,2,nas-cg,conj_grad_2,0.440886,default-spec
amdgpu2,2,nas-cg,init_mem_1,0.006737,default-spec
amdgpu2,3,nas-cg,conj_grad_6,0.017926,default-spec
amdgpu2,3,nas-cg,main_0,0.001107,default-spec
amdgpu2,3,nas-cg,makea_1,0.113094,default-spec
amdgpu2,3,nas-cg,conj_grad_1,0.001368,default-spec
amdgpu2,3,nas-cg,conj_grad_0,0.001257,default-spec
amdgpu2,3,nas-cg,makea_2,0.000832,default-spec
amdgpu2,3,nas-cg,conj_grad_3,0.034805,default-spec
amdgpu2,3,nas-cg,makea_0,0.910234,default-spec
amdgpu2,3,nas-cg,makea_6,0.00497,default-spec
amdgpu2,3,nas-cg,main_3,0.001456,default-spec
amdgpu2,3,nas-cg,conj_grad_7,0.001669,default-spec
amdgpu2,3,nas-cg,init_mem_0,0.001498,default-spec
amdgpu2,3,nas-cg,main_2,0.000364,default-spec
amdgpu2,3,nas-cg,main_4,0.001186,default-spec
amdgpu2,3,nas-cg,makea_5,0.000829,default-spec
amdgpu2,3,nas-cg,conj_grad_5,0.0221739999999999,default-spec
amdgpu2,3,nas-cg,makea_4,0.000381,default-spec
amdgpu2,3,nas-cg,conj_grad_4,0.02988,default-spec
amdgpu2,3,nas-cg,makea_7,0.000343,default-spec
amdgpu2,3,nas-cg,makea_3,4.325674,default-spec
amdgpu2,3,nas-cg,main_1,0.000382,default-spec
amdgpu2,3,nas-cg,conj_grad_2,0.441052,default-spec
amdgpu2,3,nas-cg,init_mem_1,0.006749,default-spec
amdgpu2,4,nas-cg,conj_grad_6,0.017931,default-spec
amdgpu2,4,nas-cg,main_0,0.001103,default-spec
amdgpu2,4,nas-cg,makea_1,0.113103,default-spec
amdgpu2,4,nas-cg,conj_grad_1,0.001319,default-spec
amdgpu2,4,nas-cg,conj_grad_0,0.00131,default-spec
amdgpu2,4,nas-cg,makea_2,0.000831,default-spec
amdgpu2,4,nas-cg,conj_grad_3,0.034805,default-spec
amdgpu2,4,nas-cg,makea_0,0.913466,default-spec
amdgpu2,4,nas-cg,makea_6,0.004977,default-spec
amdgpu2,4,nas-cg,main_3,0.001454,default-spec
amdgpu2,4,nas-cg,conj_grad_7,0.001664,default-spec
amdgpu2,4,nas-cg,init_mem_0,0.001511,default-spec
amdgpu2,4,nas-cg,main_2,0.000364,default-spec
amdgpu2,4,nas-cg,main_4,0.001182,default-spec
amdgpu2,4,nas-cg,makea_5,0.000825,default-spec
amdgpu2,4,nas-cg,conj_grad_5,0.0220049999999999,default-spec
amdgpu2,4,nas-cg,makea_4,0.000378,default-spec
amdgpu2,4,nas-cg,conj_grad_4,0.029766,default-spec
amdgpu2,4,nas-cg,makea_7,0.000349,default-spec
amdgpu2,4,nas-cg,makea_3,4.327885,default-spec
amdgpu2,4,nas-cg,main_1,0.00041,default-spec
amdgpu2,4,nas-cg,conj_grad_2,0.44098,default-spec
amdgpu2,4,nas-cg,init_mem_1,0.006725,default-spec
amdgpu2,0,nas-is,full_verify0,0.014239,default-spec
amdgpu2,0,nas-is,rank2,1.332506,default-spec
amdgpu2,0,nas-is,full_verify1,0.167577,default-spec
amdgpu2,0,nas-is,rank3_1,0.22104,default-spec
amdgpu2,0,nas-is,rank3_0,0.241988,default-spec
amdgpu2,0,nas-is,full_verify2,0.017054,default-spec
amdgpu2,0,nas-is,rank3_2,0.229494,default-spec
amdgpu2,0,nas-is,rank4,0.002023,default-spec
amdgpu2,0,nas-is,rank0,0.001039,default-spec
amdgpu2,0,nas-is,rank1,0.011914,default-spec
amdgpu2,0,nas-is,create_seq,0.108287,default-spec
amdgpu2,1,nas-is,full_verify0,0.014292,default-spec
amdgpu2,1,nas-is,rank2,1.351313,default-spec
amdgpu2,1,nas-is,full_verify1,0.167556,default-spec
amdgpu2,1,nas-is,rank3_1,0.221459,default-spec
amdgpu2,1,nas-is,rank3_0,0.242214,default-spec
amdgpu2,1,nas-is,full_verify2,0.017082,default-spec
amdgpu2,1,nas-is,rank3_2,0.252398,default-spec
amdgpu2,1,nas-is,rank4,0.002077,default-spec
amdgpu2,1,nas-is,rank0,0.001063,default-spec
amdgpu2,1,nas-is,rank1,0.012646,default-spec
amdgpu2,1,nas-is,create_seq,0.079749,default-spec
amdgpu2,2,nas-is,full_verify0,0.014257,default-spec
amdgpu2,2,nas-is,rank2,1.352778,default-spec
amdgpu2,2,nas-is,full_verify1,0.167109,default-spec
amdgpu2,2,nas-is,rank3_1,0.219606,default-spec
amdgpu2,2,nas-is,rank3_0,0.239917,default-spec
amdgpu2,2,nas-is,full_verify2,0.017098,default-spec
amdgpu2,2,nas-is,rank3_2,0.229607,default-spec
amdgpu2,2,nas-is,rank4,0.002097,default-spec
amdgpu2,2,nas-is,rank0,0.001081,default-spec
amdgpu2,2,nas-is,rank1,0.01266,default-spec
amdgpu2,2,nas-is,create_seq,0.0852,default-spec
amdgpu2,3,nas-is,full_verify0,0.014253,default-spec
amdgpu2,3,nas-is,rank2,1.359023,default-spec
amdgpu2,3,nas-is,full_verify1,0.167654,default-spec
amdgpu2,3,nas-is,rank3_1,0.221439,default-spec
amdgpu2,3,nas-is,rank3_0,0.240013,default-spec
amdgpu2,3,nas-is,full_verify2,0.017079,default-spec
amdgpu2,3,nas-is,rank3_2,0.229341,default-spec
amdgpu2,3,nas-is,rank4,0.002077,default-spec
amdgpu2,3,nas-is,rank0,0.001066,default-spec
amdgpu2,3,nas-is,rank1,0.012632,default-spec
amdgpu2,3,nas-is,create_seq,0.100466,default-spec
amdgpu2,4,nas-is,full_verify0,0.014288,default-spec
amdgpu2,4,nas-is,rank2,1.356275,default-spec
amdgpu2,4,nas-is,full_verify1,0.166585,default-spec
amdgpu2,4,nas-is,rank3_1,0.231904,default-spec
amdgpu2,4,nas-is,rank3_0,0.242236,default-spec
amdgpu2,4,nas-is,full_verify2,0.017072,default-spec
amdgpu2,4,nas-is,rank3_2,0.23142,default-spec
amdgpu2,4,nas-is,rank4,0.002091,default-spec
amdgpu2,4,nas-is,rank0,0.001059,default-spec
amdgpu2,4,nas-is,rank1,0.012641,default-spec
amdgpu2,4,nas-is,create_seq,0.083495,default-spec
amdgpu2,0,nas-sp,error_norm,0.000612,default-spec
amdgpu2,0,nas-sp,compute_rhs4,0.023971,default-spec
amdgpu2,0,nas-sp,ninvr,0.00547800000000001,default-spec
amdgpu2,0,nas-sp,initialize2,0.00118,default-spec
amdgpu2,0,nas-sp,add,0.006148,default-spec
amdgpu2,0,nas-sp,tzetar,0.00610299999999999,default-spec
amdgpu2,0,nas-sp,exact_rhs5,0.000407,default-spec
amdgpu2,0,nas-sp,compute_rhs3,0.027786,default-spec
amdgpu2,0,nas-sp,z_solve,0.036177,default-spec
amdgpu2,0,nas-sp,x_solve,0.043823,default-spec
amdgpu2,0,nas-sp,txinvr,0.00585500000000001,default-spec
amdgpu2,0,nas-sp,initialize4,0.000591,default-spec
amdgpu2,0,nas-sp,rhs_norm,0.000473,default-spec
amdgpu2,0,nas-sp,exact_rhs3,0.001904,default-spec
amdgpu2,0,nas-sp,compute_rhs5,0.023144,default-spec
amdgpu2,0,nas-sp,exact_rhs2,0.001988,default-spec
amdgpu2,0,nas-sp,initialize3,0.000595,default-spec
amdgpu2,0,nas-sp,compute_rhs2,0.005932,default-spec
amdgpu2,0,nas-sp,compute_rhs6,0.006397,default-spec
amdgpu2,0,nas-sp,y_solve,0.042879,default-spec
amdgpu2,0,nas-sp,exact_rhs1,0.000467,default-spec
amdgpu2,0,nas-sp,pinvr,0.005304,default-spec
amdgpu2,0,nas-sp,exact_rhs4,0.001905,default-spec
amdgpu2,0,nas-sp,compute_rhs1,0.00622300000000001,default-spec
amdgpu2,0,nas-sp,initialize5,0.000584,default-spec
amdgpu2,0,nas-sp,initialize1,0.000611,default-spec
amdgpu2,1,nas-sp,error_norm,0.000613,default-spec
amdgpu2,1,nas-sp,compute_rhs4,0.023855,default-spec
amdgpu2,1,nas-sp,ninvr,0.00557700000000001,default-spec
amdgpu2,1,nas-sp,initialize2,0.001174,default-spec
amdgpu2,1,nas-sp,add,0.005913,default-spec
amdgpu2,1,nas-sp,tzetar,0.00615599999999999,default-spec
amdgpu2,1,nas-sp,exact_rhs5,0.000416,default-spec
amdgpu2,1,nas-sp,compute_rhs3,0.027332,default-spec
amdgpu2,1,nas-sp,z_solve,0.041058,default-spec
amdgpu2,1,nas-sp,x_solve,0.038995,default-spec
amdgpu2,1,nas-sp,txinvr,0.005845,default-spec
amdgpu2,1,nas-sp,initialize4,0.000593,default-spec
amdgpu2,1,nas-sp,rhs_norm,0.000474,default-spec
amdgpu2,1,nas-sp,exact_rhs3,0.001897,default-spec
amdgpu2,1,nas-sp,compute_rhs5,0.023038,default-spec
amdgpu2,1,nas-sp,exact_rhs2,0.002007,default-spec
amdgpu2,1,nas-sp,initialize3,0.000585,default-spec
amdgpu2,1,nas-sp,compute_rhs2,0.005888,default-spec
amdgpu2,1,nas-sp,compute_rhs6,0.006069,default-spec
amdgpu2,1,nas-sp,y_solve,0.04312,default-spec
amdgpu2,1,nas-sp,exact_rhs1,0.000469,default-spec
amdgpu2,1,nas-sp,pinvr,0.0053,default-spec
amdgpu2,1,nas-sp,exact_rhs4,0.0019,default-spec
amdgpu2,1,nas-sp,compute_rhs1,0.00612200000000001,default-spec
amdgpu2,1,nas-sp,initialize5,0.000586,default-spec
amdgpu2,1,nas-sp,initialize1,0.000623,default-spec
amdgpu2,2,nas-sp,error_norm,0.000617,default-spec
amdgpu2,2,nas-sp,compute_rhs4,0.024019,default-spec
amdgpu2,2,nas-sp,ninvr,0.00545000000000001,default-spec
amdgpu2,2,nas-sp,initialize2,0.00117,default-spec
amdgpu2,2,nas-sp,add,0.006057,default-spec
amdgpu2,2,nas-sp,tzetar,0.00614399999999999,default-spec
amdgpu2,2,nas-sp,exact_rhs5,0.000401,default-spec
amdgpu2,2,nas-sp,compute_rhs3,0.027788,default-spec
amdgpu2,2,nas-sp,z_solve,0.041782,default-spec
amdgpu2,2,nas-sp,x_solve,0.043649,default-spec
amdgpu2,2,nas-sp,txinvr,0.005847,default-spec
amdgpu2,2,nas-sp,initialize4,0.00058,default-spec
amdgpu2,2,nas-sp,rhs_norm,0.000475,default-spec
amdgpu2,2,nas-sp,exact_rhs3,0.001893,default-spec
amdgpu2,2,nas-sp,compute_rhs5,0.023128,default-spec
amdgpu2,2,nas-sp,exact_rhs2,0.001983,default-spec
amdgpu2,2,nas-sp,initialize3,0.000583,default-spec
amdgpu2,2,nas-sp,compute_rhs2,0.005936,default-spec
amdgpu2,2,nas-sp,compute_rhs6,0.006383,default-spec
amdgpu2,2,nas-sp,y_solve,0.037436,default-spec
amdgpu2,2,nas-sp,exact_rhs1,0.000466,default-spec
amdgpu2,2,nas-sp,pinvr,0.00533800000000001,default-spec
amdgpu2,2,nas-sp,exact_rhs4,0.001885,default-spec
amdgpu2,2,nas-sp,compute_rhs1,0.00613800000000001,default-spec
amdgpu2,2,nas-sp,initialize5,0.000586,default-spec
amdgpu2,2,nas-sp,initialize1,0.000537,default-spec
amdgpu2,3,nas-sp,error_norm,0.00061,default-spec
amdgpu2,3,nas-sp,compute_rhs4,0.023596,default-spec
amdgpu2,3,nas-sp,ninvr,0.005348,default-spec
amdgpu2,3,nas-sp,initialize2,0.001171,default-spec
amdgpu2,3,nas-sp,add,0.006028,default-spec
amdgpu2,3,nas-sp,tzetar,0.00601799999999999,default-spec
amdgpu2,3,nas-sp,exact_rhs5,0.00039,default-spec
amdgpu2,3,nas-sp,compute_rhs3,0.027034,default-spec
amdgpu2,3,nas-sp,z_solve,0.035668,default-spec
amdgpu2,3,nas-sp,x_solve,0.03856,default-spec
amdgpu2,3,nas-sp,txinvr,0.005821,default-spec
amdgpu2,3,nas-sp,initialize4,0.000591,default-spec
amdgpu2,3,nas-sp,rhs_norm,0.000487,default-spec
amdgpu2,3,nas-sp,exact_rhs3,0.001895,default-spec
amdgpu2,3,nas-sp,compute_rhs5,0.02308,default-spec
amdgpu2,3,nas-sp,exact_rhs2,0.001985,default-spec
amdgpu2,3,nas-sp,initialize3,0.000591,default-spec
amdgpu2,3,nas-sp,compute_rhs2,0.005892,default-spec
amdgpu2,3,nas-sp,compute_rhs6,0.006108,default-spec
amdgpu2,3,nas-sp,y_solve,0.046986,default-spec
amdgpu2,3,nas-sp,exact_rhs1,0.000469,default-spec
amdgpu2,3,nas-sp,pinvr,0.005248,default-spec
amdgpu2,3,nas-sp,exact_rhs4,0.001893,default-spec
amdgpu2,3,nas-sp,compute_rhs1,0.00610800000000001,default-spec
amdgpu2,3,nas-sp,initialize5,0.000591,default-spec
amdgpu2,3,nas-sp,initialize1,0.000629,default-spec
amdgpu2,4,nas-sp,error_norm,0.000615,default-spec
amdgpu2,4,nas-sp,compute_rhs4,0.024139,default-spec
amdgpu2,4,nas-sp,ninvr,0.005364,default-spec
amdgpu2,4,nas-sp,initialize2,0.001169,default-spec
amdgpu2,4,nas-sp,add,0.006039,default-spec
amdgpu2,4,nas-sp,tzetar,0.00605899999999999,default-spec
amdgpu2,4,nas-sp,exact_rhs5,0.000403,default-spec
amdgpu2,4,nas-sp,compute_rhs3,0.027243,default-spec
amdgpu2,4,nas-sp,z_solve,0.035973,default-spec
amdgpu2,4,nas-sp,x_solve,0.038341,default-spec
amdgpu2,4,nas-sp,txinvr,0.00581300000000001,default-spec
amdgpu2,4,nas-sp,initialize4,0.000581,default-spec
amdgpu2,4,nas-sp,rhs_norm,0.000482,default-spec
amdgpu2,4,nas-sp,exact_rhs3,0.001898,default-spec
amdgpu2,4,nas-sp,compute_rhs5,0.0278269999999999,default-spec
amdgpu2,4,nas-sp,exact_rhs2,0.001979,default-spec
amdgpu2,4,nas-sp,initialize3,0.000586,default-spec
amdgpu2,4,nas-sp,compute_rhs2,0.006166,default-spec
amdgpu2,4,nas-sp,compute_rhs6,0.006035,default-spec
amdgpu2,4,nas-sp,y_solve,0.037123,default-spec
amdgpu2,4,nas-sp,exact_rhs1,0.000474,default-spec
amdgpu2,4,nas-sp,pinvr,0.010803,default-spec
amdgpu2,4,nas-sp,exact_rhs4,0.001892,default-spec
amdgpu2,4,nas-sp,compute_rhs1,0.00612900000000001,default-spec
amdgpu2,4,nas-sp,initialize5,0.000592,default-spec
amdgpu2,4,nas-sp,initialize1,0.000616,default-spec
amdgpu2,0,particlefilter,find_index_kernel,3.701436,default-spec
amdgpu2,0,particlefilter,normalize_weights_kernel,3.462022,default-spec
amdgpu2,0,particlefilter,likelihood_kernel,0.554769,default-spec
amdgpu2,0,particlefilter,sum_kernel,0.0076,default-spec
amdgpu2,1,particlefilter,find_index_kernel,3.701418,default-spec
amdgpu2,1,particlefilter,normalize_weights_kernel,3.464371,default-spec
amdgpu2,1,particlefilter,likelihood_kernel,0.554691,default-spec
amdgpu2,1,particlefilter,sum_kernel,0.007573,default-spec
amdgpu2,2,particlefilter,find_index_kernel,3.701414,default-spec
amdgpu2,2,particlefilter,normalize_weights_kernel,3.458527,default-spec
amdgpu2,2,particlefilter,likelihood_kernel,0.554635,default-spec
amdgpu2,2,particlefilter,sum_kernel,0.007572,default-spec
amdgpu2,3,particlefilter,find_index_kernel,3.701368,default-spec
amdgpu2,3,particlefilter,normalize_weights_kernel,3.461842,default-spec
amdgpu2,3,particlefilter,likelihood_kernel,0.554287,default-spec
amdgpu2,3,particlefilter,sum_kernel,0.007572,default-spec
amdgpu2,4,particlefilter,find_index_kernel,3.701546,default-spec
amdgpu2,4,particlefilter,normalize_weights_kernel,3.461122,default-spec
amdgpu2,4,particlefilter,likelihood_kernel,0.554402,default-spec
amdgpu2,4,particlefilter,sum_kernel,0.007576,default-spec
amdgpu3,0,blur,blur_ver,0.569456,default-spec-unroll
amdgpu3,0,blur,blur_hor,0.551118,default-spec-unroll
amdgpu3,1,blur,blur_ver,0.569322,default-spec-unroll
amdgpu3,1,blur,blur_hor,0.55103,default-spec-unroll
amdgpu3,2,blur,blur_ver,0.569456,default-spec-unroll
amdgpu3,2,blur,blur_hor,0.550999,default-spec-unroll
amdgpu3,3,blur,blur_ver,0.569042,default-spec-unroll
amdgpu3,3,blur,blur_hor,0.551102,default-spec-unroll
amdgpu3,4,blur,blur_ver,0.569161,default-spec-unroll
amdgpu3,4,blur,blur_hor,0.551196,default-spec-unroll
amdgpu3,0,gaussian,Fan1,0.0764480000000003,default-spec-unroll
amdgpu3,0,gaussian,Fan2,5.002842,default-spec-unroll
amdgpu3,1,gaussian,Fan1,0.0758400000000003,default-spec-unroll
amdgpu3,1,gaussian,Fan2,4.98160399999999,default-spec-unroll
amdgpu3,2,gaussian,Fan1,0.0760280000000004,default-spec-unroll
amdgpu3,2,gaussian,Fan2,4.98146899999998,default-spec-unroll
amdgpu3,3,gaussian,Fan1,0.0765370000000003,default-spec-unroll
amdgpu3,3,gaussian,Fan2,4.98257799999999,default-spec-unroll
amdgpu3,4,gaussian,Fan1,0.0766960000000004,default-spec-unroll
amdgpu3,4,gaussian,Fan2,4.980918,default-spec-unroll
amdgpu3,0,mandelbrot,mandelGPU,0.869023,default-spec-unroll
amdgpu3,1,mandelbrot,mandelGPU,0.886779,default-spec-unroll
amdgpu3,2,mandelbrot,mandelGPU,0.885541,default-spec-unroll
amdgpu3,3,mandelbrot,mandelGPU,0.885529,default-spec-unroll
amdgpu3,4,mandelbrot,mandelGPU,0.883285,default-spec-unroll
amdgpu3,0,mmul,fmma,0.476556,default-spec-unroll
amdgpu3,1,mmul,fmma,0.4743,default-spec-unroll
amdgpu3,2,mmul,fmma,0.47525,default-spec-unroll
amdgpu3,3,mmul,fmma,0.474885,default-spec-unroll
amdgpu3,4,mmul,fmma,0.47345,default-spec-unroll
amdgpu3,0,nas-cg,conj_grad_6,0.017912,default-spec-unroll
amdgpu3,0,nas-cg,main_0,0.00112,default-spec-unroll
amdgpu3,0,nas-cg,makea_1,0.113143,default-spec-unroll
amdgpu3,0,nas-cg,conj_grad_1,0.001333,default-spec-unroll
amdgpu3,0,nas-cg,conj_grad_0,0.00134,default-spec-unroll
amdgpu3,0,nas-cg,makea_2,0.000834,default-spec-unroll
amdgpu3,0,nas-cg,conj_grad_3,0.034656,default-spec-unroll
amdgpu3,0,nas-cg,makea_0,0.894845,default-spec-unroll
amdgpu3,0,nas-cg,makea_6,0.004923,default-spec-unroll
amdgpu3,0,nas-cg,main_3,0.001477,default-spec-unroll
amdgpu3,0,nas-cg,conj_grad_7,0.001666,default-spec-unroll
amdgpu3,0,nas-cg,init_mem_0,0.000771,default-spec-unroll
amdgpu3,0,nas-cg,main_2,0.000368,default-spec-unroll
amdgpu3,0,nas-cg,main_4,0.0012,default-spec-unroll
amdgpu3,0,nas-cg,makea_5,0.000829,default-spec-unroll
amdgpu3,0,nas-cg,conj_grad_5,0.022338,default-spec-unroll
amdgpu3,0,nas-cg,makea_4,0.000386,default-spec-unroll
amdgpu3,0,nas-cg,conj_grad_4,0.030014,default-spec-unroll
amdgpu3,0,nas-cg,makea_7,0.000348,default-spec-unroll
amdgpu3,0,nas-cg,makea_3,4.324254,default-spec-unroll
amdgpu3,0,nas-cg,main_1,0.000412,default-spec-unroll
amdgpu3,0,nas-cg,conj_grad_2,0.440327,default-spec-unroll
amdgpu3,0,nas-cg,init_mem_1,0.002263,default-spec-unroll
amdgpu3,1,nas-cg,conj_grad_6,0.017934,default-spec-unroll
amdgpu3,1,nas-cg,main_0,0.001107,default-spec-unroll
amdgpu3,1,nas-cg,makea_1,0.113139,default-spec-unroll
amdgpu3,1,nas-cg,conj_grad_1,0.001306,default-spec-unroll
amdgpu3,1,nas-cg,conj_grad_0,0.001328,default-spec-unroll
amdgpu3,1,nas-cg,makea_2,0.000833,default-spec-unroll
amdgpu3,1,nas-cg,conj_grad_3,0.034771,default-spec-unroll
amdgpu3,1,nas-cg,makea_0,0.911059,default-spec-unroll
amdgpu3,1,nas-cg,makea_6,0.004897,default-spec-unroll
amdgpu3,1,nas-cg,main_3,0.001488,default-spec-unroll
amdgpu3,1,nas-cg,conj_grad_7,0.001663,default-spec-unroll
amdgpu3,1,nas-cg,init_mem_0,0.001503,default-spec-unroll
amdgpu3,1,nas-cg,main_2,0.000372,default-spec-unroll
amdgpu3,1,nas-cg,main_4,0.001171,default-spec-unroll
amdgpu3,1,nas-cg,makea_5,0.00084,default-spec-unroll
amdgpu3,1,nas-cg,conj_grad_5,0.0221319999999999,default-spec-unroll
amdgpu3,1,nas-cg,makea_4,0.000387,default-spec-unroll
amdgpu3,1,nas-cg,conj_grad_4,0.030021,default-spec-unroll
amdgpu3,1,nas-cg,makea_7,0.000342,default-spec-unroll
amdgpu3,1,nas-cg,makea_3,4.325878,default-spec-unroll
amdgpu3,1,nas-cg,main_1,0.000413,default-spec-unroll
amdgpu3,1,nas-cg,conj_grad_2,0.440201,default-spec-unroll
amdgpu3,1,nas-cg,init_mem_1,0.012182,default-spec-unroll
amdgpu3,2,nas-cg,conj_grad_6,0.017934,default-spec-unroll
amdgpu3,2,nas-cg,main_0,0.001114,default-spec-unroll
amdgpu3,2,nas-cg,makea_1,0.113149,default-spec-unroll
amdgpu3,2,nas-cg,conj_grad_1,0.001382,default-spec-unroll
amdgpu3,2,nas-cg,conj_grad_0,0.001285,default-spec-unroll
amdgpu3,2,nas-cg,makea_2,0.000839,default-spec-unroll
amdgpu3,2,nas-cg,conj_grad_3,0.034832,default-spec-unroll
amdgpu3,2,nas-cg,makea_0,0.9081,default-spec-unroll
amdgpu3,2,nas-cg,makea_6,0.004904,default-spec-unroll
amdgpu3,2,nas-cg,main_3,0.001481,default-spec-unroll
amdgpu3,2,nas-cg,conj_grad_7,0.001672,default-spec-unroll
amdgpu3,2,nas-cg,init_mem_0,0.001507,default-spec-unroll
amdgpu3,2,nas-cg,main_2,0.000372,default-spec-unroll
amdgpu3,2,nas-cg,main_4,0.001178,default-spec-unroll
amdgpu3,2,nas-cg,makea_5,0.00084,default-spec-unroll
amdgpu3,2,nas-cg,conj_grad_5,0.0221999999999999,default-spec-unroll
amdgpu3,2,nas-cg,makea_4,0.000385,default-spec-unroll
amdgpu3,2,nas-cg,conj_grad_4,0.029986,default-spec-unroll
amdgpu3,2,nas-cg,makea_7,0.000349,default-spec-unroll
amdgpu3,2,nas-cg,makea_3,4.3262,default-spec-unroll
amdgpu3,2,nas-cg,main_1,0.000381,default-spec-unroll
amdgpu3,2,nas-cg,conj_grad_2,0.440134,default-spec-unroll
amdgpu3,2,nas-cg,init_mem_1,0.006721,default-spec-unroll
amdgpu3,3,nas-cg,conj_grad_6,0.017895,default-spec-unroll
amdgpu3,3,nas-cg,main_0,0.001098,default-spec-unroll
amdgpu3,3,nas-cg,makea_1,0.113111,default-spec-unroll
amdgpu3,3,nas-cg,conj_grad_1,0.001303,default-spec-unroll
amdgpu3,3,nas-cg,conj_grad_0,0.001318,default-spec-unroll
amdgpu3,3,nas-cg,makea_2,0.000835,default-spec-unroll
amdgpu3,3,nas-cg,conj_grad_3,0.034573,default-spec-unroll
amdgpu3,3,nas-cg,makea_0,0.911459,default-spec-unroll
amdgpu3,3,nas-cg,makea_6,0.004916,default-spec-unroll
amdgpu3,3,nas-cg,main_3,0.001487,default-spec-unroll
amdgpu3,3,nas-cg,conj_grad_7,0.001662,default-spec-unroll
amdgpu3,3,nas-cg,init_mem_0,0.001504,default-spec-unroll
amdgpu3,3,nas-cg,main_2,0.000366,default-spec-unroll
amdgpu3,3,nas-cg,main_4,0.001182,default-spec-unroll
amdgpu3,3,nas-cg,makea_5,0.000837,default-spec-unroll
amdgpu3,3,nas-cg,conj_grad_5,0.0220649999999999,default-spec-unroll
amdgpu3,3,nas-cg,makea_4,0.000385,default-spec-unroll
amdgpu3,3,nas-cg,conj_grad_4,0.029816,default-spec-unroll
amdgpu3,3,nas-cg,makea_7,0.000342,default-spec-unroll
amdgpu3,3,nas-cg,makea_3,4.325609,default-spec-unroll
amdgpu3,3,nas-cg,main_1,0.000411,default-spec-unroll
amdgpu3,3,nas-cg,conj_grad_2,0.439955,default-spec-unroll
amdgpu3,3,nas-cg,init_mem_1,0.006705,default-spec-unroll
amdgpu3,4,nas-cg,conj_grad_6,0.01793,default-spec-unroll
amdgpu3,4,nas-cg,main_0,0.001097,default-spec-unroll
amdgpu3,4,nas-cg,makea_1,0.113101,default-spec-unroll
amdgpu3,4,nas-cg,conj_grad_1,0.001288,default-spec-unroll
amdgpu3,4,nas-cg,conj_grad_0,0.001329,default-spec-unroll
amdgpu3,4,nas-cg,makea_2,0.00084,default-spec-unroll
amdgpu3,4,nas-cg,conj_grad_3,0.034686,default-spec-unroll
amdgpu3,4,nas-cg,makea_0,0.912984,default-spec-unroll
amdgpu3,4,nas-cg,makea_6,0.004915,default-spec-unroll
amdgpu3,4,nas-cg,main_3,0.001476,default-spec-unroll
amdgpu3,4,nas-cg,conj_grad_7,0.001655,default-spec-unroll
amdgpu3,4,nas-cg,init_mem_0,0.001507,default-spec-unroll
amdgpu3,4,nas-cg,main_2,0.000367,default-spec-unroll
amdgpu3,4,nas-cg,main_4,0.001193,default-spec-unroll
amdgpu3,4,nas-cg,makea_5,0.000839,default-spec-unroll
amdgpu3,4,nas-cg,conj_grad_5,0.0220909999999999,default-spec-unroll
amdgpu3,4,nas-cg,makea_4,0.000377,default-spec-unroll
amdgpu3,4,nas-cg,conj_grad_4,0.0299930000000001,default-spec-unroll
amdgpu3,4,nas-cg,makea_7,0.000349,default-spec-unroll
amdgpu3,4,nas-cg,makea_3,4.32429,default-spec-unroll
amdgpu3,4,nas-cg,main_1,0.000414,default-spec-unroll
amdgpu3,4,nas-cg,conj_grad_2,0.440187,default-spec-unroll
amdgpu3,4,nas-cg,init_mem_1,0.012191,default-spec-unroll
amdgpu3,0,nas-is,full_verify0,0.014193,default-spec-unroll
amdgpu3,0,nas-is,rank2,1.326821,default-spec-unroll
amdgpu3,0,nas-is,full_verify1,0.165937,default-spec-unroll
amdgpu3,0,nas-is,rank3_1,0.220809,default-spec-unroll
amdgpu3,0,nas-is,rank3_0,0.240064,default-spec-unroll
amdgpu3,0,nas-is,full_verify2,0.017087,default-spec-unroll
amdgpu3,0,nas-is,rank3_2,0.225793,default-spec-unroll
amdgpu3,0,nas-is,rank4,0.002937,default-spec-unroll
amdgpu3,0,nas-is,rank0,0.001072,default-spec-unroll
amdgpu3,0,nas-is,rank1,0.011917,default-spec-unroll
amdgpu3,0,nas-is,create_seq,0.096551,default-spec-unroll
amdgpu3,1,nas-is,full_verify0,0.014171,default-spec-unroll
amdgpu3,1,nas-is,rank2,1.348131,default-spec-unroll
amdgpu3,1,nas-is,full_verify1,0.165692,default-spec-unroll
amdgpu3,1,nas-is,rank3_1,0.223174,default-spec-unroll
amdgpu3,1,nas-is,rank3_0,0.240287,default-spec-unroll
amdgpu3,1,nas-is,full_verify2,0.017073,default-spec-unroll
amdgpu3,1,nas-is,rank3_2,0.229453,default-spec-unroll
amdgpu3,1,nas-is,rank4,0.002066,default-spec-unroll
amdgpu3,1,nas-is,rank0,0.00106,default-spec-unroll
amdgpu3,1,nas-is,rank1,0.012593,default-spec-unroll
amdgpu3,1,nas-is,create_seq,0.08115,default-spec-unroll
amdgpu3,2,nas-is,full_verify0,0.01421,default-spec-unroll
amdgpu3,2,nas-is,rank2,1.344931,default-spec-unroll
amdgpu3,2,nas-is,full_verify1,0.166211,default-spec-unroll
amdgpu3,2,nas-is,rank3_1,0.223165,default-spec-unroll
amdgpu3,2,nas-is,rank3_0,0.242018,default-spec-unroll
amdgpu3,2,nas-is,full_verify2,0.017077,default-spec-unroll
amdgpu3,2,nas-is,rank3_2,0.22747,default-spec-unroll
amdgpu3,2,nas-is,rank4,0.002107,default-spec-unroll
amdgpu3,2,nas-is,rank0,0.001062,default-spec-unroll
amdgpu3,2,nas-is,rank1,0.012612,default-spec-unroll
amdgpu3,2,nas-is,create_seq,0.085019,default-spec-unroll
amdgpu3,3,nas-is,full_verify0,0.014173,default-spec-unroll
amdgpu3,3,nas-is,rank2,1.344536,default-spec-unroll
amdgpu3,3,nas-is,full_verify1,0.165728,default-spec-unroll
amdgpu3,3,nas-is,rank3_1,0.22297,default-spec-unroll
amdgpu3,3,nas-is,rank3_0,0.244937,default-spec-unroll
amdgpu3,3,nas-is,full_verify2,0.01707,default-spec-unroll
amdgpu3,3,nas-is,rank3_2,0.229638,default-spec-unroll
amdgpu3,3,nas-is,rank4,0.002096,default-spec-unroll
amdgpu3,3,nas-is,rank0,0.001076,default-spec-unroll
amdgpu3,3,nas-is,rank1,0.01261,default-spec-unroll
amdgpu3,3,nas-is,create_seq,0.079097,default-spec-unroll
amdgpu3,4,nas-is,full_verify0,0.014167,default-spec-unroll
amdgpu3,4,nas-is,rank2,1.350117,default-spec-unroll
amdgpu3,4,nas-is,full_verify1,0.165837,default-spec-unroll
amdgpu3,4,nas-is,rank3_1,0.221303,default-spec-unroll
amdgpu3,4,nas-is,rank3_0,0.242156,default-spec-unroll
amdgpu3,4,nas-is,full_verify2,0.01707,default-spec-unroll
amdgpu3,4,nas-is,rank3_2,0.232772,default-spec-unroll
amdgpu3,4,nas-is,rank4,0.002081,default-spec-unroll
amdgpu3,4,nas-is,rank0,0.001067,default-spec-unroll
amdgpu3,4,nas-is,rank1,0.0126,default-spec-unroll
amdgpu3,4,nas-is,create_seq,0.081664,default-spec-unroll
amdgpu3,0,nas-sp,error_norm,0.000611,default-spec-unroll
amdgpu3,0,nas-sp,compute_rhs4,0.023983,default-spec-unroll
amdgpu3,0,nas-sp,ninvr,0.00546800000000001,default-spec-unroll
amdgpu3,0,nas-sp,initialize2,0.001172,default-spec-unroll
amdgpu3,0,nas-sp,add,0.00610600000000001,default-spec-unroll
amdgpu3,0,nas-sp,tzetar,0.00609599999999999,default-spec-unroll
amdgpu3,0,nas-sp,exact_rhs5,0.000408,default-spec-unroll
amdgpu3,0,nas-sp,compute_rhs3,0.027522,default-spec-unroll
amdgpu3,0,nas-sp,z_solve,0.036088,default-spec-unroll
amdgpu3,0,nas-sp,x_solve,0.043933,default-spec-unroll
amdgpu3,0,nas-sp,txinvr,0.005915,default-spec-unroll
amdgpu3,0,nas-sp,initialize4,0.000602,default-spec-unroll
amdgpu3,0,nas-sp,rhs_norm,0.000473,default-spec-unroll
amdgpu3,0,nas-sp,exact_rhs3,0.001925,default-spec-unroll
amdgpu3,0,nas-sp,compute_rhs5,0.022957,default-spec-unroll
amdgpu3,0,nas-sp,exact_rhs2,0.001996,default-spec-unroll
amdgpu3,0,nas-sp,initialize3,0.000589,default-spec-unroll
amdgpu3,0,nas-sp,compute_rhs2,0.005877,default-spec-unroll
amdgpu3,0,nas-sp,compute_rhs6,0.006034,default-spec-unroll
amdgpu3,0,nas-sp,y_solve,0.042806,default-spec-unroll
amdgpu3,0,nas-sp,exact_rhs1,0.000476,default-spec-unroll
amdgpu3,0,nas-sp,pinvr,0.005301,default-spec-unroll
amdgpu3,0,nas-sp,exact_rhs4,0.001908,default-spec-unroll
amdgpu3,0,nas-sp,compute_rhs1,0.00616500000000001,default-spec-unroll
amdgpu3,0,nas-sp,initialize5,0.000609,default-spec-unroll
amdgpu3,0,nas-sp,initialize1,0.000619,default-spec-unroll
amdgpu3,1,nas-sp,error_norm,0.000617,default-spec-unroll
amdgpu3,1,nas-sp,compute_rhs4,0.023729,default-spec-unroll
amdgpu3,1,nas-sp,ninvr,0.005402,default-spec-unroll
amdgpu3,1,nas-sp,initialize2,0.001161,default-spec-unroll
amdgpu3,1,nas-sp,add,0.00609,default-spec-unroll
amdgpu3,1,nas-sp,tzetar,0.006042,default-spec-unroll
amdgpu3,1,nas-sp,exact_rhs5,0.000422,default-spec-unroll
amdgpu3,1,nas-sp,compute_rhs3,0.027856,default-spec-unroll
amdgpu3,1,nas-sp,z_solve,0.03621,default-spec-unroll
amdgpu3,1,nas-sp,x_solve,0.043634,default-spec-unroll
amdgpu3,1,nas-sp,txinvr,0.00609600000000001,default-spec-unroll
amdgpu3,1,nas-sp,initialize4,0.00059,default-spec-unroll
amdgpu3,1,nas-sp,rhs_norm,0.000478,default-spec-unroll
amdgpu3,1,nas-sp,exact_rhs3,0.001919,default-spec-unroll
amdgpu3,1,nas-sp,compute_rhs5,0.022951,default-spec-unroll
amdgpu3,1,nas-sp,exact_rhs2,0.001998,default-spec-unroll
amdgpu3,1,nas-sp,initialize3,0.000603,default-spec-unroll
amdgpu3,1,nas-sp,compute_rhs2,0.00585,default-spec-unroll
amdgpu3,1,nas-sp,compute_rhs6,0.006042,default-spec-unroll
amdgpu3,1,nas-sp,y_solve,0.042821,default-spec-unroll
amdgpu3,1,nas-sp,exact_rhs1,0.000475,default-spec-unroll
amdgpu3,1,nas-sp,pinvr,0.005246,default-spec-unroll
amdgpu3,1,nas-sp,exact_rhs4,0.001911,default-spec-unroll
amdgpu3,1,nas-sp,compute_rhs1,0.00604000000000001,default-spec-unroll
amdgpu3,1,nas-sp,initialize5,0.000571,default-spec-unroll
amdgpu3,1,nas-sp,initialize1,0.000554,default-spec-unroll
amdgpu3,2,nas-sp,error_norm,0.000602,default-spec-unroll
amdgpu3,2,nas-sp,compute_rhs4,0.025497,default-spec-unroll
amdgpu3,2,nas-sp,ninvr,0.006456,default-spec-unroll
amdgpu3,2,nas-sp,initialize2,0.001166,default-spec-unroll
amdgpu3,2,nas-sp,add,0.00954400000000001,default-spec-unroll
amdgpu3,2,nas-sp,tzetar,0.006873,default-spec-unroll
amdgpu3,2,nas-sp,exact_rhs5,0.000418,default-spec-unroll
amdgpu3,2,nas-sp,compute_rhs3,0.032915,default-spec-unroll
amdgpu3,2,nas-sp,z_solve,0.042775,default-spec-unroll
amdgpu3,2,nas-sp,x_solve,0.039699,default-spec-unroll
amdgpu3,2,nas-sp,txinvr,0.006218,default-spec-unroll
amdgpu3,2,nas-sp,initialize4,0.000615,default-spec-unroll
amdgpu3,2,nas-sp,rhs_norm,0.000449,default-spec-unroll
amdgpu3,2,nas-sp,exact_rhs3,0.001905,default-spec-unroll
amdgpu3,2,nas-sp,compute_rhs5,0.024155,default-spec-unroll
amdgpu3,2,nas-sp,exact_rhs2,0.001997,default-spec-unroll
amdgpu3,2,nas-sp,initialize3,0.000582,default-spec-unroll
amdgpu3,2,nas-sp,compute_rhs2,0.00616,default-spec-unroll
amdgpu3,2,nas-sp,compute_rhs6,0.006654,default-spec-unroll
amdgpu3,2,nas-sp,y_solve,0.040068,default-spec-unroll
amdgpu3,2,nas-sp,exact_rhs1,0.000467,default-spec-unroll
amdgpu3,2,nas-sp,pinvr,0.005867,default-spec-unroll
amdgpu3,2,nas-sp,exact_rhs4,0.001897,default-spec-unroll
amdgpu3,2,nas-sp,compute_rhs1,0.006534,default-spec-unroll
amdgpu3,2,nas-sp,initialize5,0.000673,default-spec-unroll
amdgpu3,2,nas-sp,initialize1,0.000557,default-spec-unroll
amdgpu3,3,nas-sp,error_norm,0.000611,default-spec-unroll
amdgpu3,3,nas-sp,compute_rhs4,0.024803,default-spec-unroll
amdgpu3,3,nas-sp,ninvr,0.00608,default-spec-unroll
amdgpu3,3,nas-sp,initialize2,0.001166,default-spec-unroll
amdgpu3,3,nas-sp,add,0.007466,default-spec-unroll
amdgpu3,3,nas-sp,tzetar,0.008528,default-spec-unroll
amdgpu3,3,nas-sp,exact_rhs5,0.000416,default-spec-unroll
amdgpu3,3,nas-sp,compute_rhs3,0.028728,default-spec-unroll
amdgpu3,3,nas-sp,z_solve,0.037696,default-spec-unroll
amdgpu3,3,nas-sp,x_solve,0.039499,default-spec-unroll
amdgpu3,3,nas-sp,txinvr,0.006205,default-spec-unroll
amdgpu3,3,nas-sp,initialize4,0.000659,default-spec-unroll
amdgpu3,3,nas-sp,rhs_norm,0.000471,default-spec-unroll
amdgpu3,3,nas-sp,exact_rhs3,0.001906,default-spec-unroll
amdgpu3,3,nas-sp,compute_rhs5,0.023473,default-spec-unroll
amdgpu3,3,nas-sp,exact_rhs2,0.002017,default-spec-unroll
amdgpu3,3,nas-sp,initialize3,0.000602,default-spec-unroll
amdgpu3,3,nas-sp,compute_rhs2,0.00614,default-spec-unroll
amdgpu3,3,nas-sp,compute_rhs6,0.007542,default-spec-unroll
amdgpu3,3,nas-sp,y_solve,0.048236,default-spec-unroll
amdgpu3,3,nas-sp,exact_rhs1,0.000483,default-spec-unroll
amdgpu3,3,nas-sp,pinvr,0.011447,default-spec-unroll
amdgpu3,3,nas-sp,exact_rhs4,0.001881,default-spec-unroll
amdgpu3,3,nas-sp,compute_rhs1,0.006668,default-spec-unroll
amdgpu3,3,nas-sp,initialize5,0.000581,default-spec-unroll
amdgpu3,3,nas-sp,initialize1,0.000562,default-spec-unroll
amdgpu3,4,nas-sp,error_norm,0.000603,default-spec-unroll
amdgpu3,4,nas-sp,compute_rhs4,0.029342,default-spec-unroll
amdgpu3,4,nas-sp,ninvr,0.007091,default-spec-unroll
amdgpu3,4,nas-sp,initialize2,0.001153,default-spec-unroll
amdgpu3,4,nas-sp,add,0.006585,default-spec-unroll
amdgpu3,4,nas-sp,tzetar,0.006957,default-spec-unroll
amdgpu3,4,nas-sp,exact_rhs5,0.000399,default-spec-unroll
amdgpu3,4,nas-sp,compute_rhs3,0.027752,default-spec-unroll
amdgpu3,4,nas-sp,z_solve,0.036812,default-spec-unroll
amdgpu3,4,nas-sp,x_solve,0.03944,default-spec-unroll
amdgpu3,4,nas-sp,txinvr,0.006202,default-spec-unroll
amdgpu3,4,nas-sp,initialize4,0.000591,default-spec-unroll
amdgpu3,4,nas-sp,rhs_norm,0.000524,default-spec-unroll
amdgpu3,4,nas-sp,exact_rhs3,0.001874,default-spec-unroll
amdgpu3,4,nas-sp,compute_rhs5,0.023565,default-spec-unroll
amdgpu3,4,nas-sp,exact_rhs2,0.001983,default-spec-unroll
amdgpu3,4,nas-sp,initialize3,0.000635,default-spec-unroll
amdgpu3,4,nas-sp,compute_rhs2,0.006996,default-spec-unroll
amdgpu3,4,nas-sp,compute_rhs6,0.006582,default-spec-unroll
amdgpu3,4,nas-sp,y_solve,0.043659,default-spec-unroll
amdgpu3,4,nas-sp,exact_rhs1,0.00048,default-spec-unroll
amdgpu3,4,nas-sp,pinvr,0.005825,default-spec-unroll
amdgpu3,4,nas-sp,exact_rhs4,0.001911,default-spec-unroll
amdgpu3,4,nas-sp,compute_rhs1,0.006577,default-spec-unroll
amdgpu3,4,nas-sp,initialize5,0.000664,default-spec-unroll
amdgpu3,4,nas-sp,initialize1,0.000548,default-spec-unroll
amdgpu3,0,particlefilter,find_index_kernel,3.701628,default-spec-unroll
amdgpu3,0,particlefilter,normalize_weights_kernel,3.46634,default-spec-unroll
amdgpu3,0,particlefilter,likelihood_kernel,0.562819,default-spec-unroll
amdgpu3,0,particlefilter,sum_kernel,0.007865,default-spec-unroll
amdgpu3,1,particlefilter,find_index_kernel,3.701807,default-spec-unroll
amdgpu3,1,particlefilter,normalize_weights_kernel,3.468645,default-spec-unroll
amdgpu3,1,particlefilter,likelihood_kernel,0.558865,default-spec-unroll
amdgpu3,1,particlefilter,sum_kernel,0.007835,default-spec-unroll
amdgpu3,2,particlefilter,find_index_kernel,3.70179,default-spec-unroll
amdgpu3,2,particlefilter,normalize_weights_kernel,3.466951,default-spec-unroll
amdgpu3,2,particlefilter,likelihood_kernel,0.559662,default-spec-unroll
amdgpu3,2,particlefilter,sum_kernel,0.007869,default-spec-unroll
amdgpu3,3,particlefilter,find_index_kernel,3.701781,default-spec-unroll
amdgpu3,3,particlefilter,normalize_weights_kernel,3.468235,default-spec-unroll
amdgpu3,3,particlefilter,likelihood_kernel,0.558967,default-spec-unroll
amdgpu3,3,particlefilter,sum_kernel,0.007892,default-spec-unroll
amdgpu3,4,particlefilter,find_index_kernel,3.70178,default-spec-unroll
amdgpu3,4,particlefilter,normalize_weights_kernel,3.466964,default-spec-unroll
amdgpu3,4,particlefilter,likelihood_kernel,0.562448,default-spec-unroll
amdgpu3,4,particlefilter,sum_kernel,0.007902,default-spec-unroll
