amdgpu0,0,blur,blur_ver,0.123953,default
amdgpu0,0,blur,blur_hor,0.102804,default
amdgpu0,1,blur,blur_ver,0.139057,default
amdgpu0,1,blur,blur_hor,0.111983,default
amdgpu0,2,blur,blur_ver,0.132201,default
amdgpu0,2,blur,blur_hor,0.109234,default
amdgpu0,3,blur,blur_ver,0.120013,default
amdgpu0,3,blur,blur_hor,0.104922,default
amdgpu0,4,blur,blur_ver,0.10625,default
amdgpu0,4,blur,blur_hor,0.114353,default
amdgpu0,0,mandelbrot,mandelGPU,0.120091,default
amdgpu0,1,mandelbrot,mandelGPU,0.138101,default
amdgpu0,2,mandelbrot,mandelGPU,0.106014,default
amdgpu0,3,mandelbrot,mandelGPU,0.127523,default
amdgpu0,4,mandelbrot,mandelGPU,0.106218,default
amdgpu0,0,mbdemo,mandelbrot,0.1158,default
amdgpu0,1,mbdemo,mandelbrot,0.0917960000000005,default
amdgpu0,2,mbdemo,mandelbrot,0.222406,default
amdgpu0,3,mbdemo,mandelbrot,0.0948470000000005,default
amdgpu0,4,mbdemo,mandelbrot,0.0905000000000005,default
amdgpu0,0,mmul,fmma,0.19478,default
amdgpu0,1,mmul,fmma,0.095744,default
amdgpu0,2,mmul,fmma,0.091726,default
amdgpu0,3,mmul,fmma,0.089678,default
amdgpu0,4,mmul,fmma,0.090328,default
amdgpu0,0,nas-sp,error_norm,0.225719,default
amdgpu0,0,nas-sp,compute_rhs4,2.141931,default
amdgpu0,0,nas-sp,ninvr,2.07982,default
amdgpu0,0,nas-sp,initialize2,0.66662,default
amdgpu0,0,nas-sp,add,2.163111,default
amdgpu0,0,nas-sp,tzetar,2.087871,default
amdgpu0,0,nas-sp,exact_rhs5,0.977049,default
amdgpu0,0,nas-sp,compute_rhs3,2.100466,default
amdgpu0,0,nas-sp,z_solve,2.078483,default
amdgpu0,0,nas-sp,x_solve,2.127636,default
amdgpu0,0,nas-sp,txinvr,2.135493,default
amdgpu0,0,nas-sp,initialize4,0.71189,default
amdgpu0,0,nas-sp,rhs_norm,0.225013,default
amdgpu0,0,nas-sp,exact_rhs3,0.822608,default
amdgpu0,0,nas-sp,compute_rhs5,2.149936,default
amdgpu0,0,nas-sp,exact_rhs2,0.828117,default
amdgpu0,0,nas-sp,initialize3,0.673808,default
amdgpu0,0,nas-sp,compute_rhs2,2.09773200000001,default
amdgpu0,0,nas-sp,compute_rhs6,2.083505,default
amdgpu0,0,nas-sp,y_solve,2.187775,default
amdgpu0,0,nas-sp,exact_rhs1,0.881783,default
amdgpu0,0,nas-sp,pinvr,2.143645,default
amdgpu0,0,nas-sp,exact_rhs4,0.831655,default
amdgpu0,0,nas-sp,compute_rhs1,2.05995800000001,default
amdgpu0,0,nas-sp,initialize5,0.774785,default
amdgpu0,0,nas-sp,initialize1,0.698517,default
amdgpu0,1,nas-sp,error_norm,0.244809,default
amdgpu0,1,nas-sp,compute_rhs4,2.089564,default
amdgpu0,1,nas-sp,ninvr,2.075525,default
amdgpu0,1,nas-sp,initialize2,0.671096,default
amdgpu0,1,nas-sp,add,2.055308,default
amdgpu0,1,nas-sp,tzetar,2.104738,default
amdgpu0,1,nas-sp,exact_rhs5,0.824126,default
amdgpu0,1,nas-sp,compute_rhs3,2.162282,default
amdgpu0,1,nas-sp,z_solve,2.14874,default
amdgpu0,1,nas-sp,x_solve,2.121641,default
amdgpu0,1,nas-sp,txinvr,2.084136,default
amdgpu0,1,nas-sp,initialize4,0.68097,default
amdgpu0,1,nas-sp,rhs_norm,0.210681,default
amdgpu0,1,nas-sp,exact_rhs3,0.785001,default
amdgpu0,1,nas-sp,compute_rhs5,2.100139,default
amdgpu0,1,nas-sp,exact_rhs2,1.277149,default
amdgpu0,1,nas-sp,initialize3,0.731962,default
amdgpu0,1,nas-sp,compute_rhs2,2.05249100000001,default
amdgpu0,1,nas-sp,compute_rhs6,2.087489,default
amdgpu0,1,nas-sp,y_solve,2.086937,default
amdgpu0,1,nas-sp,exact_rhs1,0.804594,default
amdgpu0,1,nas-sp,pinvr,2.167505,default
amdgpu0,1,nas-sp,exact_rhs4,0.783488,default
amdgpu0,1,nas-sp,compute_rhs1,2.09730200000001,default
amdgpu0,1,nas-sp,initialize5,0.703567,default
amdgpu0,1,nas-sp,initialize1,0.702331,default
amdgpu0,2,nas-sp,error_norm,0.225811,default
amdgpu0,2,nas-sp,compute_rhs4,2.102501,default
amdgpu0,2,nas-sp,ninvr,2.163359,default
amdgpu0,2,nas-sp,initialize2,0.674629,default
amdgpu0,2,nas-sp,add,2.105621,default
amdgpu0,2,nas-sp,tzetar,2.091644,default
amdgpu0,2,nas-sp,exact_rhs5,0.786741,default
amdgpu0,2,nas-sp,compute_rhs3,2.077988,default
amdgpu0,2,nas-sp,z_solve,2.043776,default
amdgpu0,2,nas-sp,x_solve,2.259308,default
amdgpu0,2,nas-sp,txinvr,2.102379,default
amdgpu0,2,nas-sp,initialize4,0.681515,default
amdgpu0,2,nas-sp,rhs_norm,0.218521,default
amdgpu0,2,nas-sp,exact_rhs3,0.791866,default
amdgpu0,2,nas-sp,compute_rhs5,2.110731,default
amdgpu0,2,nas-sp,exact_rhs2,1.233166,default
amdgpu0,2,nas-sp,initialize3,0.703922,default
amdgpu0,2,nas-sp,compute_rhs2,2.14030300000001,default
amdgpu0,2,nas-sp,compute_rhs6,2.067202,default
amdgpu0,2,nas-sp,y_solve,2.084677,default
amdgpu0,2,nas-sp,exact_rhs1,0.849974,default
amdgpu0,2,nas-sp,pinvr,2.163788,default
amdgpu0,2,nas-sp,exact_rhs4,0.788664,default
amdgpu0,2,nas-sp,compute_rhs1,2.10764900000001,default
amdgpu0,2,nas-sp,initialize5,0.679842,default
amdgpu0,2,nas-sp,initialize1,0.666783,default
amdgpu0,3,nas-sp,error_norm,0.211286,default
amdgpu0,3,nas-sp,compute_rhs4,2.05374300000001,default
amdgpu0,3,nas-sp,ninvr,2.118904,default
amdgpu0,3,nas-sp,initialize2,0.6671,default
amdgpu0,3,nas-sp,add,2.222687,default
amdgpu0,3,nas-sp,tzetar,2.223407,default
amdgpu0,3,nas-sp,exact_rhs5,0.789549,default
amdgpu0,3,nas-sp,compute_rhs3,2.09919500000001,default
amdgpu0,3,nas-sp,z_solve,2.160847,default
amdgpu0,3,nas-sp,x_solve,2.11213,default
amdgpu0,3,nas-sp,txinvr,2.096058,default
amdgpu0,3,nas-sp,initialize4,0.690687,default
amdgpu0,3,nas-sp,rhs_norm,0.237947,default
amdgpu0,3,nas-sp,exact_rhs3,0.777257,default
amdgpu0,3,nas-sp,compute_rhs5,2.131855,default
amdgpu0,3,nas-sp,exact_rhs2,1.185599,default
amdgpu0,3,nas-sp,initialize3,0.699338,default
amdgpu0,3,nas-sp,compute_rhs2,2.10439600000001,default
amdgpu0,3,nas-sp,compute_rhs6,2.092406,default
amdgpu0,3,nas-sp,y_solve,2.081925,default
amdgpu0,3,nas-sp,exact_rhs1,0.784306,default
amdgpu0,3,nas-sp,pinvr,2.184,default
amdgpu0,3,nas-sp,exact_rhs4,0.806161,default
amdgpu0,3,nas-sp,compute_rhs1,2.06307500000001,default
amdgpu0,3,nas-sp,initialize5,0.68529,default
amdgpu0,3,nas-sp,initialize1,0.664611,default
amdgpu0,4,nas-sp,error_norm,0.215259,default
amdgpu0,4,nas-sp,compute_rhs4,2.09927300000001,default
amdgpu0,4,nas-sp,ninvr,2.081366,default
amdgpu0,4,nas-sp,initialize2,0.68533,default
amdgpu0,4,nas-sp,add,2.063274,default
amdgpu0,4,nas-sp,tzetar,2.067908,default
amdgpu0,4,nas-sp,exact_rhs5,0.794104,default
amdgpu0,4,nas-sp,compute_rhs3,2.06907,default
amdgpu0,4,nas-sp,z_solve,2.139142,default
amdgpu0,4,nas-sp,x_solve,2.053623,default
amdgpu0,4,nas-sp,txinvr,2.131035,default
amdgpu0,4,nas-sp,initialize4,1.219307,default
amdgpu0,4,nas-sp,rhs_norm,0.211136,default
amdgpu0,4,nas-sp,exact_rhs3,0.835424,default
amdgpu0,4,nas-sp,compute_rhs5,2.180062,default
amdgpu0,4,nas-sp,exact_rhs2,1.218556,default
amdgpu0,4,nas-sp,initialize3,3.087727,default
amdgpu0,4,nas-sp,compute_rhs2,2.13485700000001,default
amdgpu0,4,nas-sp,compute_rhs6,2.11331,default
amdgpu0,4,nas-sp,y_solve,2.115584,default
amdgpu0,4,nas-sp,exact_rhs1,0.813168,default
amdgpu0,4,nas-sp,pinvr,2.069153,default
amdgpu0,4,nas-sp,exact_rhs4,0.805649,default
amdgpu0,4,nas-sp,compute_rhs1,2.21146700000001,default
amdgpu0,4,nas-sp,initialize5,0.780873,default
amdgpu0,4,nas-sp,initialize1,0.709084,default
amdgpu0,0,nas-cg,conj_grad_6,0.276827,default
amdgpu0,0,nas-cg,main_0,0.223688,default
amdgpu0,0,nas-cg,makea_1,0.300743,default
amdgpu0,0,nas-cg,conj_grad_1,0.218101,default
amdgpu0,0,nas-cg,conj_grad_0,0.217657,default
amdgpu0,0,nas-cg,makea_2,0.327943,default
amdgpu0,0,nas-cg,conj_grad_3,0.240143,default
amdgpu0,0,nas-cg,makea_0,0.739097,default
amdgpu0,0,nas-cg,makea_6,0.301012,default
amdgpu0,0,nas-cg,main_3,0.217266,default
amdgpu0,0,nas-cg,conj_grad_7,0.222155,default
amdgpu0,0,nas-cg,init_mem_0,0.321716,default
amdgpu0,0,nas-cg,main_2,0.258908,default
amdgpu0,0,nas-cg,main_4,0.306764,default
amdgpu0,0,nas-cg,makea_5,0.298077,default
amdgpu0,0,nas-cg,conj_grad_5,0.218345,default
amdgpu0,0,nas-cg,makea_4,0.328098,default
amdgpu0,0,nas-cg,conj_grad_4,0.234342,default
amdgpu0,0,nas-cg,makea_7,0.308497,default
amdgpu0,0,nas-cg,makea_3,0.322546,default
amdgpu0,0,nas-cg,main_1,0.226301,default
amdgpu0,0,nas-cg,conj_grad_2,0.218707,default
amdgpu0,0,nas-cg,init_mem_1,0.411901,default
amdgpu0,1,nas-cg,conj_grad_6,0.217426,default
amdgpu0,1,nas-cg,main_0,0.276763,default
amdgpu0,1,nas-cg,makea_1,0.300381,default
amdgpu0,1,nas-cg,conj_grad_1,0.21726,default
amdgpu0,1,nas-cg,conj_grad_0,0.220997,default
amdgpu0,1,nas-cg,makea_2,0.303056,default
amdgpu0,1,nas-cg,conj_grad_3,0.218964,default
amdgpu0,1,nas-cg,makea_0,0.347881,default
amdgpu0,1,nas-cg,makea_6,0.293889,default
amdgpu0,1,nas-cg,main_3,0.228274,default
amdgpu0,1,nas-cg,conj_grad_7,0.21852,default
amdgpu0,1,nas-cg,init_mem_0,0.673608,default
amdgpu0,1,nas-cg,main_2,0.220607,default
amdgpu0,1,nas-cg,main_4,0.217414,default
amdgpu0,1,nas-cg,makea_5,0.348179,default
amdgpu0,1,nas-cg,conj_grad_5,0.21867,default
amdgpu0,1,nas-cg,makea_4,0.297081,default
amdgpu0,1,nas-cg,conj_grad_4,0.215351,default
amdgpu0,1,nas-cg,makea_7,0.299523,default
amdgpu0,1,nas-cg,makea_3,0.299722,default
amdgpu0,1,nas-cg,main_1,0.241204,default
amdgpu0,1,nas-cg,conj_grad_2,0.220259,default
amdgpu0,1,nas-cg,init_mem_1,0.680151,default
amdgpu0,2,nas-cg,conj_grad_6,0.219368,default
amdgpu0,2,nas-cg,main_0,0.220205,default
amdgpu0,2,nas-cg,makea_1,0.312233,default
amdgpu0,2,nas-cg,conj_grad_1,0.218146,default
amdgpu0,2,nas-cg,conj_grad_0,0.217723,default
amdgpu0,2,nas-cg,makea_2,0.304976,default
amdgpu0,2,nas-cg,conj_grad_3,0.217268,default
amdgpu0,2,nas-cg,makea_0,0.328171,default
amdgpu0,2,nas-cg,makea_6,0.329221,default
amdgpu0,2,nas-cg,main_3,0.267784,default
amdgpu0,2,nas-cg,conj_grad_7,0.231622,default
amdgpu0,2,nas-cg,init_mem_0,0.63093,default
amdgpu0,2,nas-cg,main_2,0.217064,default
amdgpu0,2,nas-cg,main_4,0.218563,default
amdgpu0,2,nas-cg,makea_5,0.315884,default
amdgpu0,2,nas-cg,conj_grad_5,0.219329,default
amdgpu0,2,nas-cg,makea_4,0.295715,default
amdgpu0,2,nas-cg,conj_grad_4,0.22095,default
amdgpu0,2,nas-cg,makea_7,0.308546,default
amdgpu0,2,nas-cg,makea_3,0.299095,default
amdgpu0,2,nas-cg,main_1,0.221024,default
amdgpu0,2,nas-cg,conj_grad_2,0.216899,default
amdgpu0,2,nas-cg,init_mem_1,0.307241,default
amdgpu0,3,nas-cg,conj_grad_6,0.248905,default
amdgpu0,3,nas-cg,main_0,0.270019,default
amdgpu0,3,nas-cg,makea_1,0.29437,default
amdgpu0,3,nas-cg,conj_grad_1,0.226163,default
amdgpu0,3,nas-cg,conj_grad_0,0.276877,default
amdgpu0,3,nas-cg,makea_2,0.328021,default
amdgpu0,3,nas-cg,conj_grad_3,0.21966,default
amdgpu0,3,nas-cg,makea_0,0.312755,default
amdgpu0,3,nas-cg,makea_6,0.293865,default
amdgpu0,3,nas-cg,main_3,0.227499,default
amdgpu0,3,nas-cg,conj_grad_7,0.224019,default
amdgpu0,3,nas-cg,init_mem_0,0.554122,default
amdgpu0,3,nas-cg,main_2,0.219126,default
amdgpu0,3,nas-cg,main_4,0.2178,default
amdgpu0,3,nas-cg,makea_5,0.308955,default
amdgpu0,3,nas-cg,conj_grad_5,0.219687,default
amdgpu0,3,nas-cg,makea_4,0.329825,default
amdgpu0,3,nas-cg,conj_grad_4,0.215136,default
amdgpu0,3,nas-cg,makea_7,0.307778,default
amdgpu0,3,nas-cg,makea_3,0.313153,default
amdgpu0,3,nas-cg,main_1,0.234598,default
amdgpu0,3,nas-cg,conj_grad_2,0.24752,default
amdgpu0,3,nas-cg,init_mem_1,0.698352,default
amdgpu0,4,nas-cg,conj_grad_6,0.21803,default
amdgpu0,4,nas-cg,main_0,0.217666,default
amdgpu0,4,nas-cg,makea_1,0.302102,default
amdgpu0,4,nas-cg,conj_grad_1,0.226357,default
amdgpu0,4,nas-cg,conj_grad_0,0.216865,default
amdgpu0,4,nas-cg,makea_2,0.295003,default
amdgpu0,4,nas-cg,conj_grad_3,0.21619,default
amdgpu0,4,nas-cg,makea_0,0.295703,default
amdgpu0,4,nas-cg,makea_6,0.295451,default
amdgpu0,4,nas-cg,main_3,0.226404,default
amdgpu0,4,nas-cg,conj_grad_7,0.219191,default
amdgpu0,4,nas-cg,init_mem_0,0.372259,default
amdgpu0,4,nas-cg,main_2,0.217217,default
amdgpu0,4,nas-cg,main_4,0.217339,default
amdgpu0,4,nas-cg,makea_5,0.333094,default
amdgpu0,4,nas-cg,conj_grad_5,0.215922,default
amdgpu0,4,nas-cg,makea_4,0.339712,default
amdgpu0,4,nas-cg,conj_grad_4,0.223101,default
amdgpu0,4,nas-cg,makea_7,0.295929,default
amdgpu0,4,nas-cg,makea_3,0.302433,default
amdgpu0,4,nas-cg,main_1,0.230822,default
amdgpu0,4,nas-cg,conj_grad_2,0.216766,default
amdgpu0,4,nas-cg,init_mem_1,0.313375,default
amdgpu0,0,nv-bs,BlackScholes,0.333739,default
amdgpu0,1,nv-bs,BlackScholes,0.10453,default
amdgpu0,2,nv-bs,BlackScholes,0.10296,default
amdgpu0,3,nv-bs,BlackScholes,0.104391,default
amdgpu0,4,nv-bs,BlackScholes,0.105621,default
amdgpu0,0,nv-dct,DCT8x8,0.191136,default
amdgpu0,1,nv-dct,DCT8x8,0.186349,default
amdgpu0,2,nv-dct,DCT8x8,0.196894,default
amdgpu0,3,nv-dct,DCT8x8,0.183498,default
amdgpu0,4,nv-dct,DCT8x8,0.192567,default
amdgpu0,0,nv-fdtd,FiniteDifferences,0.146959,default
amdgpu0,1,nv-fdtd,FiniteDifferences,0.177714,default
amdgpu0,2,nv-fdtd,FiniteDifferences,0.201717,default
amdgpu0,3,nv-fdtd,FiniteDifferences,0.153654,default
amdgpu0,4,nv-fdtd,FiniteDifferences,0.146494,default
amdgpu0,0,particlefilter,find_index_kernel,0.310938,default
amdgpu0,0,particlefilter,normalize_weights_kernel,0.596234,default
amdgpu0,0,particlefilter,likelihood_kernel,0.457637,default
amdgpu0,0,particlefilter,sum_kernel,0.388994,default
amdgpu0,1,particlefilter,find_index_kernel,0.310922,default
amdgpu0,1,particlefilter,normalize_weights_kernel,0.475983,default
amdgpu0,1,particlefilter,likelihood_kernel,0.655141,default
amdgpu0,1,particlefilter,sum_kernel,0.415796,default
amdgpu0,2,particlefilter,find_index_kernel,0.311795,default
amdgpu0,2,particlefilter,normalize_weights_kernel,0.302752,default
amdgpu0,2,particlefilter,likelihood_kernel,0.510466,default
amdgpu0,2,particlefilter,sum_kernel,0.564129,default
amdgpu0,3,particlefilter,find_index_kernel,0.365923,default
amdgpu0,3,particlefilter,normalize_weights_kernel,0.299323,default
amdgpu0,3,particlefilter,likelihood_kernel,0.729561,default
amdgpu0,3,particlefilter,sum_kernel,0.616634,default
amdgpu0,4,particlefilter,find_index_kernel,0.328674,default
amdgpu0,4,particlefilter,normalize_weights_kernel,0.331865,default
amdgpu0,4,particlefilter,likelihood_kernel,0.749852,default
amdgpu0,4,particlefilter,sum_kernel,0.53595,default
amdgpu1,0,blur,blur_ver,0.107099,default-unroll
amdgpu1,0,blur,blur_hor,0.103023,default-unroll
amdgpu1,1,blur,blur_ver,0.111025,default-unroll
amdgpu1,1,blur,blur_hor,0.11499,default-unroll
amdgpu1,2,blur,blur_ver,0.105053,default-unroll
amdgpu1,2,blur,blur_hor,0.104417,default-unroll
amdgpu1,3,blur,blur_ver,0.107167,default-unroll
amdgpu1,3,blur,blur_hor,0.104822,default-unroll
amdgpu1,4,blur,blur_ver,0.105261,default-unroll
amdgpu1,4,blur,blur_hor,0.106208,default-unroll
amdgpu1,0,mandelbrot,mandelGPU,0.499935,default-unroll
amdgpu1,1,mandelbrot,mandelGPU,0.158865,default-unroll
amdgpu1,2,mandelbrot,mandelGPU,0.164092,default-unroll
amdgpu1,3,mandelbrot,mandelGPU,0.107536,default-unroll
amdgpu1,4,mandelbrot,mandelGPU,0.132558,default-unroll
amdgpu1,0,mbdemo,mandelbrot,0.129996,default-unroll
amdgpu1,1,mbdemo,mandelbrot,0.0937430000000005,default-unroll
amdgpu1,2,mbdemo,mandelbrot,0.0969490000000005,default-unroll
amdgpu1,3,mbdemo,mandelbrot,0.0966810000000005,default-unroll
amdgpu1,4,mbdemo,mandelbrot,0.0993160000000005,default-unroll
amdgpu1,0,mmul,fmma,0.130225,default-unroll
amdgpu1,1,mmul,fmma,0.09534,default-unroll
amdgpu1,2,mmul,fmma,0.095835,default-unroll
amdgpu1,3,mmul,fmma,0.101873,default-unroll
amdgpu1,4,mmul,fmma,0.107592,default-unroll
amdgpu1,0,nas-sp,error_norm,0.265044,default-unroll
amdgpu1,0,nas-sp,compute_rhs4,2.081852,default-unroll
amdgpu1,0,nas-sp,ninvr,2.140164,default-unroll
amdgpu1,0,nas-sp,initialize2,0.740713,default-unroll
amdgpu1,0,nas-sp,add,3.146053,default-unroll
amdgpu1,0,nas-sp,tzetar,2.478903,default-unroll
amdgpu1,0,nas-sp,exact_rhs5,0.855701,default-unroll
amdgpu1,0,nas-sp,compute_rhs3,2.133526,default-unroll
amdgpu1,0,nas-sp,z_solve,2.107784,default-unroll
amdgpu1,0,nas-sp,x_solve,2.070957,default-unroll
amdgpu1,0,nas-sp,txinvr,2.129479,default-unroll
amdgpu1,0,nas-sp,initialize4,0.677052,default-unroll
amdgpu1,0,nas-sp,rhs_norm,0.214164,default-unroll
amdgpu1,0,nas-sp,exact_rhs3,0.840882,default-unroll
amdgpu1,0,nas-sp,compute_rhs5,2.060817,default-unroll
amdgpu1,0,nas-sp,exact_rhs2,0.929959,default-unroll
amdgpu1,0,nas-sp,initialize3,0.689417,default-unroll
amdgpu1,0,nas-sp,compute_rhs2,2.061534,default-unroll
amdgpu1,0,nas-sp,compute_rhs6,2.088229,default-unroll
amdgpu1,0,nas-sp,y_solve,2.063044,default-unroll
amdgpu1,0,nas-sp,exact_rhs1,0.787129,default-unroll
amdgpu1,0,nas-sp,pinvr,2.180352,default-unroll
amdgpu1,0,nas-sp,exact_rhs4,0.858308,default-unroll
amdgpu1,0,nas-sp,compute_rhs1,2.32091500000001,default-unroll
amdgpu1,0,nas-sp,initialize5,0.714274,default-unroll
amdgpu1,0,nas-sp,initialize1,0.666254,default-unroll
amdgpu1,1,nas-sp,error_norm,0.216742,default-unroll
amdgpu1,1,nas-sp,compute_rhs4,2.124978,default-unroll
amdgpu1,1,nas-sp,ninvr,2.095848,default-unroll
amdgpu1,1,nas-sp,initialize2,0.709452,default-unroll
amdgpu1,1,nas-sp,add,2.160135,default-unroll
amdgpu1,1,nas-sp,tzetar,2.141316,default-unroll
amdgpu1,1,nas-sp,exact_rhs5,0.821121,default-unroll
amdgpu1,1,nas-sp,compute_rhs3,2.629387,default-unroll
amdgpu1,1,nas-sp,z_solve,2.08127,default-unroll
amdgpu1,1,nas-sp,x_solve,2.125303,default-unroll
amdgpu1,1,nas-sp,txinvr,2.270984,default-unroll
amdgpu1,1,nas-sp,initialize4,1.144206,default-unroll
amdgpu1,1,nas-sp,rhs_norm,0.272754,default-unroll
amdgpu1,1,nas-sp,exact_rhs3,0.858818,default-unroll
amdgpu1,1,nas-sp,compute_rhs5,2.096026,default-unroll
amdgpu1,1,nas-sp,exact_rhs2,0.839172,default-unroll
amdgpu1,1,nas-sp,initialize3,0.702882,default-unroll
amdgpu1,1,nas-sp,compute_rhs2,2.26355700000001,default-unroll
amdgpu1,1,nas-sp,compute_rhs6,2.068972,default-unroll
amdgpu1,1,nas-sp,y_solve,2.09448,default-unroll
amdgpu1,1,nas-sp,exact_rhs1,1.107745,default-unroll
amdgpu1,1,nas-sp,pinvr,2.087126,default-unroll
amdgpu1,1,nas-sp,exact_rhs4,0.919547,default-unroll
amdgpu1,1,nas-sp,compute_rhs1,2.12282700000001,default-unroll
amdgpu1,1,nas-sp,initialize5,0.678947,default-unroll
amdgpu1,1,nas-sp,initialize1,0.670957,default-unroll
amdgpu1,2,nas-sp,error_norm,0.254832,default-unroll
amdgpu1,2,nas-sp,compute_rhs4,2.082945,default-unroll
amdgpu1,2,nas-sp,ninvr,2.06917,default-unroll
amdgpu1,2,nas-sp,initialize2,0.70474,default-unroll
amdgpu1,2,nas-sp,add,2.100779,default-unroll
amdgpu1,2,nas-sp,tzetar,2.160224,default-unroll
amdgpu1,2,nas-sp,exact_rhs5,1.290439,default-unroll
amdgpu1,2,nas-sp,compute_rhs3,2.058077,default-unroll
amdgpu1,2,nas-sp,z_solve,2.143238,default-unroll
amdgpu1,2,nas-sp,x_solve,2.066879,default-unroll
amdgpu1,2,nas-sp,txinvr,2.09538,default-unroll
amdgpu1,2,nas-sp,initialize4,0.67709,default-unroll
amdgpu1,2,nas-sp,rhs_norm,0.226125,default-unroll
amdgpu1,2,nas-sp,exact_rhs3,0.857666,default-unroll
amdgpu1,2,nas-sp,compute_rhs5,2.041836,default-unroll
amdgpu1,2,nas-sp,exact_rhs2,0.836449,default-unroll
amdgpu1,2,nas-sp,initialize3,0.665856,default-unroll
amdgpu1,2,nas-sp,compute_rhs2,2.30046000000001,default-unroll
amdgpu1,2,nas-sp,compute_rhs6,2.063828,default-unroll
amdgpu1,2,nas-sp,y_solve,2.084192,default-unroll
amdgpu1,2,nas-sp,exact_rhs1,0.876792,default-unroll
amdgpu1,2,nas-sp,pinvr,2.240501,default-unroll
amdgpu1,2,nas-sp,exact_rhs4,0.839742,default-unroll
amdgpu1,2,nas-sp,compute_rhs1,2.08337400000001,default-unroll
amdgpu1,2,nas-sp,initialize5,1.282623,default-unroll
amdgpu1,2,nas-sp,initialize1,0.667969,default-unroll
amdgpu1,3,nas-sp,error_norm,0.22068,default-unroll
amdgpu1,3,nas-sp,compute_rhs4,2.061904,default-unroll
amdgpu1,3,nas-sp,ninvr,2.103365,default-unroll
amdgpu1,3,nas-sp,initialize2,0.705404,default-unroll
amdgpu1,3,nas-sp,add,2.124675,default-unroll
amdgpu1,3,nas-sp,tzetar,2.131558,default-unroll
amdgpu1,3,nas-sp,exact_rhs5,0.849909,default-unroll
amdgpu1,3,nas-sp,compute_rhs3,2.263133,default-unroll
amdgpu1,3,nas-sp,z_solve,2.043343,default-unroll
amdgpu1,3,nas-sp,x_solve,2.066165,default-unroll
amdgpu1,3,nas-sp,txinvr,2.078927,default-unroll
amdgpu1,3,nas-sp,initialize4,0.722848,default-unroll
amdgpu1,3,nas-sp,rhs_norm,0.214871,default-unroll
amdgpu1,3,nas-sp,exact_rhs3,1.214807,default-unroll
amdgpu1,3,nas-sp,compute_rhs5,2.051578,default-unroll
amdgpu1,3,nas-sp,exact_rhs2,0.957597,default-unroll
amdgpu1,3,nas-sp,initialize3,0.678231,default-unroll
amdgpu1,3,nas-sp,compute_rhs2,2.11089200000001,default-unroll
amdgpu1,3,nas-sp,compute_rhs6,2.105783,default-unroll
amdgpu1,3,nas-sp,y_solve,2.120213,default-unroll
amdgpu1,3,nas-sp,exact_rhs1,0.778641,default-unroll
amdgpu1,3,nas-sp,pinvr,2.076315,default-unroll
amdgpu1,3,nas-sp,exact_rhs4,0.885407,default-unroll
amdgpu1,3,nas-sp,compute_rhs1,2.08414300000001,default-unroll
amdgpu1,3,nas-sp,initialize5,0.69557,default-unroll
amdgpu1,3,nas-sp,initialize1,0.737471,default-unroll
amdgpu1,4,nas-sp,error_norm,0.232039,default-unroll
amdgpu1,4,nas-sp,compute_rhs4,2.17353800000001,default-unroll
amdgpu1,4,nas-sp,ninvr,2.227338,default-unroll
amdgpu1,4,nas-sp,initialize2,0.720268,default-unroll
amdgpu1,4,nas-sp,add,2.165553,default-unroll
amdgpu1,4,nas-sp,tzetar,2.077127,default-unroll
amdgpu1,4,nas-sp,exact_rhs5,0.790987,default-unroll
amdgpu1,4,nas-sp,compute_rhs3,2.120513,default-unroll
amdgpu1,4,nas-sp,z_solve,2.172902,default-unroll
amdgpu1,4,nas-sp,x_solve,2.144831,default-unroll
amdgpu1,4,nas-sp,txinvr,2.121204,default-unroll
amdgpu1,4,nas-sp,initialize4,0.681645,default-unroll
amdgpu1,4,nas-sp,rhs_norm,0.238511,default-unroll
amdgpu1,4,nas-sp,exact_rhs3,0.871497,default-unroll
amdgpu1,4,nas-sp,compute_rhs5,2.087612,default-unroll
amdgpu1,4,nas-sp,exact_rhs2,1.311383,default-unroll
amdgpu1,4,nas-sp,initialize3,0.727356,default-unroll
amdgpu1,4,nas-sp,compute_rhs2,2.12612400000001,default-unroll
amdgpu1,4,nas-sp,compute_rhs6,2.104641,default-unroll
amdgpu1,4,nas-sp,y_solve,2.061074,default-unroll
amdgpu1,4,nas-sp,exact_rhs1,0.807325,default-unroll
amdgpu1,4,nas-sp,pinvr,2.073658,default-unroll
amdgpu1,4,nas-sp,exact_rhs4,0.84212,default-unroll
amdgpu1,4,nas-sp,compute_rhs1,2.23500900000001,default-unroll
amdgpu1,4,nas-sp,initialize5,0.748789,default-unroll
amdgpu1,4,nas-sp,initialize1,0.694186,default-unroll
amdgpu1,0,nas-cg,conj_grad_6,0.220695,default-unroll
amdgpu1,0,nas-cg,main_0,0.234064,default-unroll
amdgpu1,0,nas-cg,makea_1,0.693241,default-unroll
amdgpu1,0,nas-cg,conj_grad_1,0.224096,default-unroll
amdgpu1,0,nas-cg,conj_grad_0,0.219648,default-unroll
amdgpu1,0,nas-cg,makea_2,0.349143,default-unroll
amdgpu1,0,nas-cg,conj_grad_3,0.242873,default-unroll
amdgpu1,0,nas-cg,makea_0,0.348016,default-unroll
amdgpu1,0,nas-cg,makea_6,0.295278,default-unroll
amdgpu1,0,nas-cg,main_3,0.224579,default-unroll
amdgpu1,0,nas-cg,conj_grad_7,0.229636,default-unroll
amdgpu1,0,nas-cg,init_mem_0,0.425913,default-unroll
amdgpu1,0,nas-cg,main_2,0.216723,default-unroll
amdgpu1,0,nas-cg,main_4,0.232102,default-unroll
amdgpu1,0,nas-cg,makea_5,0.300003,default-unroll
amdgpu1,0,nas-cg,conj_grad_5,0.219187,default-unroll
amdgpu1,0,nas-cg,makea_4,0.306108,default-unroll
amdgpu1,0,nas-cg,conj_grad_4,0.218398,default-unroll
amdgpu1,0,nas-cg,makea_7,0.297812,default-unroll
amdgpu1,0,nas-cg,makea_3,0.328139,default-unroll
amdgpu1,0,nas-cg,main_1,0.21782,default-unroll
amdgpu1,0,nas-cg,conj_grad_2,0.245323,default-unroll
amdgpu1,0,nas-cg,init_mem_1,0.617579,default-unroll
amdgpu1,1,nas-cg,conj_grad_6,0.22107,default-unroll
amdgpu1,1,nas-cg,main_0,0.214466,default-unroll
amdgpu1,1,nas-cg,makea_1,0.300654,default-unroll
amdgpu1,1,nas-cg,conj_grad_1,0.216685,default-unroll
amdgpu1,1,nas-cg,conj_grad_0,0.216723,default-unroll
amdgpu1,1,nas-cg,makea_2,0.301947,default-unroll
amdgpu1,1,nas-cg,conj_grad_3,0.21773,default-unroll
amdgpu1,1,nas-cg,makea_0,0.290413,default-unroll
amdgpu1,1,nas-cg,makea_6,0.295131,default-unroll
amdgpu1,1,nas-cg,main_3,0.217003,default-unroll
amdgpu1,1,nas-cg,conj_grad_7,0.227807,default-unroll
amdgpu1,1,nas-cg,init_mem_0,0.487939,default-unroll
amdgpu1,1,nas-cg,main_2,0.217803,default-unroll
amdgpu1,1,nas-cg,main_4,0.21613,default-unroll
amdgpu1,1,nas-cg,makea_5,0.332009,default-unroll
amdgpu1,1,nas-cg,conj_grad_5,0.217589,default-unroll
amdgpu1,1,nas-cg,makea_4,0.294778,default-unroll
amdgpu1,1,nas-cg,conj_grad_4,0.217383,default-unroll
amdgpu1,1,nas-cg,makea_7,0.301067,default-unroll
amdgpu1,1,nas-cg,makea_3,0.296632,default-unroll
amdgpu1,1,nas-cg,main_1,0.21565,default-unroll
amdgpu1,1,nas-cg,conj_grad_2,0.218544,default-unroll
amdgpu1,1,nas-cg,init_mem_1,0.376268,default-unroll
amdgpu1,2,nas-cg,conj_grad_6,0.201003,default-unroll
amdgpu1,2,nas-cg,main_0,0.418754,default-unroll
amdgpu1,2,nas-cg,makea_1,0.302463,default-unroll
amdgpu1,2,nas-cg,conj_grad_1,0.269371,default-unroll
amdgpu1,2,nas-cg,conj_grad_0,0.402964,default-unroll
amdgpu1,2,nas-cg,makea_2,0.355224,default-unroll
amdgpu1,2,nas-cg,conj_grad_3,0.256722999999994,default-unroll
amdgpu1,2,nas-cg,makea_0,0.498328,default-unroll
amdgpu1,2,nas-cg,makea_6,0.319011,default-unroll
amdgpu1,2,nas-cg,main_3,0.21348,default-unroll
amdgpu1,2,nas-cg,conj_grad_7,0.211476,default-unroll
amdgpu1,2,nas-cg,init_mem_0,0.675702,default-unroll
amdgpu1,2,nas-cg,main_2,0.237594,default-unroll
amdgpu1,2,nas-cg,main_4,0.204424,default-unroll
amdgpu1,2,nas-cg,makea_5,0.373219,default-unroll
amdgpu1,2,nas-cg,conj_grad_5,0.210491,default-unroll
amdgpu1,2,nas-cg,makea_4,0.640168,default-unroll
amdgpu1,2,nas-cg,conj_grad_4,0.2231,default-unroll
amdgpu1,2,nas-cg,makea_7,0.299224,default-unroll
amdgpu1,2,nas-cg,makea_3,0.303801,default-unroll
amdgpu1,2,nas-cg,main_1,0.212981,default-unroll
amdgpu1,2,nas-cg,conj_grad_2,0.267658999999997,default-unroll
amdgpu1,2,nas-cg,init_mem_1,0.445357,default-unroll
amdgpu1,3,nas-cg,conj_grad_6,0.206164,default-unroll
amdgpu1,3,nas-cg,main_0,0.211114,default-unroll
amdgpu1,3,nas-cg,makea_1,0.307453,default-unroll
amdgpu1,3,nas-cg,conj_grad_1,0.206744,default-unroll
amdgpu1,3,nas-cg,conj_grad_0,0.210681,default-unroll
amdgpu1,3,nas-cg,makea_2,0.27822,default-unroll
amdgpu1,3,nas-cg,conj_grad_3,0.214175,default-unroll
amdgpu1,3,nas-cg,makea_0,0.552253,default-unroll
amdgpu1,3,nas-cg,makea_6,0.282139,default-unroll
amdgpu1,3,nas-cg,main_3,0.205468,default-unroll
amdgpu1,3,nas-cg,conj_grad_7,0.208872,default-unroll
amdgpu1,3,nas-cg,init_mem_0,0.507921,default-unroll
amdgpu1,3,nas-cg,main_2,0.204496,default-unroll
amdgpu1,3,nas-cg,main_4,0.215641,default-unroll
amdgpu1,3,nas-cg,makea_5,0.286004,default-unroll
amdgpu1,3,nas-cg,conj_grad_5,0.208092,default-unroll
amdgpu1,3,nas-cg,makea_4,0.389963,default-unroll
amdgpu1,3,nas-cg,conj_grad_4,0.210064,default-unroll
amdgpu1,3,nas-cg,makea_7,0.332893,default-unroll
amdgpu1,3,nas-cg,makea_3,0.276945,default-unroll
amdgpu1,3,nas-cg,main_1,0.210377,default-unroll
amdgpu1,3,nas-cg,conj_grad_2,0.208223,default-unroll
amdgpu1,3,nas-cg,init_mem_1,0.483869,default-unroll
amdgpu1,4,nas-cg,conj_grad_6,0.241235,default-unroll
amdgpu1,4,nas-cg,main_0,0.20618,default-unroll
amdgpu1,4,nas-cg,makea_1,0.286163,default-unroll
amdgpu1,4,nas-cg,conj_grad_1,0.211466,default-unroll
amdgpu1,4,nas-cg,conj_grad_0,0.20873,default-unroll
amdgpu1,4,nas-cg,makea_2,0.294358,default-unroll
amdgpu1,4,nas-cg,conj_grad_3,0.208814,default-unroll
amdgpu1,4,nas-cg,makea_0,0.276525,default-unroll
amdgpu1,4,nas-cg,makea_6,0.446513,default-unroll
amdgpu1,4,nas-cg,main_3,0.21189,default-unroll
amdgpu1,4,nas-cg,conj_grad_7,0.209057,default-unroll
amdgpu1,4,nas-cg,init_mem_0,0.495862,default-unroll
amdgpu1,4,nas-cg,main_2,0.216557,default-unroll
amdgpu1,4,nas-cg,main_4,0.220723,default-unroll
amdgpu1,4,nas-cg,makea_5,0.342667,default-unroll
amdgpu1,4,nas-cg,conj_grad_5,0.208422,default-unroll
amdgpu1,4,nas-cg,makea_4,0.279336,default-unroll
amdgpu1,4,nas-cg,conj_grad_4,0.214495,default-unroll
amdgpu1,4,nas-cg,makea_7,0.283183,default-unroll
amdgpu1,4,nas-cg,makea_3,0.280245,default-unroll
amdgpu1,4,nas-cg,main_1,0.212263,default-unroll
amdgpu1,4,nas-cg,conj_grad_2,0.209496,default-unroll
amdgpu1,4,nas-cg,init_mem_1,0.726496,default-unroll
amdgpu1,0,nv-bs,BlackScholes,0.098485,default-unroll
amdgpu1,1,nv-bs,BlackScholes,0.097646,default-unroll
amdgpu1,2,nv-bs,BlackScholes,0.102735,default-unroll
amdgpu1,3,nv-bs,BlackScholes,0.118072,default-unroll
amdgpu1,4,nv-bs,BlackScholes,0.099545,default-unroll
amdgpu1,0,nv-dct,DCT8x8,0.278258,default-unroll
amdgpu1,1,nv-dct,DCT8x8,0.182616,default-unroll
amdgpu1,2,nv-dct,DCT8x8,0.176252,default-unroll
amdgpu1,3,nv-dct,DCT8x8,0.239504,default-unroll
amdgpu1,4,nv-dct,DCT8x8,0.199137,default-unroll
amdgpu1,0,nv-fdtd,FiniteDifferences,0.147569,default-unroll
amdgpu1,1,nv-fdtd,FiniteDifferences,0.144742,default-unroll
amdgpu1,2,nv-fdtd,FiniteDifferences,0.149287,default-unroll
amdgpu1,3,nv-fdtd,FiniteDifferences,0.14933,default-unroll
amdgpu1,4,nv-fdtd,FiniteDifferences,0.153558,default-unroll
amdgpu1,0,particlefilter,find_index_kernel,0.326987,default-unroll
amdgpu1,0,particlefilter,normalize_weights_kernel,0.476019,default-unroll
amdgpu1,0,particlefilter,likelihood_kernel,0.336204,default-unroll
amdgpu1,0,particlefilter,sum_kernel,0.851755,default-unroll
amdgpu1,1,particlefilter,find_index_kernel,0.304729,default-unroll
amdgpu1,1,particlefilter,normalize_weights_kernel,0.335456,default-unroll
amdgpu1,1,particlefilter,likelihood_kernel,0.643544,default-unroll
amdgpu1,1,particlefilter,sum_kernel,0.627907,default-unroll
amdgpu1,2,particlefilter,find_index_kernel,0.298866,default-unroll
amdgpu1,2,particlefilter,normalize_weights_kernel,0.296816,default-unroll
amdgpu1,2,particlefilter,likelihood_kernel,0.774055,default-unroll
amdgpu1,2,particlefilter,sum_kernel,0.469369,default-unroll
amdgpu1,3,particlefilter,find_index_kernel,0.332067,default-unroll
amdgpu1,3,particlefilter,normalize_weights_kernel,0.299004,default-unroll
amdgpu1,3,particlefilter,likelihood_kernel,0.775635,default-unroll
amdgpu1,3,particlefilter,sum_kernel,0.561673,default-unroll
amdgpu1,4,particlefilter,find_index_kernel,0.345074,default-unroll
amdgpu1,4,particlefilter,normalize_weights_kernel,0.29627,default-unroll
amdgpu1,4,particlefilter,likelihood_kernel,0.746633,default-unroll
amdgpu1,4,particlefilter,sum_kernel,0.459199,default-unroll
amdgpu2,0,blur,blur_ver,0.184514,default-spec
amdgpu2,0,blur,blur_hor,0.186065,default-spec
amdgpu2,1,blur,blur_ver,0.186559,default-spec
amdgpu2,1,blur,blur_hor,0.203844,default-spec
amdgpu2,2,blur,blur_ver,0.186925,default-spec
amdgpu2,2,blur,blur_hor,0.178986,default-spec
amdgpu2,3,blur,blur_ver,0.206231,default-spec
amdgpu2,3,blur,blur_hor,0.181333,default-spec
amdgpu2,4,blur,blur_ver,0.176817,default-spec
amdgpu2,4,blur,blur_hor,0.174688,default-spec
amdgpu2,0,mandelbrot,mandelGPU,0.136446,default-spec
amdgpu2,1,mandelbrot,mandelGPU,0.124133,default-spec
amdgpu2,2,mandelbrot,mandelGPU,0.224702,default-spec
amdgpu2,3,mandelbrot,mandelGPU,0.187789,default-spec
amdgpu2,4,mandelbrot,mandelGPU,0.137393,default-spec
amdgpu2,0,mbdemo,mandelbrot,0.125809,default-spec
amdgpu2,1,mbdemo,mandelbrot,0.127103,default-spec
amdgpu2,2,mbdemo,mandelbrot,0.108314,default-spec
amdgpu2,3,mbdemo,mandelbrot,0.30893699999999,default-spec
amdgpu2,4,mbdemo,mandelbrot,0.0934310000000005,default-spec
amdgpu2,0,mmul,fmma,0.113747,default-spec
amdgpu2,1,mmul,fmma,0.116649,default-spec
amdgpu2,2,mmul,fmma,0.106031,default-spec
amdgpu2,3,mmul,fmma,0.108211,default-spec
amdgpu2,4,mmul,fmma,0.109195,default-spec
amdgpu2,0,nas-sp,error_norm,0.231565,default-spec
amdgpu2,0,nas-sp,compute_rhs4,2.179304,default-spec
amdgpu2,0,nas-sp,ninvr,2.368935,default-spec
amdgpu2,0,nas-sp,initialize2,0.668538,default-spec
amdgpu2,0,nas-sp,add,2.237567,default-spec
amdgpu2,0,nas-sp,tzetar,2.173695,default-spec
amdgpu2,0,nas-sp,exact_rhs5,0.787271,default-spec
amdgpu2,0,nas-sp,compute_rhs3,2.281505,default-spec
amdgpu2,0,nas-sp,z_solve,2.417949,default-spec
amdgpu2,0,nas-sp,x_solve,3.050613,default-spec
amdgpu2,0,nas-sp,txinvr,2.324492,default-spec
amdgpu2,0,nas-sp,initialize4,0.705129,default-spec
amdgpu2,0,nas-sp,rhs_norm,0.211579,default-spec
amdgpu2,0,nas-sp,exact_rhs3,0.78152,default-spec
amdgpu2,0,nas-sp,compute_rhs5,2.102137,default-spec
amdgpu2,0,nas-sp,exact_rhs2,0.794441,default-spec
amdgpu2,0,nas-sp,initialize3,0.697882,default-spec
amdgpu2,0,nas-sp,compute_rhs2,2.09258900000001,default-spec
amdgpu2,0,nas-sp,compute_rhs6,2.206409,default-spec
amdgpu2,0,nas-sp,y_solve,2.200234,default-spec
amdgpu2,0,nas-sp,exact_rhs1,0.790624,default-spec
amdgpu2,0,nas-sp,pinvr,2.15083,default-spec
amdgpu2,0,nas-sp,exact_rhs4,0.782463,default-spec
amdgpu2,0,nas-sp,compute_rhs1,2.09431400000001,default-spec
amdgpu2,0,nas-sp,initialize5,0.680658,default-spec
amdgpu2,0,nas-sp,initialize1,0.65834,default-spec
amdgpu2,1,nas-sp,error_norm,0.218528,default-spec
amdgpu2,1,nas-sp,compute_rhs4,2.297614,default-spec
amdgpu2,1,nas-sp,ninvr,2.241709,default-spec
amdgpu2,1,nas-sp,initialize2,1.080295,default-spec
amdgpu2,1,nas-sp,add,2.119856,default-spec
amdgpu2,1,nas-sp,tzetar,2.085271,default-spec
amdgpu2,1,nas-sp,exact_rhs5,1.439359,default-spec
amdgpu2,1,nas-sp,compute_rhs3,2.270776,default-spec
amdgpu2,1,nas-sp,z_solve,2.095371,default-spec
amdgpu2,1,nas-sp,x_solve,2.240157,default-spec
amdgpu2,1,nas-sp,txinvr,2.56372,default-spec
amdgpu2,1,nas-sp,initialize4,0.772183,default-spec
amdgpu2,1,nas-sp,rhs_norm,0.216147,default-spec
amdgpu2,1,nas-sp,exact_rhs3,0.851279,default-spec
amdgpu2,1,nas-sp,compute_rhs5,2.260296,default-spec
amdgpu2,1,nas-sp,exact_rhs2,0.871284,default-spec
amdgpu2,1,nas-sp,initialize3,0.84751,default-spec
amdgpu2,1,nas-sp,compute_rhs2,2.06514200000001,default-spec
amdgpu2,1,nas-sp,compute_rhs6,2.968025,default-spec
amdgpu2,1,nas-sp,y_solve,2.082038,default-spec
amdgpu2,1,nas-sp,exact_rhs1,1.021268,default-spec
amdgpu2,1,nas-sp,pinvr,2.08801,default-spec
amdgpu2,1,nas-sp,exact_rhs4,0.853723,default-spec
amdgpu2,1,nas-sp,compute_rhs1,2.13427900000001,default-spec
amdgpu2,1,nas-sp,initialize5,0.670434,default-spec
amdgpu2,1,nas-sp,initialize1,0.845508,default-spec
amdgpu2,2,nas-sp,error_norm,0.214475,default-spec
amdgpu2,2,nas-sp,compute_rhs4,2.17511500000001,default-spec
amdgpu2,2,nas-sp,ninvr,2.12377,default-spec
amdgpu2,2,nas-sp,initialize2,0.791314,default-spec
amdgpu2,2,nas-sp,add,2.085801,default-spec
amdgpu2,2,nas-sp,tzetar,2.055337,default-spec
amdgpu2,2,nas-sp,exact_rhs5,0.804365,default-spec
amdgpu2,2,nas-sp,compute_rhs3,2.11026200000001,default-spec
amdgpu2,2,nas-sp,z_solve,2.079366,default-spec
amdgpu2,2,nas-sp,x_solve,2.166194,default-spec
amdgpu2,2,nas-sp,txinvr,2.141431,default-spec
amdgpu2,2,nas-sp,initialize4,0.677575,default-spec
amdgpu2,2,nas-sp,rhs_norm,0.210033,default-spec
amdgpu2,2,nas-sp,exact_rhs3,0.809857,default-spec
amdgpu2,2,nas-sp,compute_rhs5,2.11923600000001,default-spec
amdgpu2,2,nas-sp,exact_rhs2,1.317747,default-spec
amdgpu2,2,nas-sp,initialize3,0.668137,default-spec
amdgpu2,2,nas-sp,compute_rhs2,2.06094000000001,default-spec
amdgpu2,2,nas-sp,compute_rhs6,2.147556,default-spec
amdgpu2,2,nas-sp,y_solve,2.13073,default-spec
amdgpu2,2,nas-sp,exact_rhs1,0.808404,default-spec
amdgpu2,2,nas-sp,pinvr,2.178742,default-spec
amdgpu2,2,nas-sp,exact_rhs4,0.845462,default-spec
amdgpu2,2,nas-sp,compute_rhs1,2.12393000000001,default-spec
amdgpu2,2,nas-sp,initialize5,0.672147,default-spec
amdgpu2,2,nas-sp,initialize1,0.684287,default-spec
amdgpu2,3,nas-sp,error_norm,0.243262,default-spec
amdgpu2,3,nas-sp,compute_rhs4,2.088111,default-spec
amdgpu2,3,nas-sp,ninvr,2.104945,default-spec
amdgpu2,3,nas-sp,initialize2,0.667176,default-spec
amdgpu2,3,nas-sp,add,2.110091,default-spec
amdgpu2,3,nas-sp,tzetar,2.102626,default-spec
amdgpu2,3,nas-sp,exact_rhs5,0.834996,default-spec
amdgpu2,3,nas-sp,compute_rhs3,2.09737300000001,default-spec
amdgpu2,3,nas-sp,z_solve,2.082119,default-spec
amdgpu2,3,nas-sp,x_solve,2.108205,default-spec
amdgpu2,3,nas-sp,txinvr,2.068695,default-spec
amdgpu2,3,nas-sp,initialize4,0.67733,default-spec
amdgpu2,3,nas-sp,rhs_norm,0.214397,default-spec
amdgpu2,3,nas-sp,exact_rhs3,0.785753,default-spec
amdgpu2,3,nas-sp,compute_rhs5,2.1088,default-spec
amdgpu2,3,nas-sp,exact_rhs2,0.784223,default-spec
amdgpu2,3,nas-sp,initialize3,0.702605,default-spec
amdgpu2,3,nas-sp,compute_rhs2,2.08874400000001,default-spec
amdgpu2,3,nas-sp,compute_rhs6,2.113137,default-spec
amdgpu2,3,nas-sp,y_solve,2.050888,default-spec
amdgpu2,3,nas-sp,exact_rhs1,1.302502,default-spec
amdgpu2,3,nas-sp,pinvr,2.089586,default-spec
amdgpu2,3,nas-sp,exact_rhs4,0.80775,default-spec
amdgpu2,3,nas-sp,compute_rhs1,2.08796900000001,default-spec
amdgpu2,3,nas-sp,initialize5,0.679403,default-spec
amdgpu2,3,nas-sp,initialize1,0.682084,default-spec
amdgpu2,4,nas-sp,error_norm,0.216693,default-spec
amdgpu2,4,nas-sp,compute_rhs4,2.102016,default-spec
amdgpu2,4,nas-sp,ninvr,2.127556,default-spec
amdgpu2,4,nas-sp,initialize2,0.691103,default-spec
amdgpu2,4,nas-sp,add,2.129394,default-spec
amdgpu2,4,nas-sp,tzetar,2.083162,default-spec
amdgpu2,4,nas-sp,exact_rhs5,0.783864,default-spec
amdgpu2,4,nas-sp,compute_rhs3,2.085242,default-spec
amdgpu2,4,nas-sp,z_solve,2.108728,default-spec
amdgpu2,4,nas-sp,x_solve,2.11104,default-spec
amdgpu2,4,nas-sp,txinvr,2.071267,default-spec
amdgpu2,4,nas-sp,initialize4,0.685246,default-spec
amdgpu2,4,nas-sp,rhs_norm,0.214857,default-spec
amdgpu2,4,nas-sp,exact_rhs3,0.792072,default-spec
amdgpu2,4,nas-sp,compute_rhs5,2.078815,default-spec
amdgpu2,4,nas-sp,exact_rhs2,1.289476,default-spec
amdgpu2,4,nas-sp,initialize3,0.739651,default-spec
amdgpu2,4,nas-sp,compute_rhs2,2.23033500000001,default-spec
amdgpu2,4,nas-sp,compute_rhs6,2.206016,default-spec
amdgpu2,4,nas-sp,y_solve,2.080995,default-spec
amdgpu2,4,nas-sp,exact_rhs1,0.785325,default-spec
amdgpu2,4,nas-sp,pinvr,2.101969,default-spec
amdgpu2,4,nas-sp,exact_rhs4,0.809355,default-spec
amdgpu2,4,nas-sp,compute_rhs1,2.08115500000001,default-spec
amdgpu2,4,nas-sp,initialize5,0.75455,default-spec
amdgpu2,4,nas-sp,initialize1,0.677647,default-spec
amdgpu2,0,nas-cg,conj_grad_6,0.218192,default-spec
amdgpu2,0,nas-cg,main_0,0.215085,default-spec
amdgpu2,0,nas-cg,makea_1,0.300611,default-spec
amdgpu2,0,nas-cg,conj_grad_1,0.217456,default-spec
amdgpu2,0,nas-cg,conj_grad_0,0.225038,default-spec
amdgpu2,0,nas-cg,makea_2,0.295071,default-spec
amdgpu2,0,nas-cg,conj_grad_3,0.21913,default-spec
amdgpu2,0,nas-cg,makea_0,0.700718,default-spec
amdgpu2,0,nas-cg,makea_6,0.294616,default-spec
amdgpu2,0,nas-cg,main_3,0.215515,default-spec
amdgpu2,0,nas-cg,conj_grad_7,0.2135,default-spec
amdgpu2,0,nas-cg,init_mem_0,0.414934,default-spec
amdgpu2,0,nas-cg,main_2,0.218713,default-spec
amdgpu2,0,nas-cg,main_4,0.218035,default-spec
amdgpu2,0,nas-cg,makea_5,0.33559,default-spec
amdgpu2,0,nas-cg,conj_grad_5,0.216988,default-spec
amdgpu2,0,nas-cg,makea_4,0.360482,default-spec
amdgpu2,0,nas-cg,conj_grad_4,0.218246,default-spec
amdgpu2,0,nas-cg,makea_7,0.298998,default-spec
amdgpu2,0,nas-cg,makea_3,0.302459,default-spec
amdgpu2,0,nas-cg,main_1,0.247952,default-spec
amdgpu2,0,nas-cg,conj_grad_2,0.217446,default-spec
amdgpu2,0,nas-cg,init_mem_1,0.718152,default-spec
amdgpu2,1,nas-cg,conj_grad_6,0.223198,default-spec
amdgpu2,1,nas-cg,main_0,0.22236,default-spec
amdgpu2,1,nas-cg,makea_1,0.357706,default-spec
amdgpu2,1,nas-cg,conj_grad_1,0.214602,default-spec
amdgpu2,1,nas-cg,conj_grad_0,0.220697,default-spec
amdgpu2,1,nas-cg,makea_2,0.362189,default-spec
amdgpu2,1,nas-cg,conj_grad_3,0.214249,default-spec
amdgpu2,1,nas-cg,makea_0,0.300148,default-spec
amdgpu2,1,nas-cg,makea_6,0.33011,default-spec
amdgpu2,1,nas-cg,main_3,0.219344,default-spec
amdgpu2,1,nas-cg,conj_grad_7,0.218453,default-spec
amdgpu2,1,nas-cg,init_mem_0,0.593181,default-spec
amdgpu2,1,nas-cg,main_2,0.217426,default-spec
amdgpu2,1,nas-cg,main_4,0.224685,default-spec
amdgpu2,1,nas-cg,makea_5,0.294116,default-spec
amdgpu2,1,nas-cg,conj_grad_5,0.219226,default-spec
amdgpu2,1,nas-cg,makea_4,0.298563,default-spec
amdgpu2,1,nas-cg,conj_grad_4,0.21641,default-spec
amdgpu2,1,nas-cg,makea_7,0.291922,default-spec
amdgpu2,1,nas-cg,makea_3,0.315269,default-spec
amdgpu2,1,nas-cg,main_1,0.220207,default-spec
amdgpu2,1,nas-cg,conj_grad_2,0.220591,default-spec
amdgpu2,1,nas-cg,init_mem_1,0.367218,default-spec
amdgpu2,2,nas-cg,conj_grad_6,0.22026,default-spec
amdgpu2,2,nas-cg,main_0,0.216664,default-spec
amdgpu2,2,nas-cg,makea_1,0.359388,default-spec
amdgpu2,2,nas-cg,conj_grad_1,0.269918,default-spec
amdgpu2,2,nas-cg,conj_grad_0,0.244028,default-spec
amdgpu2,2,nas-cg,makea_2,0.324138,default-spec
amdgpu2,2,nas-cg,conj_grad_3,0.221686,default-spec
amdgpu2,2,nas-cg,makea_0,0.289392,default-spec
amdgpu2,2,nas-cg,makea_6,0.295107,default-spec
amdgpu2,2,nas-cg,main_3,0.261501,default-spec
amdgpu2,2,nas-cg,conj_grad_7,0.217176,default-spec
amdgpu2,2,nas-cg,init_mem_0,0.431291,default-spec
amdgpu2,2,nas-cg,main_2,0.269514,default-spec
amdgpu2,2,nas-cg,main_4,0.220683,default-spec
amdgpu2,2,nas-cg,makea_5,0.30309,default-spec
amdgpu2,2,nas-cg,conj_grad_5,0.220017,default-spec
amdgpu2,2,nas-cg,makea_4,0.292479,default-spec
amdgpu2,2,nas-cg,conj_grad_4,0.248437,default-spec
amdgpu2,2,nas-cg,makea_7,0.295088,default-spec
amdgpu2,2,nas-cg,makea_3,0.303425,default-spec
amdgpu2,2,nas-cg,main_1,0.217732,default-spec
amdgpu2,2,nas-cg,conj_grad_2,0.241263,default-spec
amdgpu2,2,nas-cg,init_mem_1,0.28861,default-spec
amdgpu2,3,nas-cg,conj_grad_6,0.216612,default-spec
amdgpu2,3,nas-cg,main_0,0.21747,default-spec
amdgpu2,3,nas-cg,makea_1,0.294034,default-spec
amdgpu2,3,nas-cg,conj_grad_1,0.219709,default-spec
amdgpu2,3,nas-cg,conj_grad_0,0.220766,default-spec
amdgpu2,3,nas-cg,makea_2,0.310342,default-spec
amdgpu2,3,nas-cg,conj_grad_3,0.21852,default-spec
amdgpu2,3,nas-cg,makea_0,0.322165,default-spec
amdgpu2,3,nas-cg,makea_6,0.311996,default-spec
amdgpu2,3,nas-cg,main_3,0.220029,default-spec
amdgpu2,3,nas-cg,conj_grad_7,0.217368,default-spec
amdgpu2,3,nas-cg,init_mem_0,0.633434,default-spec
amdgpu2,3,nas-cg,main_2,0.215341,default-spec
amdgpu2,3,nas-cg,main_4,0.217033,default-spec
amdgpu2,3,nas-cg,makea_5,0.306622,default-spec
amdgpu2,3,nas-cg,conj_grad_5,0.215776,default-spec
amdgpu2,3,nas-cg,makea_4,0.294188,default-spec
amdgpu2,3,nas-cg,conj_grad_4,0.241976,default-spec
amdgpu2,3,nas-cg,makea_7,0.333335,default-spec
amdgpu2,3,nas-cg,makea_3,0.293993,default-spec
amdgpu2,3,nas-cg,main_1,0.2166,default-spec
amdgpu2,3,nas-cg,conj_grad_2,0.218849,default-spec
amdgpu2,3,nas-cg,init_mem_1,0.412306,default-spec
amdgpu2,4,nas-cg,conj_grad_6,0.218576,default-spec
amdgpu2,4,nas-cg,main_0,0.217867,default-spec
amdgpu2,4,nas-cg,makea_1,0.304856,default-spec
amdgpu2,4,nas-cg,conj_grad_1,0.237547,default-spec
amdgpu2,4,nas-cg,conj_grad_0,0.219234,default-spec
amdgpu2,4,nas-cg,makea_2,0.299095,default-spec
amdgpu2,4,nas-cg,conj_grad_3,0.215365,default-spec
amdgpu2,4,nas-cg,makea_0,0.292843,default-spec
amdgpu2,4,nas-cg,makea_6,0.380759,default-spec
amdgpu2,4,nas-cg,main_3,0.218048,default-spec
amdgpu2,4,nas-cg,conj_grad_7,0.2355,default-spec
amdgpu2,4,nas-cg,init_mem_0,0.617279,default-spec
amdgpu2,4,nas-cg,main_2,0.219642,default-spec
amdgpu2,4,nas-cg,main_4,0.218014,default-spec
amdgpu2,4,nas-cg,makea_5,0.293873,default-spec
amdgpu2,4,nas-cg,conj_grad_5,0.218882,default-spec
amdgpu2,4,nas-cg,makea_4,0.301057,default-spec
amdgpu2,4,nas-cg,conj_grad_4,0.216945,default-spec
amdgpu2,4,nas-cg,makea_7,0.297828,default-spec
amdgpu2,4,nas-cg,makea_3,0.304049,default-spec
amdgpu2,4,nas-cg,main_1,0.218229,default-spec
amdgpu2,4,nas-cg,conj_grad_2,0.217254,default-spec
amdgpu2,4,nas-cg,init_mem_1,0.32557,default-spec
amdgpu2,0,nv-bs,BlackScholes,0.10556,default-spec
amdgpu2,1,nv-bs,BlackScholes,0.103392,default-spec
amdgpu2,2,nv-bs,BlackScholes,0.105689,default-spec
amdgpu2,3,nv-bs,BlackScholes,0.100514,default-spec
amdgpu2,4,nv-bs,BlackScholes,0.119076,default-spec
amdgpu2,0,nv-dct,DCT8x8,0.180778,default-spec
amdgpu2,1,nv-dct,DCT8x8,0.177547,default-spec
amdgpu2,2,nv-dct,DCT8x8,0.192722,default-spec
amdgpu2,3,nv-dct,DCT8x8,0.218027,default-spec
amdgpu2,4,nv-dct,DCT8x8,0.182592,default-spec
amdgpu2,0,nv-fdtd,FiniteDifferences,0.207985,default-spec
amdgpu2,1,nv-fdtd,FiniteDifferences,0.194402,default-spec
amdgpu2,2,nv-fdtd,FiniteDifferences,0.189762,default-spec
amdgpu2,3,nv-fdtd,FiniteDifferences,0.184003,default-spec
amdgpu2,4,nv-fdtd,FiniteDifferences,0.187232,default-spec
amdgpu2,0,particlefilter,find_index_kernel,0.300349,default-spec
amdgpu2,0,particlefilter,normalize_weights_kernel,0.603502,default-spec
amdgpu2,0,particlefilter,likelihood_kernel,0.744976,default-spec
amdgpu2,0,particlefilter,sum_kernel,0.351563,default-spec
amdgpu2,1,particlefilter,find_index_kernel,0.322096,default-spec
amdgpu2,1,particlefilter,normalize_weights_kernel,0.300657,default-spec
amdgpu2,1,particlefilter,likelihood_kernel,0.605385,default-spec
amdgpu2,1,particlefilter,sum_kernel,0.455554,default-spec
amdgpu2,2,particlefilter,find_index_kernel,0.299468,default-spec
amdgpu2,2,particlefilter,normalize_weights_kernel,0.368272,default-spec
amdgpu2,2,particlefilter,likelihood_kernel,0.635246,default-spec
amdgpu2,2,particlefilter,sum_kernel,0.547411,default-spec
amdgpu2,3,particlefilter,find_index_kernel,0.300091,default-spec
amdgpu2,3,particlefilter,normalize_weights_kernel,0.316257,default-spec
amdgpu2,3,particlefilter,likelihood_kernel,0.384535,default-spec
amdgpu2,3,particlefilter,sum_kernel,0.735162,default-spec
amdgpu2,4,particlefilter,find_index_kernel,0.298169,default-spec
amdgpu2,4,particlefilter,normalize_weights_kernel,0.307732,default-spec
amdgpu2,4,particlefilter,likelihood_kernel,0.719573,default-spec
amdgpu2,4,particlefilter,sum_kernel,0.585975,default-spec
amdgpu3,0,blur,blur_ver,0.486136,default-spec-unroll
amdgpu3,0,blur,blur_hor,0.495318,default-spec-unroll
amdgpu3,1,blur,blur_ver,0.493664,default-spec-unroll
amdgpu3,1,blur,blur_hor,0.487334,default-spec-unroll
amdgpu3,2,blur,blur_ver,0.492049,default-spec-unroll
amdgpu3,2,blur,blur_hor,0.488496,default-spec-unroll
amdgpu3,3,blur,blur_ver,0.507741,default-spec-unroll
amdgpu3,3,blur,blur_hor,0.492447,default-spec-unroll
amdgpu3,4,blur,blur_ver,0.490832,default-spec-unroll
amdgpu3,4,blur,blur_hor,0.510367,default-spec-unroll
amdgpu3,0,mandelbrot,mandelGPU,0.53999,default-spec-unroll
amdgpu3,1,mandelbrot,mandelGPU,0.108092,default-spec-unroll
amdgpu3,2,mandelbrot,mandelGPU,0.139465,default-spec-unroll
amdgpu3,3,mandelbrot,mandelGPU,0.117729,default-spec-unroll
amdgpu3,4,mandelbrot,mandelGPU,0.160532,default-spec-unroll
amdgpu3,0,mbdemo,mandelbrot,0.0921820000000005,default-spec-unroll
amdgpu3,1,mbdemo,mandelbrot,0.0862980000000005,default-spec-unroll
amdgpu3,2,mbdemo,mandelbrot,0.0865510000000004,default-spec-unroll
amdgpu3,3,mbdemo,mandelbrot,0.122266,default-spec-unroll
amdgpu3,4,mbdemo,mandelbrot,0.0899680000000005,default-spec-unroll
amdgpu3,0,mmul,fmma,14.596076,default-spec-unroll
amdgpu3,1,mmul,fmma,14.057568,default-spec-unroll
amdgpu3,2,mmul,fmma,15.38087,default-spec-unroll
amdgpu3,3,mmul,fmma,15.599548,default-spec-unroll
amdgpu3,4,mmul,fmma,14.226642,default-spec-unroll
amdgpu3,0,nas-sp,error_norm,0.206327,default-spec-unroll
amdgpu3,0,nas-sp,compute_rhs4,2.00454600000001,default-spec-unroll
amdgpu3,0,nas-sp,ninvr,1.999189,default-spec-unroll
amdgpu3,0,nas-sp,initialize2,0.660842,default-spec-unroll
amdgpu3,0,nas-sp,add,2.042118,default-spec-unroll
amdgpu3,0,nas-sp,tzetar,2.101608,default-spec-unroll
amdgpu3,0,nas-sp,exact_rhs5,0.756576,default-spec-unroll
amdgpu3,0,nas-sp,compute_rhs3,2.00668600000001,default-spec-unroll
amdgpu3,0,nas-sp,z_solve,2.006985,default-spec-unroll
amdgpu3,0,nas-sp,x_solve,2.049647,default-spec-unroll
amdgpu3,0,nas-sp,txinvr,1.998878,default-spec-unroll
amdgpu3,0,nas-sp,initialize4,0.643322,default-spec-unroll
amdgpu3,0,nas-sp,rhs_norm,0.205522,default-spec-unroll
amdgpu3,0,nas-sp,exact_rhs3,0.829659,default-spec-unroll
amdgpu3,0,nas-sp,compute_rhs5,2.01734800000001,default-spec-unroll
amdgpu3,0,nas-sp,exact_rhs2,0.843814,default-spec-unroll
amdgpu3,0,nas-sp,initialize3,0.635801,default-spec-unroll
amdgpu3,0,nas-sp,compute_rhs2,2.03093900000001,default-spec-unroll
amdgpu3,0,nas-sp,compute_rhs6,2.000007,default-spec-unroll
amdgpu3,0,nas-sp,y_solve,2.055298,default-spec-unroll
amdgpu3,0,nas-sp,exact_rhs1,0.780815,default-spec-unroll
amdgpu3,0,nas-sp,pinvr,2.115163,default-spec-unroll
amdgpu3,0,nas-sp,exact_rhs4,0.854446,default-spec-unroll
amdgpu3,0,nas-sp,compute_rhs1,1.98856099999999,default-spec-unroll
amdgpu3,0,nas-sp,initialize5,0.656154,default-spec-unroll
amdgpu3,0,nas-sp,initialize1,0.662063,default-spec-unroll
amdgpu3,1,nas-sp,error_norm,0.216489,default-spec-unroll
amdgpu3,1,nas-sp,compute_rhs4,2.02444,default-spec-unroll
amdgpu3,1,nas-sp,ninvr,1.998666,default-spec-unroll
amdgpu3,1,nas-sp,initialize2,0.711416,default-spec-unroll
amdgpu3,1,nas-sp,add,2.049384,default-spec-unroll
amdgpu3,1,nas-sp,tzetar,2.033864,default-spec-unroll
amdgpu3,1,nas-sp,exact_rhs5,0.786522,default-spec-unroll
amdgpu3,1,nas-sp,compute_rhs3,2.042897,default-spec-unroll
amdgpu3,1,nas-sp,z_solve,1.993403,default-spec-unroll
amdgpu3,1,nas-sp,x_solve,2.029112,default-spec-unroll
amdgpu3,1,nas-sp,txinvr,1.996472,default-spec-unroll
amdgpu3,1,nas-sp,initialize4,0.66092,default-spec-unroll
amdgpu3,1,nas-sp,rhs_norm,0.210597,default-spec-unroll
amdgpu3,1,nas-sp,exact_rhs3,0.819965,default-spec-unroll
amdgpu3,1,nas-sp,compute_rhs5,2.081106,default-spec-unroll
amdgpu3,1,nas-sp,exact_rhs2,1.135842,default-spec-unroll
amdgpu3,1,nas-sp,initialize3,0.686791,default-spec-unroll
amdgpu3,1,nas-sp,compute_rhs2,2.00632900000001,default-spec-unroll
amdgpu3,1,nas-sp,compute_rhs6,2.036953,default-spec-unroll
amdgpu3,1,nas-sp,y_solve,2.052204,default-spec-unroll
amdgpu3,1,nas-sp,exact_rhs1,0.776855,default-spec-unroll
amdgpu3,1,nas-sp,pinvr,2.017715,default-spec-unroll
amdgpu3,1,nas-sp,exact_rhs4,0.815258,default-spec-unroll
amdgpu3,1,nas-sp,compute_rhs1,1.98338499999999,default-spec-unroll
amdgpu3,1,nas-sp,initialize5,0.658344,default-spec-unroll
amdgpu3,1,nas-sp,initialize1,0.672298,default-spec-unroll
amdgpu3,2,nas-sp,error_norm,0.210953,default-spec-unroll
amdgpu3,2,nas-sp,compute_rhs4,2.031498,default-spec-unroll
amdgpu3,2,nas-sp,ninvr,2.026227,default-spec-unroll
amdgpu3,2,nas-sp,initialize2,0.684874,default-spec-unroll
amdgpu3,2,nas-sp,add,2.000406,default-spec-unroll
amdgpu3,2,nas-sp,tzetar,2.030607,default-spec-unroll
amdgpu3,2,nas-sp,exact_rhs5,0.767893,default-spec-unroll
amdgpu3,2,nas-sp,compute_rhs3,2.108364,default-spec-unroll
amdgpu3,2,nas-sp,z_solve,2.003673,default-spec-unroll
amdgpu3,2,nas-sp,x_solve,2.09507,default-spec-unroll
amdgpu3,2,nas-sp,txinvr,2.082088,default-spec-unroll
amdgpu3,2,nas-sp,initialize4,0.693757,default-spec-unroll
amdgpu3,2,nas-sp,rhs_norm,0.204501,default-spec-unroll
amdgpu3,2,nas-sp,exact_rhs3,0.859276,default-spec-unroll
amdgpu3,2,nas-sp,compute_rhs5,2.016101,default-spec-unroll
amdgpu3,2,nas-sp,exact_rhs2,1.273695,default-spec-unroll
amdgpu3,2,nas-sp,initialize3,0.647353,default-spec-unroll
amdgpu3,2,nas-sp,compute_rhs2,2.06003300000001,default-spec-unroll
amdgpu3,2,nas-sp,compute_rhs6,1.948711,default-spec-unroll
amdgpu3,2,nas-sp,y_solve,2.004169,default-spec-unroll
amdgpu3,2,nas-sp,exact_rhs1,0.799669,default-spec-unroll
amdgpu3,2,nas-sp,pinvr,2.049742,default-spec-unroll
amdgpu3,2,nas-sp,exact_rhs4,0.804872,default-spec-unroll
amdgpu3,2,nas-sp,compute_rhs1,2.00286100000001,default-spec-unroll
amdgpu3,2,nas-sp,initialize5,0.657976,default-spec-unroll
amdgpu3,2,nas-sp,initialize1,0.650284,default-spec-unroll
amdgpu3,3,nas-sp,error_norm,0.203521,default-spec-unroll
amdgpu3,3,nas-sp,compute_rhs4,2.001868,default-spec-unroll
amdgpu3,3,nas-sp,ninvr,2.015796,default-spec-unroll
amdgpu3,3,nas-sp,initialize2,0.66592,default-spec-unroll
amdgpu3,3,nas-sp,add,2.031601,default-spec-unroll
amdgpu3,3,nas-sp,tzetar,2.068587,default-spec-unroll
amdgpu3,3,nas-sp,exact_rhs5,0.758819,default-spec-unroll
amdgpu3,3,nas-sp,compute_rhs3,2.023286,default-spec-unroll
amdgpu3,3,nas-sp,z_solve,2.016206,default-spec-unroll
amdgpu3,3,nas-sp,x_solve,1.994077,default-spec-unroll
amdgpu3,3,nas-sp,txinvr,2.100723,default-spec-unroll
amdgpu3,3,nas-sp,initialize4,0.653509,default-spec-unroll
amdgpu3,3,nas-sp,rhs_norm,0.208284,default-spec-unroll
amdgpu3,3,nas-sp,exact_rhs3,1.045821,default-spec-unroll
amdgpu3,3,nas-sp,compute_rhs5,2.047667,default-spec-unroll
amdgpu3,3,nas-sp,exact_rhs2,0.886795,default-spec-unroll
amdgpu3,3,nas-sp,initialize3,0.684146,default-spec-unroll
amdgpu3,3,nas-sp,compute_rhs2,1.999499,default-spec-unroll
amdgpu3,3,nas-sp,compute_rhs6,2.144856,default-spec-unroll
amdgpu3,3,nas-sp,y_solve,2.107711,default-spec-unroll
amdgpu3,3,nas-sp,exact_rhs1,0.784233,default-spec-unroll
amdgpu3,3,nas-sp,pinvr,2.023874,default-spec-unroll
amdgpu3,3,nas-sp,exact_rhs4,0.861759,default-spec-unroll
amdgpu3,3,nas-sp,compute_rhs1,2.01535400000001,default-spec-unroll
amdgpu3,3,nas-sp,initialize5,0.647436,default-spec-unroll
amdgpu3,3,nas-sp,initialize1,0.655349,default-spec-unroll
amdgpu3,4,nas-sp,error_norm,0.214699,default-spec-unroll
amdgpu3,4,nas-sp,compute_rhs4,2.013021,default-spec-unroll
amdgpu3,4,nas-sp,ninvr,1.958229,default-spec-unroll
amdgpu3,4,nas-sp,initialize2,0.691153,default-spec-unroll
amdgpu3,4,nas-sp,add,2.064018,default-spec-unroll
amdgpu3,4,nas-sp,tzetar,2.127881,default-spec-unroll
amdgpu3,4,nas-sp,exact_rhs5,0.814807,default-spec-unroll
amdgpu3,4,nas-sp,compute_rhs3,2.061905,default-spec-unroll
amdgpu3,4,nas-sp,z_solve,2.06226,default-spec-unroll
amdgpu3,4,nas-sp,x_solve,1.986547,default-spec-unroll
amdgpu3,4,nas-sp,txinvr,2.030258,default-spec-unroll
amdgpu3,4,nas-sp,initialize4,0.652294,default-spec-unroll
amdgpu3,4,nas-sp,rhs_norm,0.203684,default-spec-unroll
amdgpu3,4,nas-sp,exact_rhs3,0.879131,default-spec-unroll
amdgpu3,4,nas-sp,compute_rhs5,1.98451,default-spec-unroll
amdgpu3,4,nas-sp,exact_rhs2,1.26807,default-spec-unroll
amdgpu3,4,nas-sp,initialize3,0.67672,default-spec-unroll
amdgpu3,4,nas-sp,compute_rhs2,2.04572300000001,default-spec-unroll
amdgpu3,4,nas-sp,compute_rhs6,1.992381,default-spec-unroll
amdgpu3,4,nas-sp,y_solve,2.051371,default-spec-unroll
amdgpu3,4,nas-sp,exact_rhs1,0.770103,default-spec-unroll
amdgpu3,4,nas-sp,pinvr,2.292334,default-spec-unroll
amdgpu3,4,nas-sp,exact_rhs4,0.795815,default-spec-unroll
amdgpu3,4,nas-sp,compute_rhs1,2.11559400000001,default-spec-unroll
amdgpu3,4,nas-sp,initialize5,0.672724,default-spec-unroll
amdgpu3,4,nas-sp,initialize1,0.656987,default-spec-unroll
amdgpu3,0,nas-cg,conj_grad_6,0.212051,default-spec-unroll
amdgpu3,0,nas-cg,main_0,0.229571,default-spec-unroll
amdgpu3,0,nas-cg,makea_1,0.27678,default-spec-unroll
amdgpu3,0,nas-cg,conj_grad_1,0.216429,default-spec-unroll
amdgpu3,0,nas-cg,conj_grad_0,0.206955,default-spec-unroll
amdgpu3,0,nas-cg,makea_2,0.288376,default-spec-unroll
amdgpu3,0,nas-cg,conj_grad_3,0.206846,default-spec-unroll
amdgpu3,0,nas-cg,makea_0,0.455794,default-spec-unroll
amdgpu3,0,nas-cg,makea_6,0.289721,default-spec-unroll
amdgpu3,0,nas-cg,main_3,0.20654,default-spec-unroll
amdgpu3,0,nas-cg,conj_grad_7,0.206295,default-spec-unroll
amdgpu3,0,nas-cg,init_mem_0,0.311461,default-spec-unroll
amdgpu3,0,nas-cg,main_2,0.243553,default-spec-unroll
amdgpu3,0,nas-cg,main_4,0.208113,default-spec-unroll
amdgpu3,0,nas-cg,makea_5,0.299054,default-spec-unroll
amdgpu3,0,nas-cg,conj_grad_5,0.204917,default-spec-unroll
amdgpu3,0,nas-cg,makea_4,0.292288,default-spec-unroll
amdgpu3,0,nas-cg,conj_grad_4,0.205217,default-spec-unroll
amdgpu3,0,nas-cg,makea_7,0.29696,default-spec-unroll
amdgpu3,0,nas-cg,makea_3,0.282302,default-spec-unroll
amdgpu3,0,nas-cg,main_1,0.207116,default-spec-unroll
amdgpu3,0,nas-cg,conj_grad_2,0.210839,default-spec-unroll
amdgpu3,0,nas-cg,init_mem_1,0.766523,default-spec-unroll
amdgpu3,1,nas-cg,conj_grad_6,0.204865,default-spec-unroll
amdgpu3,1,nas-cg,main_0,0.218256,default-spec-unroll
amdgpu3,1,nas-cg,makea_1,0.279868,default-spec-unroll
amdgpu3,1,nas-cg,conj_grad_1,0.210248,default-spec-unroll
amdgpu3,1,nas-cg,conj_grad_0,0.207503,default-spec-unroll
amdgpu3,1,nas-cg,makea_2,0.329599,default-spec-unroll
amdgpu3,1,nas-cg,conj_grad_3,0.209035,default-spec-unroll
amdgpu3,1,nas-cg,makea_0,0.277737,default-spec-unroll
amdgpu3,1,nas-cg,makea_6,0.289444,default-spec-unroll
amdgpu3,1,nas-cg,main_3,0.206257,default-spec-unroll
amdgpu3,1,nas-cg,conj_grad_7,0.206894,default-spec-unroll
amdgpu3,1,nas-cg,init_mem_0,0.447302,default-spec-unroll
amdgpu3,1,nas-cg,main_2,0.207031,default-spec-unroll
amdgpu3,1,nas-cg,main_4,0.204294,default-spec-unroll
amdgpu3,1,nas-cg,makea_5,0.317677,default-spec-unroll
amdgpu3,1,nas-cg,conj_grad_5,0.206855,default-spec-unroll
amdgpu3,1,nas-cg,makea_4,0.289026,default-spec-unroll
amdgpu3,1,nas-cg,conj_grad_4,0.205787,default-spec-unroll
amdgpu3,1,nas-cg,makea_7,0.282312,default-spec-unroll
amdgpu3,1,nas-cg,makea_3,0.289613,default-spec-unroll
amdgpu3,1,nas-cg,main_1,0.209586,default-spec-unroll
amdgpu3,1,nas-cg,conj_grad_2,0.206624,default-spec-unroll
amdgpu3,1,nas-cg,init_mem_1,0.279894,default-spec-unroll
amdgpu3,2,nas-cg,conj_grad_6,0.225825,default-spec-unroll
amdgpu3,2,nas-cg,main_0,0.208263,default-spec-unroll
amdgpu3,2,nas-cg,makea_1,0.294928,default-spec-unroll
amdgpu3,2,nas-cg,conj_grad_1,0.235651,default-spec-unroll
amdgpu3,2,nas-cg,conj_grad_0,0.207659,default-spec-unroll
amdgpu3,2,nas-cg,makea_2,0.279622,default-spec-unroll
amdgpu3,2,nas-cg,conj_grad_3,0.20683,default-spec-unroll
amdgpu3,2,nas-cg,makea_0,0.610965,default-spec-unroll
amdgpu3,2,nas-cg,makea_6,0.281335,default-spec-unroll
amdgpu3,2,nas-cg,main_3,0.209306,default-spec-unroll
amdgpu3,2,nas-cg,conj_grad_7,0.206766,default-spec-unroll
amdgpu3,2,nas-cg,init_mem_0,0.534865,default-spec-unroll
amdgpu3,2,nas-cg,main_2,0.206776,default-spec-unroll
amdgpu3,2,nas-cg,main_4,0.204758,default-spec-unroll
amdgpu3,2,nas-cg,makea_5,0.280323,default-spec-unroll
amdgpu3,2,nas-cg,conj_grad_5,0.207506,default-spec-unroll
amdgpu3,2,nas-cg,makea_4,0.281046,default-spec-unroll
amdgpu3,2,nas-cg,conj_grad_4,0.208423,default-spec-unroll
amdgpu3,2,nas-cg,makea_7,0.285658,default-spec-unroll
amdgpu3,2,nas-cg,makea_3,0.280577,default-spec-unroll
amdgpu3,2,nas-cg,main_1,0.21167,default-spec-unroll
amdgpu3,2,nas-cg,conj_grad_2,0.254402999999998,default-spec-unroll
amdgpu3,2,nas-cg,init_mem_1,0.430471,default-spec-unroll
amdgpu3,3,nas-cg,conj_grad_6,0.203599,default-spec-unroll
amdgpu3,3,nas-cg,main_0,0.205887,default-spec-unroll
amdgpu3,3,nas-cg,makea_1,0.28015,default-spec-unroll
amdgpu3,3,nas-cg,conj_grad_1,0.202795,default-spec-unroll
amdgpu3,3,nas-cg,conj_grad_0,0.206073,default-spec-unroll
amdgpu3,3,nas-cg,makea_2,0.284222,default-spec-unroll
amdgpu3,3,nas-cg,conj_grad_3,0.215275,default-spec-unroll
amdgpu3,3,nas-cg,makea_0,0.610861,default-spec-unroll
amdgpu3,3,nas-cg,makea_6,0.282243,default-spec-unroll
amdgpu3,3,nas-cg,main_3,0.204869,default-spec-unroll
amdgpu3,3,nas-cg,conj_grad_7,0.211109,default-spec-unroll
amdgpu3,3,nas-cg,init_mem_0,0.348401,default-spec-unroll
amdgpu3,3,nas-cg,main_2,0.208362,default-spec-unroll
amdgpu3,3,nas-cg,main_4,0.205837,default-spec-unroll
amdgpu3,3,nas-cg,makea_5,0.286986,default-spec-unroll
amdgpu3,3,nas-cg,conj_grad_5,0.206781,default-spec-unroll
amdgpu3,3,nas-cg,makea_4,0.302429,default-spec-unroll
amdgpu3,3,nas-cg,conj_grad_4,0.202143,default-spec-unroll
amdgpu3,3,nas-cg,makea_7,0.282394,default-spec-unroll
amdgpu3,3,nas-cg,makea_3,0.282689,default-spec-unroll
amdgpu3,3,nas-cg,main_1,0.215342,default-spec-unroll
amdgpu3,3,nas-cg,conj_grad_2,0.203695,default-spec-unroll
amdgpu3,3,nas-cg,init_mem_1,0.504705,default-spec-unroll
amdgpu3,4,nas-cg,conj_grad_6,0.207593,default-spec-unroll
amdgpu3,4,nas-cg,main_0,0.206237,default-spec-unroll
amdgpu3,4,nas-cg,makea_1,0.285183,default-spec-unroll
amdgpu3,4,nas-cg,conj_grad_1,0.206405,default-spec-unroll
amdgpu3,4,nas-cg,conj_grad_0,0.213409,default-spec-unroll
amdgpu3,4,nas-cg,makea_2,0.660869,default-spec-unroll
amdgpu3,4,nas-cg,conj_grad_3,0.207106,default-spec-unroll
amdgpu3,4,nas-cg,makea_0,0.297942,default-spec-unroll
amdgpu3,4,nas-cg,makea_6,0.285592,default-spec-unroll
amdgpu3,4,nas-cg,main_3,0.281513,default-spec-unroll
amdgpu3,4,nas-cg,conj_grad_7,0.206113,default-spec-unroll
amdgpu3,4,nas-cg,init_mem_0,0.580001,default-spec-unroll
amdgpu3,4,nas-cg,main_2,0.210184,default-spec-unroll
amdgpu3,4,nas-cg,main_4,0.208605,default-spec-unroll
amdgpu3,4,nas-cg,makea_5,0.285348,default-spec-unroll
amdgpu3,4,nas-cg,conj_grad_5,0.211057,default-spec-unroll
amdgpu3,4,nas-cg,makea_4,0.279907,default-spec-unroll
amdgpu3,4,nas-cg,conj_grad_4,0.212878,default-spec-unroll
amdgpu3,4,nas-cg,makea_7,0.286225,default-spec-unroll
amdgpu3,4,nas-cg,makea_3,2.337671,default-spec-unroll
amdgpu3,4,nas-cg,main_1,0.205149,default-spec-unroll
amdgpu3,4,nas-cg,conj_grad_2,0.214958,default-spec-unroll
amdgpu3,4,nas-cg,init_mem_1,0.323059,default-spec-unroll
amdgpu3,0,nv-bs,BlackScholes,0.106055,default-spec-unroll
amdgpu3,1,nv-bs,BlackScholes,0.097871,default-spec-unroll
amdgpu3,2,nv-bs,BlackScholes,0.103708,default-spec-unroll
amdgpu3,3,nv-bs,BlackScholes,0.10022,default-spec-unroll
amdgpu3,4,nv-bs,BlackScholes,0.119716,default-spec-unroll
amdgpu3,0,nv-dct,DCT8x8,0.365533,default-spec-unroll
amdgpu3,1,nv-dct,DCT8x8,0.176784,default-spec-unroll
amdgpu3,2,nv-dct,DCT8x8,0.184386,default-spec-unroll
amdgpu3,3,nv-dct,DCT8x8,0.18343,default-spec-unroll
amdgpu3,4,nv-dct,DCT8x8,0.179889,default-spec-unroll
amdgpu3,0,nv-fdtd,FiniteDifferences,13.246638,default-spec-unroll
amdgpu3,1,nv-fdtd,FiniteDifferences,14.129201,default-spec-unroll
amdgpu3,2,nv-fdtd,FiniteDifferences,14.218065,default-spec-unroll
amdgpu3,3,nv-fdtd,FiniteDifferences,14.04039,default-spec-unroll
amdgpu3,4,nv-fdtd,FiniteDifferences,14.141738,default-spec-unroll
amdgpu3,0,particlefilter,find_index_kernel,0.315608,default-spec-unroll
amdgpu3,0,particlefilter,normalize_weights_kernel,0.727703,default-spec-unroll
amdgpu3,0,particlefilter,likelihood_kernel,0.579124,default-spec-unroll
amdgpu3,0,particlefilter,sum_kernel,0.357005,default-spec-unroll
amdgpu3,1,particlefilter,find_index_kernel,0.288753,default-spec-unroll
amdgpu3,1,particlefilter,normalize_weights_kernel,0.484692,default-spec-unroll
amdgpu3,1,particlefilter,likelihood_kernel,0.81836,default-spec-unroll
amdgpu3,1,particlefilter,sum_kernel,0.362292,default-spec-unroll
amdgpu3,2,particlefilter,find_index_kernel,0.288471,default-spec-unroll
amdgpu3,2,particlefilter,normalize_weights_kernel,0.633501,default-spec-unroll
amdgpu3,2,particlefilter,likelihood_kernel,0.294528,default-spec-unroll
amdgpu3,2,particlefilter,sum_kernel,0.490851,default-spec-unroll
amdgpu3,3,particlefilter,find_index_kernel,0.29765,default-spec-unroll
amdgpu3,3,particlefilter,normalize_weights_kernel,0.689897,default-spec-unroll
amdgpu3,3,particlefilter,likelihood_kernel,0.332744,default-spec-unroll
amdgpu3,3,particlefilter,sum_kernel,0.508378,default-spec-unroll
amdgpu3,4,particlefilter,find_index_kernel,0.308842,default-spec-unroll
amdgpu3,4,particlefilter,normalize_weights_kernel,0.300439,default-spec-unroll
amdgpu3,4,particlefilter,likelihood_kernel,1.009768,default-spec-unroll
amdgpu3,4,particlefilter,sum_kernel,0.300683,default-spec-unroll
