cake0,0,blur,blur_ver,0.548523,0,0
cake0,0,blur,blur_hor,0.481784,0,0
cake0,1,blur,blur_ver,0.530284,0,0
cake0,1,blur,blur_hor,0.478064,0,0
cake0,2,blur,blur_ver,0.49732,0,0
cake0,2,blur,blur_hor,0.482467,0,0
cake0,0,gaussian,Fan1,0.188875,0,0
cake0,0,gaussian,Fan2,0.215113,0,0
cake0,1,gaussian,Fan1,0.188798,0,0
cake0,1,gaussian,Fan2,0.219323,0,0
cake0,2,gaussian,Fan1,0.187922,0,0
cake0,2,gaussian,Fan2,0.232666,0,0
cake0,0,mandelbrot,mandelGPU,0.319999,0,0
cake0,1,mandelbrot,mandelGPU,0.31534,0,0
cake0,2,mandelbrot,mandelGPU,0.310637,0,0
cake0,0,mmul,fmma,0.231642,0,0
cake0,1,mmul,fmma,0.225861,0,0
cake0,2,mmul,fmma,0.230425,0,0
cake0,0,nas-cg,conj_grad_6,0.231551,0,0
cake0,0,nas-cg,main_0,0.220085,0,0
cake0,0,nas-cg,makea_1,0.283087,0,0
cake0,0,nas-cg,conj_grad_1,0.209949,0,0
cake0,0,nas-cg,conj_grad_0,0.219835,0,0
cake0,0,nas-cg,makea_2,0.266409,0,0
cake0,0,nas-cg,conj_grad_3,0.21894,0,0
cake0,0,nas-cg,makea_0,0.393043,0,0
cake0,0,nas-cg,makea_6,0.271557,0,0
cake0,0,nas-cg,main_3,0.221351,0,0
cake0,0,nas-cg,conj_grad_7,0.215688,0,0
cake0,0,nas-cg,init_mem_0,0.24351,0,0
cake0,0,nas-cg,main_2,0.212333,0,0
cake0,0,nas-cg,main_4,0.218591,0,0
cake0,0,nas-cg,makea_5,0.303083,0,0
cake0,0,nas-cg,conj_grad_5,0.214742,0,0
cake0,0,nas-cg,makea_4,0.261521,0,0
cake0,0,nas-cg,conj_grad_4,0.231498,0,0
cake0,0,nas-cg,makea_7,0.256118,0,0
cake0,0,nas-cg,makea_3,0.420571,0,0
cake0,0,nas-cg,main_1,0.209289,0,0
cake0,0,nas-cg,conj_grad_2,0.231574,0,0
cake0,0,nas-cg,init_mem_1,0.239601,0,0
cake0,1,nas-cg,conj_grad_6,0.266301,0,0
cake0,1,nas-cg,main_0,0.224557,0,0
cake0,1,nas-cg,makea_1,0.283451,0,0
cake0,1,nas-cg,conj_grad_1,0.219872,0,0
cake0,1,nas-cg,conj_grad_0,0.219975,0,0
cake0,1,nas-cg,makea_2,0.266438,0,0
cake0,1,nas-cg,conj_grad_3,0.222265,0,0
cake0,1,nas-cg,makea_0,0.393762,0,0
cake0,1,nas-cg,makea_6,0.275124,0,0
cake0,1,nas-cg,main_3,0.246976,0,0
cake0,1,nas-cg,conj_grad_7,0.2204,0,0
cake0,1,nas-cg,init_mem_0,0.241883,0,0
cake0,1,nas-cg,main_2,0.217999,0,0
cake0,1,nas-cg,main_4,0.238265,0,0
cake0,1,nas-cg,makea_5,0.269705,0,0
cake0,1,nas-cg,conj_grad_5,0.220627,0,0
cake0,1,nas-cg,makea_4,0.260656,0,0
cake0,1,nas-cg,conj_grad_4,0.226591,0,0
cake0,1,nas-cg,makea_7,0.249605,0,0
cake0,1,nas-cg,makea_3,0.419145,0,0
cake0,1,nas-cg,main_1,0.212735,0,0
cake0,1,nas-cg,conj_grad_2,0.232608,0,0
cake0,1,nas-cg,init_mem_1,0.239561,0,0
cake0,2,nas-cg,conj_grad_6,0.229526,0,0
cake0,2,nas-cg,main_0,0.227947,0,0
cake0,2,nas-cg,makea_1,0.340489,0,0
cake0,2,nas-cg,conj_grad_1,0.21596,0,0
cake0,2,nas-cg,conj_grad_0,0.216455,0,0
cake0,2,nas-cg,makea_2,0.27109,0,0
cake0,2,nas-cg,conj_grad_3,0.216543,0,0
cake0,2,nas-cg,makea_0,0.389005,0,0
cake0,2,nas-cg,makea_6,0.2719,0,0
cake0,2,nas-cg,main_3,0.223144,0,0
cake0,2,nas-cg,conj_grad_7,0.219345,0,0
cake0,2,nas-cg,init_mem_0,0.24322,0,0
cake0,2,nas-cg,main_2,0.218375,0,0
cake0,2,nas-cg,main_4,0.240881,0,0
cake0,2,nas-cg,makea_5,0.270954,0,0
cake0,2,nas-cg,conj_grad_5,0.219744,0,0
cake0,2,nas-cg,makea_4,0.264387,0,0
cake0,2,nas-cg,conj_grad_4,0.222342,0,0
cake0,2,nas-cg,makea_7,0.250731,0,0
cake0,2,nas-cg,makea_3,0.424832,0,0
cake0,2,nas-cg,main_1,0.211323,0,0
cake0,2,nas-cg,conj_grad_2,0.229005,0,0
cake0,2,nas-cg,init_mem_1,0.243718,0,0
cake0,0,nas-ep,embar,0.547357,0,0
cake0,1,nas-ep,embar,0.552711,0,0
cake0,2,nas-ep,embar,0.552934,0,0
cake0,0,nas-ft,compute_initial_conditions,0.362591,0,0
cake0,0,nas-ft,evolve,0.455478,0,0
cake0,0,nas-ft,compute_indexmap,0.397693,0,0
cake0,0,nas-ft,cffts3,0.619146,0,0
cake0,0,nas-ft,checksum,0.490142,0,0
cake0,0,nas-ft,init_ui,0.271518,0,0
cake0,0,nas-ft,cffts1,0.587402,0,0
cake0,0,nas-ft,cffts2,0.61457,0,0
cake0,1,nas-ft,compute_initial_conditions,0.356292,0,0
cake0,1,nas-ft,evolve,0.453967,0,0
cake0,1,nas-ft,compute_indexmap,0.391211,0,0
cake0,1,nas-ft,cffts3,0.640989,0,0
cake0,1,nas-ft,checksum,0.494043,0,0
cake0,1,nas-ft,init_ui,0.266533,0,0
cake0,1,nas-ft,cffts1,0.592713,0,0
cake0,1,nas-ft,cffts2,0.630236,0,0
cake0,2,nas-ft,compute_initial_conditions,0.363593,0,0
cake0,2,nas-ft,evolve,0.454758,0,0
cake0,2,nas-ft,compute_indexmap,0.399159,0,0
cake0,2,nas-ft,cffts3,0.61802,0,0
cake0,2,nas-ft,checksum,0.489988,0,0
cake0,2,nas-ft,init_ui,0.270201,0,0
cake0,2,nas-ft,cffts1,0.563566,0,0
cake0,2,nas-ft,cffts2,0.615171,0,0
cake0,0,nas-is,rank2,0.319301,0,0
cake0,0,nas-is,full_verify1,0.260664,0,0
cake0,0,nas-is,rank3,0.310162,0,0
cake0,0,nas-is,rank4,0.240194,0,0
cake0,0,nas-is,full_verify2,0.311885,0,0
cake0,0,nas-is,rank0,0.221599,0,0
cake0,0,nas-is,rank1,0.23922,0,0
cake0,0,nas-is,create_seq,0.37079,0,0
cake0,1,nas-is,rank2,0.321327,0,0
cake0,1,nas-is,full_verify1,0.270756,0,0
cake0,1,nas-is,rank3,0.315362,0,0
cake0,1,nas-is,rank4,0.24084,0,0
cake0,1,nas-is,full_verify2,0.311431,0,0
cake0,1,nas-is,rank0,0.217526,0,0
cake0,1,nas-is,rank1,0.243614,0,0
cake0,1,nas-is,create_seq,0.375783,0,0
cake0,2,nas-is,rank2,0.320666,0,0
cake0,2,nas-is,full_verify1,0.269828,0,0
cake0,2,nas-is,rank3,0.309514,0,0
cake0,2,nas-is,rank4,0.240411,0,0
cake0,2,nas-is,full_verify2,0.316672,0,0
cake0,2,nas-is,rank0,0.231421,0,0
cake0,2,nas-is,rank1,0.241525,0,0
cake0,2,nas-is,create_seq,0.366443,0,0
cake0,0,nas-lu,erhs4,0.764492,0,0
cake0,0,nas-lu,buts,11.232318,0,0
cake0,0,nas-lu,rhsz,0.81764,0,0
cake0,0,nas-lu,rhs,0.592482,0,0
cake0,0,nas-lu,ssor3,0.580286,0,0
cake0,0,nas-lu,setbv2,0.594803,0,0
cake0,0,nas-lu,l2norm,0.622543,0,0
cake0,0,nas-lu,setbv3,0.604935,0,0
cake0,0,nas-lu,pintgr_reduce,0.246924,0,0
cake0,0,nas-lu,error,0.337895,0,0
cake0,0,nas-lu,ssor2,0.573042,0,0
cake0,0,nas-lu,pintgr1,0.23313,0,0
cake0,0,nas-lu,setbv1,0.594974,0,0
cake0,0,nas-lu,erhs3,0.768183,0,0
cake0,0,nas-lu,pintgr3,0.232046,0,0
cake0,0,nas-lu,setiv,0.725214,0,0
cake0,0,nas-lu,rhsx,0.815471,0,0
cake0,0,nas-lu,blts,11.407654,0,0
cake0,0,nas-lu,erhs1,0.492456,0,0
cake0,0,nas-lu,pintgr2,0.237216,0,0
cake0,0,nas-lu,rhsy,0.862484,0,0
cake0,0,nas-lu,erhs2,0.774276,0,0
cake0,1,nas-lu,erhs4,0.771952,0,0
cake0,1,nas-lu,buts,11.310631,0,0
cake0,1,nas-lu,rhsz,0.817216,0,0
cake0,1,nas-lu,rhs,0.620655,0,0
cake0,1,nas-lu,ssor3,0.581531,0,0
cake0,1,nas-lu,setbv2,0.599442,0,0
cake0,1,nas-lu,l2norm,0.618349,0,0
cake0,1,nas-lu,setbv3,0.602028,0,0
cake0,1,nas-lu,pintgr_reduce,0.24969,0,0
cake0,1,nas-lu,error,0.338332,0,0
cake0,1,nas-lu,ssor2,0.570186,0,0
cake0,1,nas-lu,pintgr1,0.231068,0,0
cake0,1,nas-lu,setbv1,0.599951,0,0
cake0,1,nas-lu,erhs3,0.764188,0,0
cake0,1,nas-lu,pintgr3,0.23112,0,0
cake0,1,nas-lu,setiv,0.713804,0,0
cake0,1,nas-lu,rhsx,0.814832,0,0
cake0,1,nas-lu,blts,11.406497,0,0
cake0,1,nas-lu,erhs1,0.49236,0,0
cake0,1,nas-lu,pintgr2,0.232479,0,0
cake0,1,nas-lu,rhsy,0.846947,0,0
cake0,1,nas-lu,erhs2,0.769671,0,0
cake0,2,nas-lu,erhs4,0.766684,0,0
cake0,2,nas-lu,buts,11.264805,0,0
cake0,2,nas-lu,rhsz,0.834074,0,0
cake0,2,nas-lu,rhs,0.601627,0,0
cake0,2,nas-lu,ssor3,0.580335,0,0
cake0,2,nas-lu,setbv2,0.606561,0,0
cake0,2,nas-lu,l2norm,0.611037,0,0
cake0,2,nas-lu,setbv3,0.596318,0,0
cake0,2,nas-lu,pintgr_reduce,0.248942,0,0
cake0,2,nas-lu,error,0.340247,0,0
cake0,2,nas-lu,ssor2,0.571711,0,0
cake0,2,nas-lu,pintgr1,0.240538,0,0
cake0,2,nas-lu,setbv1,0.605552,0,0
cake0,2,nas-lu,erhs3,0.770155,0,0
cake0,2,nas-lu,pintgr3,0.240288,0,0
cake0,2,nas-lu,setiv,0.714834,0,0
cake0,2,nas-lu,rhsx,0.809884,0,0
cake0,2,nas-lu,blts,11.368219,0,0
cake0,2,nas-lu,erhs1,0.496734,0,0
cake0,2,nas-lu,pintgr2,0.240169,0,0
cake0,2,nas-lu,rhsy,0.840399,0,0
cake0,2,nas-lu,erhs2,0.774618,0,0
cake0,0,nas-sp,error_norm,0.326148,0,0
cake0,0,nas-sp,compute_rhs4,0.887941,0,0
cake0,0,nas-sp,ninvr,0.537678,0,0
cake0,0,nas-sp,initialize2,0.552247,0,0
cake0,0,nas-sp,add,0.541818,0,0
cake0,0,nas-sp,tzetar,0.559625,0,0
cake0,0,nas-sp,exact_rhs5,0.303198,0,0
cake0,0,nas-sp,compute_rhs3,0.88988,0,0
cake0,0,nas-sp,z_solve,1.058706,0,0
cake0,0,nas-sp,x_solve,1.0384,0,0
cake0,0,nas-sp,txinvr,0.563515,0,0
cake0,0,nas-sp,initialize4,0.329389,0,0
cake0,0,nas-sp,rhs_norm,0.265242,0,0
cake0,0,nas-sp,exact_rhs3,0.600166,0,0
cake0,0,nas-sp,compute_rhs5,0.899544,0,0
cake0,0,nas-sp,exact_rhs2,0.601937,0,0
cake0,0,nas-sp,initialize3,0.331719,0,0
cake0,0,nas-sp,compute_rhs2,0.538256,0,0
cake0,0,nas-sp,compute_rhs6,0.531584,0,0
cake0,0,nas-sp,y_solve,1.031847,0,0
cake0,0,nas-sp,exact_rhs1,0.31069,0,0
cake0,0,nas-sp,pinvr,0.565095,0,0
cake0,0,nas-sp,exact_rhs4,0.653722,0,0
cake0,0,nas-sp,compute_rhs1,0.562001,0,0
cake0,0,nas-sp,initialize5,0.339566,0,0
cake0,0,nas-sp,initialize1,0.255366,0,0
cake0,1,nas-sp,error_norm,0.3327,0,0
cake0,1,nas-sp,compute_rhs4,0.918573,0,0
cake0,1,nas-sp,ninvr,0.533207,0,0
cake0,1,nas-sp,initialize2,0.547657,0,0
cake0,1,nas-sp,add,0.547432,0,0
cake0,1,nas-sp,tzetar,0.556096,0,0
cake0,1,nas-sp,exact_rhs5,0.311325,0,0
cake0,1,nas-sp,compute_rhs3,0.891315,0,0
cake0,1,nas-sp,z_solve,1.061228,0,0
cake0,1,nas-sp,x_solve,1.051631,0,0
cake0,1,nas-sp,txinvr,0.564165,0,0
cake0,1,nas-sp,initialize4,0.329307,0,0
cake0,1,nas-sp,rhs_norm,0.262055,0,0
cake0,1,nas-sp,exact_rhs3,0.629972,0,0
cake0,1,nas-sp,compute_rhs5,0.894324,0,0
cake0,1,nas-sp,exact_rhs2,0.596722,0,0
cake0,1,nas-sp,initialize3,0.330562,0,0
cake0,1,nas-sp,compute_rhs2,0.540584,0,0
cake0,1,nas-sp,compute_rhs6,0.610911,0,0
cake0,1,nas-sp,y_solve,1.030476,0,0
cake0,1,nas-sp,exact_rhs1,0.307887,0,0
cake0,1,nas-sp,pinvr,0.533195,0,0
cake0,1,nas-sp,exact_rhs4,0.600806,0,0
cake0,1,nas-sp,compute_rhs1,0.559555,0,0
cake0,1,nas-sp,initialize5,0.330414,0,0
cake0,1,nas-sp,initialize1,0.251591,0,0
cake0,2,nas-sp,error_norm,0.331339,0,0
cake0,2,nas-sp,compute_rhs4,0.911478,0,0
cake0,2,nas-sp,ninvr,0.53429,0,0
cake0,2,nas-sp,initialize2,0.550832,0,0
cake0,2,nas-sp,add,0.549072,0,0
cake0,2,nas-sp,tzetar,0.563219,0,0
cake0,2,nas-sp,exact_rhs5,0.312813,0,0
cake0,2,nas-sp,compute_rhs3,0.887011,0,0
cake0,2,nas-sp,z_solve,1.0497,0,0
cake0,2,nas-sp,x_solve,1.069046,0,0
cake0,2,nas-sp,txinvr,0.562032,0,0
cake0,2,nas-sp,initialize4,0.332683,0,0
cake0,2,nas-sp,rhs_norm,0.260342,0,0
cake0,2,nas-sp,exact_rhs3,0.602542,0,0
cake0,2,nas-sp,compute_rhs5,0.899961,0,0
cake0,2,nas-sp,exact_rhs2,0.609741,0,0
cake0,2,nas-sp,initialize3,0.36742,0,0
cake0,2,nas-sp,compute_rhs2,0.535825,0,0
cake0,2,nas-sp,compute_rhs6,0.534559,0,0
cake0,2,nas-sp,y_solve,1.028684,0,0
cake0,2,nas-sp,exact_rhs1,0.307645,0,0
cake0,2,nas-sp,pinvr,0.53431,0,0
cake0,2,nas-sp,exact_rhs4,0.600939,0,0
cake0,2,nas-sp,compute_rhs1,0.561954,0,0
cake0,2,nas-sp,initialize5,0.333442,0,0
cake0,2,nas-sp,initialize1,0.261046,0,0
cake0,0,particlefilter,find_index_kernel,0.539504,0,0
cake0,0,particlefilter,normalize_weights_kernel,0.602655,0,0
cake0,0,particlefilter,likelihood_kernel,0.998381,0,0
cake0,0,particlefilter,sum_kernel,0.515501,0,0
cake0,1,particlefilter,find_index_kernel,0.535401,0,0
cake0,1,particlefilter,normalize_weights_kernel,0.602967,0,0
cake0,1,particlefilter,likelihood_kernel,1.012942,0,0
cake0,1,particlefilter,sum_kernel,0.511489,0,0
cake0,2,particlefilter,find_index_kernel,0.540138,0,0
cake0,2,particlefilter,normalize_weights_kernel,0.610192,0,0
cake0,2,particlefilter,likelihood_kernel,1.010263,0,0
cake0,2,particlefilter,sum_kernel,0.52098,0,0
cake1,0,blur,blur_ver,0.522743,0,1
cake1,0,blur,blur_hor,0.520154,0,1
cake1,1,blur,blur_ver,0.518033,0,1
cake1,1,blur,blur_hor,0.516609,0,1
cake1,2,blur,blur_ver,0.544394,0,1
cake1,2,blur,blur_hor,0.512533,0,1
cake1,0,gaussian,Fan1,0.223086,0,1
cake1,0,gaussian,Fan2,0.284079,0,1
cake1,1,gaussian,Fan1,0.222425,0,1
cake1,1,gaussian,Fan2,0.290506,0,1
cake1,2,gaussian,Fan1,0.212308,0,1
cake1,2,gaussian,Fan2,0.284491,0,1
cake1,0,mandelbrot,mandelGPU,0.341161,0,1
cake1,1,mandelbrot,mandelGPU,0.342962,0,1
cake1,2,mandelbrot,mandelGPU,0.346366,0,1
cake1,0,mmul,fmma,0.276939,0,1
cake1,1,mmul,fmma,0.269083,0,1
cake1,2,mmul,fmma,0.297481,0,1
cake1,0,nas-cg,conj_grad_6,0.282233,0,1
cake1,0,nas-cg,main_0,0.26477,0,1
cake1,0,nas-cg,makea_1,0.328736,0,1
cake1,0,nas-cg,conj_grad_1,0.25401,0,1
cake1,0,nas-cg,conj_grad_0,0.254578,0,1
cake1,0,nas-cg,makea_2,0.346968,0,1
cake1,0,nas-cg,conj_grad_3,0.252203,0,1
cake1,0,nas-cg,makea_0,0.453416,0,1
cake1,0,nas-cg,makea_6,0.327136,0,1
cake1,0,nas-cg,main_3,0.319173,0,1
cake1,0,nas-cg,conj_grad_7,0.249483,0,1
cake1,0,nas-cg,init_mem_0,0.288347,0,1
cake1,0,nas-cg,main_2,0.256698,0,1
cake1,0,nas-cg,main_4,0.250796,0,1
cake1,0,nas-cg,makea_5,0.300196,0,1
cake1,0,nas-cg,conj_grad_5,0.251169,0,1
cake1,0,nas-cg,makea_4,0.306861,0,1
cake1,0,nas-cg,conj_grad_4,0.263639,0,1
cake1,0,nas-cg,makea_7,0.306136,0,1
cake1,0,nas-cg,makea_3,0.462409,0,1
cake1,0,nas-cg,main_1,0.238733,0,1
cake1,0,nas-cg,conj_grad_2,0.266475,0,1
cake1,0,nas-cg,init_mem_1,0.290502,0,1
cake1,1,nas-cg,conj_grad_6,0.269606,0,1
cake1,1,nas-cg,main_0,0.258129,0,1
cake1,1,nas-cg,makea_1,0.322304,0,1
cake1,1,nas-cg,conj_grad_1,0.24543,0,1
cake1,1,nas-cg,conj_grad_0,0.249192,0,1
cake1,1,nas-cg,makea_2,0.349211,0,1
cake1,1,nas-cg,conj_grad_3,0.248908,0,1
cake1,1,nas-cg,makea_0,0.460944,0,1
cake1,1,nas-cg,makea_6,0.315336,0,1
cake1,1,nas-cg,main_3,0.259832,0,1
cake1,1,nas-cg,conj_grad_7,0.256461,0,1
cake1,1,nas-cg,init_mem_0,0.288599,0,1
cake1,1,nas-cg,main_2,0.252093,0,1
cake1,1,nas-cg,main_4,0.25571,0,1
cake1,1,nas-cg,makea_5,0.303832,0,1
cake1,1,nas-cg,conj_grad_5,0.252699,0,1
cake1,1,nas-cg,makea_4,0.296548,0,1
cake1,1,nas-cg,conj_grad_4,0.287923,0,1
cake1,1,nas-cg,makea_7,0.338823,0,1
cake1,1,nas-cg,makea_3,0.466233,0,1
cake1,1,nas-cg,main_1,0.242174,0,1
cake1,1,nas-cg,conj_grad_2,0.272138,0,1
cake1,1,nas-cg,init_mem_1,0.284193,0,1
cake1,2,nas-cg,conj_grad_6,0.269117,0,1
cake1,2,nas-cg,main_0,0.256775,0,1
cake1,2,nas-cg,makea_1,0.342788,0,1
cake1,2,nas-cg,conj_grad_1,0.246042,0,1
cake1,2,nas-cg,conj_grad_0,0.2604,0,1
cake1,2,nas-cg,makea_2,0.340454,0,1
cake1,2,nas-cg,conj_grad_3,0.250402,0,1
cake1,2,nas-cg,makea_0,0.452549,0,1
cake1,2,nas-cg,makea_6,0.313064,0,1
cake1,2,nas-cg,main_3,0.30672,0,1
cake1,2,nas-cg,conj_grad_7,0.251463,0,1
cake1,2,nas-cg,init_mem_0,0.293903,0,1
cake1,2,nas-cg,main_2,0.246246,0,1
cake1,2,nas-cg,main_4,0.248076,0,1
cake1,2,nas-cg,makea_5,0.311619,0,1
cake1,2,nas-cg,conj_grad_5,0.248269,0,1
cake1,2,nas-cg,makea_4,0.299314,0,1
cake1,2,nas-cg,conj_grad_4,0.261859,0,1
cake1,2,nas-cg,makea_7,0.382385,0,1
cake1,2,nas-cg,makea_3,0.463121,0,1
cake1,2,nas-cg,main_1,0.246483,0,1
cake1,2,nas-cg,conj_grad_2,0.268131,0,1
cake1,2,nas-cg,init_mem_1,0.282084,0,1
cake1,0,nas-ep,embar,0.636807,0,1
cake1,1,nas-ep,embar,0.64789,0,1
cake1,2,nas-ep,embar,0.638889,0,1
cake1,0,nas-ft,compute_initial_conditions,0.413254,0,1
cake1,0,nas-ft,evolve,0.502741,0,1
cake1,0,nas-ft,compute_indexmap,0.455596,0,1
cake1,0,nas-ft,cffts3,0.684737,0,1
cake1,0,nas-ft,checksum,0.57403,0,1
cake1,0,nas-ft,init_ui,0.317468,0,1
cake1,0,nas-ft,cffts1,0.659687,0,1
cake1,0,nas-ft,cffts2,0.680398,0,1
cake1,1,nas-ft,compute_initial_conditions,0.407514,0,1
cake1,1,nas-ft,evolve,0.500035,0,1
cake1,1,nas-ft,compute_indexmap,0.454815,0,1
cake1,1,nas-ft,cffts3,0.706621,0,1
cake1,1,nas-ft,checksum,0.58047,0,1
cake1,1,nas-ft,init_ui,0.318762,0,1
cake1,1,nas-ft,cffts1,0.62687,0,1
cake1,1,nas-ft,cffts2,0.667501,0,1
cake1,2,nas-ft,compute_initial_conditions,0.409554,0,1
cake1,2,nas-ft,evolve,0.50875,0,1
cake1,2,nas-ft,compute_indexmap,0.453039,0,1
cake1,2,nas-ft,cffts3,0.723773,0,1
cake1,2,nas-ft,checksum,0.588098,0,1
cake1,2,nas-ft,init_ui,0.315297,0,1
cake1,2,nas-ft,cffts1,0.611433,0,1
cake1,2,nas-ft,cffts2,0.689512,0,1
cake1,0,nas-is,rank2,0.378925,0,1
cake1,0,nas-is,full_verify1,0.300453,0,1
cake1,0,nas-is,rank3,0.427232,0,1
cake1,0,nas-is,rank4,0.272154,0,1
cake1,0,nas-is,full_verify2,0.416054,0,1
cake1,0,nas-is,rank0,0.253324,0,1
cake1,0,nas-is,rank1,0.280217,0,1
cake1,0,nas-is,create_seq,0.500489,0,1
cake1,1,nas-is,rank2,0.370989,0,1
cake1,1,nas-is,full_verify1,0.298825,0,1
cake1,1,nas-is,rank3,0.433477,0,1
cake1,1,nas-is,rank4,0.267413,0,1
cake1,1,nas-is,full_verify2,0.415143,0,1
cake1,1,nas-is,rank0,0.240492,0,1
cake1,1,nas-is,rank1,0.285685,0,1
cake1,1,nas-is,create_seq,0.528208,0,1
cake1,2,nas-is,rank2,0.380798,0,1
cake1,2,nas-is,full_verify1,0.307719,0,1
cake1,2,nas-is,rank3,0.421767,0,1
cake1,2,nas-is,rank4,0.273552,0,1
cake1,2,nas-is,full_verify2,0.413999,0,1
cake1,2,nas-is,rank0,0.265393,0,1
cake1,2,nas-is,rank1,0.274901,0,1
cake1,2,nas-is,create_seq,0.512563,0,1
cake1,0,nas-lu,erhs4,0.830923,0,1
cake1,0,nas-lu,buts,12.63346,0,1
cake1,0,nas-lu,rhsz,0.923438,0,1
cake1,0,nas-lu,rhs,0.614621,0,1
cake1,0,nas-lu,ssor3,0.611568,0,1
cake1,0,nas-lu,setbv2,0.642617,0,1
cake1,0,nas-lu,l2norm,0.657679,0,1
cake1,0,nas-lu,setbv3,0.632224,0,1
cake1,0,nas-lu,pintgr_reduce,0.290514,0,1
cake1,0,nas-lu,error,0.393749,0,1
cake1,0,nas-lu,ssor2,0.59638,0,1
cake1,0,nas-lu,pintgr1,0.296413,0,1
cake1,0,nas-lu,setbv1,0.646407,0,1
cake1,0,nas-lu,erhs3,0.831083,0,1
cake1,0,nas-lu,pintgr3,0.277386,0,1
cake1,0,nas-lu,setiv,0.769213,0,1
cake1,0,nas-lu,rhsx,0.875282,0,1
cake1,0,nas-lu,blts,12.720041,0,1
cake1,0,nas-lu,erhs1,0.562755,0,1
cake1,0,nas-lu,pintgr2,0.272646,0,1
cake1,0,nas-lu,rhsy,0.919243,0,1
cake1,0,nas-lu,erhs2,0.83402,0,1
cake1,1,nas-lu,erhs4,0.830704,0,1
cake1,1,nas-lu,buts,12.592184,0,1
cake1,1,nas-lu,rhsz,0.892286,0,1
cake1,1,nas-lu,rhs,0.631823,0,1
cake1,1,nas-lu,ssor3,0.611239,0,1
cake1,1,nas-lu,setbv2,0.642939,0,1
cake1,1,nas-lu,l2norm,0.666138,0,1
cake1,1,nas-lu,setbv3,0.642447,0,1
cake1,1,nas-lu,pintgr_reduce,0.293058,0,1
cake1,1,nas-lu,error,0.393515,0,1
cake1,1,nas-lu,ssor2,0.62631,0,1
cake1,1,nas-lu,pintgr1,0.277763,0,1
cake1,1,nas-lu,setbv1,0.642053,0,1
cake1,1,nas-lu,erhs3,0.829888,0,1
cake1,1,nas-lu,pintgr3,0.274216,0,1
cake1,1,nas-lu,setiv,0.841647,0,1
cake1,1,nas-lu,rhsx,0.887182,0,1
cake1,1,nas-lu,blts,12.770187,0,1
cake1,1,nas-lu,erhs1,0.538662,0,1
cake1,1,nas-lu,pintgr2,0.274042,0,1
cake1,1,nas-lu,rhsy,0.917843,0,1
cake1,1,nas-lu,erhs2,0.832599,0,1
cake1,2,nas-lu,erhs4,0.866343,0,1
cake1,2,nas-lu,buts,12.591419,0,1
cake1,2,nas-lu,rhsz,0.898142,0,1
cake1,2,nas-lu,rhs,0.620096,0,1
cake1,2,nas-lu,ssor3,0.614255,0,1
cake1,2,nas-lu,setbv2,0.637354,0,1
cake1,2,nas-lu,l2norm,0.658027,0,1
cake1,2,nas-lu,setbv3,0.640293,0,1
cake1,2,nas-lu,pintgr_reduce,0.288895,0,1
cake1,2,nas-lu,error,0.404467,0,1
cake1,2,nas-lu,ssor2,0.600382,0,1
cake1,2,nas-lu,pintgr1,0.273335,0,1
cake1,2,nas-lu,setbv1,0.63847,0,1
cake1,2,nas-lu,erhs3,0.842234,0,1
cake1,2,nas-lu,pintgr3,0.271984,0,1
cake1,2,nas-lu,setiv,0.814115,0,1
cake1,2,nas-lu,rhsx,0.881605,0,1
cake1,2,nas-lu,blts,12.712746,0,1
cake1,2,nas-lu,erhs1,0.538555,0,1
cake1,2,nas-lu,pintgr2,0.268793,0,1
cake1,2,nas-lu,rhsy,0.905272,0,1
cake1,2,nas-lu,erhs2,0.835489,0,1
cake1,0,nas-sp,error_norm,0.391334,0,1
cake1,0,nas-sp,compute_rhs4,0.994233,0,1
cake1,0,nas-sp,ninvr,0.590178,0,1
cake1,0,nas-sp,initialize2,0.609696,0,1
cake1,0,nas-sp,add,0.594061,0,1
cake1,0,nas-sp,tzetar,0.615649,0,1
cake1,0,nas-sp,exact_rhs5,0.360575,0,1
cake1,0,nas-sp,compute_rhs3,0.988288,0,1
cake1,0,nas-sp,z_solve,1.233143,0,1
cake1,0,nas-sp,x_solve,1.170874,0,1
cake1,0,nas-sp,txinvr,0.625057,0,1
cake1,0,nas-sp,initialize4,0.375537,0,1
cake1,0,nas-sp,rhs_norm,0.339223,0,1
cake1,0,nas-sp,exact_rhs3,0.626921,0,1
cake1,0,nas-sp,compute_rhs5,1.003018,0,1
cake1,0,nas-sp,exact_rhs2,0.631932,0,1
cake1,0,nas-sp,initialize3,0.375039,0,1
cake1,0,nas-sp,compute_rhs2,0.600407,0,1
cake1,0,nas-sp,compute_rhs6,0.58423,0,1
cake1,0,nas-sp,y_solve,1.164388,0,1
cake1,0,nas-sp,exact_rhs1,0.366829,0,1
cake1,0,nas-sp,pinvr,0.58519,0,1
cake1,0,nas-sp,exact_rhs4,0.626312,0,1
cake1,0,nas-sp,compute_rhs1,0.615393,0,1
cake1,0,nas-sp,initialize5,0.376913,0,1
cake1,0,nas-sp,initialize1,0.319832,0,1
cake1,1,nas-sp,error_norm,0.392314,0,1
cake1,1,nas-sp,compute_rhs4,0.991129,0,1
cake1,1,nas-sp,ninvr,0.57686,0,1
cake1,1,nas-sp,initialize2,0.634957,0,1
cake1,1,nas-sp,add,0.617244,0,1
cake1,1,nas-sp,tzetar,0.613231,0,1
cake1,1,nas-sp,exact_rhs5,0.356546,0,1
cake1,1,nas-sp,compute_rhs3,1.01435,0,1
cake1,1,nas-sp,z_solve,1.187649,0,1
cake1,1,nas-sp,x_solve,1.16271,0,1
cake1,1,nas-sp,txinvr,0.625062,0,1
cake1,1,nas-sp,initialize4,0.376819,0,1
cake1,1,nas-sp,rhs_norm,0.313016,0,1
cake1,1,nas-sp,exact_rhs3,0.635694,0,1
cake1,1,nas-sp,compute_rhs5,0.990929,0,1
cake1,1,nas-sp,exact_rhs2,0.627685,0,1
cake1,1,nas-sp,initialize3,0.40166,0,1
cake1,1,nas-sp,compute_rhs2,0.611254,0,1
cake1,1,nas-sp,compute_rhs6,0.5764,0,1
cake1,1,nas-sp,y_solve,1.163298,0,1
cake1,1,nas-sp,exact_rhs1,0.373258,0,1
cake1,1,nas-sp,pinvr,0.585404,0,1
cake1,1,nas-sp,exact_rhs4,0.625071,0,1
cake1,1,nas-sp,compute_rhs1,0.61023,0,1
cake1,1,nas-sp,initialize5,0.378862,0,1
cake1,1,nas-sp,initialize1,0.327758,0,1
cake1,2,nas-sp,error_norm,0.380225,0,1
cake1,2,nas-sp,compute_rhs4,0.992801,0,1
cake1,2,nas-sp,ninvr,0.589783,0,1
cake1,2,nas-sp,initialize2,0.610429,0,1
cake1,2,nas-sp,add,0.591019,0,1
cake1,2,nas-sp,tzetar,0.610186,0,1
cake1,2,nas-sp,exact_rhs5,0.356308,0,1
cake1,2,nas-sp,compute_rhs3,0.988729,0,1
cake1,2,nas-sp,z_solve,1.218759,0,1
cake1,2,nas-sp,x_solve,1.16344,0,1
cake1,2,nas-sp,txinvr,0.623501,0,1
cake1,2,nas-sp,initialize4,0.379949,0,1
cake1,2,nas-sp,rhs_norm,0.314098,0,1
cake1,2,nas-sp,exact_rhs3,0.62908,0,1
cake1,2,nas-sp,compute_rhs5,1.025922,0,1
cake1,2,nas-sp,exact_rhs2,0.624789,0,1
cake1,2,nas-sp,initialize3,0.374973,0,1
cake1,2,nas-sp,compute_rhs2,0.604587,0,1
cake1,2,nas-sp,compute_rhs6,0.5811,0,1
cake1,2,nas-sp,y_solve,1.147096,0,1
cake1,2,nas-sp,exact_rhs1,0.373762,0,1
cake1,2,nas-sp,pinvr,0.577637,0,1
cake1,2,nas-sp,exact_rhs4,0.628425,0,1
cake1,2,nas-sp,compute_rhs1,0.620804,0,1
cake1,2,nas-sp,initialize5,0.374008,0,1
cake1,2,nas-sp,initialize1,0.325531,0,1
cake1,0,particlefilter,find_index_kernel,0.595844,0,1
cake1,0,particlefilter,normalize_weights_kernel,0.794695,0,1
cake1,0,particlefilter,likelihood_kernel,1.560839,0,1
cake1,0,particlefilter,sum_kernel,0.550849,0,1
cake1,1,particlefilter,find_index_kernel,0.593362,0,1
cake1,1,particlefilter,normalize_weights_kernel,0.797168,0,1
cake1,1,particlefilter,likelihood_kernel,1.553729,0,1
cake1,1,particlefilter,sum_kernel,0.556455,0,1
cake1,2,particlefilter,find_index_kernel,0.585655,0,1
cake1,2,particlefilter,normalize_weights_kernel,0.816072,0,1
cake1,2,particlefilter,likelihood_kernel,1.540691,0,1
cake1,2,particlefilter,sum_kernel,0.551699,0,1
cake2,0,blur,blur_ver,0.462686,1,0
cake2,0,blur,blur_hor,0.461214,1,0
cake2,1,blur,blur_ver,0.465243,1,0
cake2,1,blur,blur_hor,0.460605,1,0
cake2,2,blur,blur_ver,0.466665,1,0
cake2,2,blur,blur_hor,0.458192,1,0
cake2,0,gaussian,Fan1,0.188244,1,0
cake2,0,gaussian,Fan2,0.223089,1,0
cake2,1,gaussian,Fan1,0.191961,1,0
cake2,1,gaussian,Fan2,0.214834,1,0
cake2,2,gaussian,Fan1,0.194252,1,0
cake2,2,gaussian,Fan2,0.215835,1,0
cake2,0,mandelbrot,mandelGPU,0.293036,1,0
cake2,1,mandelbrot,mandelGPU,0.292557,1,0
cake2,2,mandelbrot,mandelGPU,0.294031,1,0
cake2,0,mmul,fmma,0.230024,1,0
cake2,1,mmul,fmma,0.252524,1,0
cake2,2,mmul,fmma,0.230314,1,0
cake2,0,nas-cg,conj_grad_6,0.233638,1,0
cake2,0,nas-cg,main_0,0.221888,1,0
cake2,0,nas-cg,makea_1,0.289398,1,0
cake2,0,nas-cg,conj_grad_1,0.217175,1,0
cake2,0,nas-cg,conj_grad_0,0.217923,1,0
cake2,0,nas-cg,makea_2,0.271596,1,0
cake2,0,nas-cg,conj_grad_3,0.220478,1,0
cake2,0,nas-cg,makea_0,0.393786,1,0
cake2,0,nas-cg,makea_6,0.277318,1,0
cake2,0,nas-cg,main_3,0.222532,1,0
cake2,0,nas-cg,conj_grad_7,0.217392,1,0
cake2,0,nas-cg,init_mem_0,0.4854,1,0
cake2,0,nas-cg,main_2,0.217877,1,0
cake2,0,nas-cg,main_4,0.219164,1,0
cake2,0,nas-cg,makea_5,0.274795,1,0
cake2,0,nas-cg,conj_grad_5,0.21806,1,0
cake2,0,nas-cg,makea_4,0.263211,1,0
cake2,0,nas-cg,conj_grad_4,0.225183,1,0
cake2,0,nas-cg,makea_7,0.254409,1,0
cake2,0,nas-cg,makea_3,0.422063,1,0
cake2,0,nas-cg,main_1,0.212551,1,0
cake2,0,nas-cg,conj_grad_2,0.231294,1,0
cake2,0,nas-cg,init_mem_1,0.488811,1,0
cake2,1,nas-cg,conj_grad_6,0.230096,1,0
cake2,1,nas-cg,main_0,0.224069,1,0
cake2,1,nas-cg,makea_1,0.287006,1,0
cake2,1,nas-cg,conj_grad_1,0.216777,1,0
cake2,1,nas-cg,conj_grad_0,0.217522,1,0
cake2,1,nas-cg,makea_2,0.269263,1,0
cake2,1,nas-cg,conj_grad_3,0.218064,1,0
cake2,1,nas-cg,makea_0,0.395083,1,0
cake2,1,nas-cg,makea_6,0.279686,1,0
cake2,1,nas-cg,main_3,0.219859,1,0
cake2,1,nas-cg,conj_grad_7,0.267648,1,0
cake2,1,nas-cg,init_mem_0,0.490739,1,0
cake2,1,nas-cg,main_2,0.217204,1,0
cake2,1,nas-cg,main_4,0.216321,1,0
cake2,1,nas-cg,makea_5,0.272486,1,0
cake2,1,nas-cg,conj_grad_5,0.21475,1,0
cake2,1,nas-cg,makea_4,0.264635,1,0
cake2,1,nas-cg,conj_grad_4,0.226487,1,0
cake2,1,nas-cg,makea_7,0.25394,1,0
cake2,1,nas-cg,makea_3,0.42315,1,0
cake2,1,nas-cg,main_1,0.211391,1,0
cake2,1,nas-cg,conj_grad_2,0.232677,1,0
cake2,1,nas-cg,init_mem_1,0.488597,1,0
cake2,2,nas-cg,conj_grad_6,0.231384,1,0
cake2,2,nas-cg,main_0,0.225479,1,0
cake2,2,nas-cg,makea_1,0.288644,1,0
cake2,2,nas-cg,conj_grad_1,0.219647,1,0
cake2,2,nas-cg,conj_grad_0,0.219302,1,0
cake2,2,nas-cg,makea_2,0.268395,1,0
cake2,2,nas-cg,conj_grad_3,0.217744,1,0
cake2,2,nas-cg,makea_0,0.395298,1,0
cake2,2,nas-cg,makea_6,0.27769,1,0
cake2,2,nas-cg,main_3,0.220324,1,0
cake2,2,nas-cg,conj_grad_7,0.218274,1,0
cake2,2,nas-cg,init_mem_0,0.485737,1,0
cake2,2,nas-cg,main_2,0.215792,1,0
cake2,2,nas-cg,main_4,0.216152,1,0
cake2,2,nas-cg,makea_5,0.272976,1,0
cake2,2,nas-cg,conj_grad_5,0.214715,1,0
cake2,2,nas-cg,makea_4,0.265404,1,0
cake2,2,nas-cg,conj_grad_4,0.225453,1,0
cake2,2,nas-cg,makea_7,0.251361,1,0
cake2,2,nas-cg,makea_3,0.423294,1,0
cake2,2,nas-cg,main_1,0.210892,1,0
cake2,2,nas-cg,conj_grad_2,0.227985,1,0
cake2,2,nas-cg,init_mem_1,0.489902,1,0
cake2,0,nas-ep,embar,0.548972,1,0
cake2,1,nas-ep,embar,0.549734,1,0
cake2,2,nas-ep,embar,0.549597,1,0
cake2,0,nas-ft,compute_initial_conditions,0.357462,1,0
cake2,0,nas-ft,evolve,0.425437,1,0
cake2,0,nas-ft,compute_indexmap,0.377961,1,0
cake2,0,nas-ft,cffts3,0.63756,1,0
cake2,0,nas-ft,checksum,0.472715,1,0
cake2,0,nas-ft,init_ui,0.270895,1,0
cake2,0,nas-ft,cffts1,0.573958,1,0
cake2,0,nas-ft,cffts2,0.614793,1,0
cake2,1,nas-ft,compute_initial_conditions,0.362521,1,0
cake2,1,nas-ft,evolve,0.437383,1,0
cake2,1,nas-ft,compute_indexmap,0.382317,1,0
cake2,1,nas-ft,cffts3,0.620884,1,0
cake2,1,nas-ft,checksum,0.481003,1,0
cake2,1,nas-ft,init_ui,0.271693,1,0
cake2,1,nas-ft,cffts1,0.572988,1,0
cake2,1,nas-ft,cffts2,0.616109,1,0
cake2,2,nas-ft,compute_initial_conditions,0.362342,1,0
cake2,2,nas-ft,evolve,0.471381,1,0
cake2,2,nas-ft,compute_indexmap,0.386913,1,0
cake2,2,nas-ft,cffts3,0.629032,1,0
cake2,2,nas-ft,checksum,0.486457,1,0
cake2,2,nas-ft,init_ui,0.272304,1,0
cake2,2,nas-ft,cffts1,0.56948,1,0
cake2,2,nas-ft,cffts2,0.619911,1,0
cake2,0,nas-is,rank2,0.32031,1,0
cake2,0,nas-is,full_verify1,0.267217,1,0
cake2,0,nas-is,rank3,0.314992,1,0
cake2,0,nas-is,rank4,0.235769,1,0
cake2,0,nas-is,full_verify2,0.30936,1,0
cake2,0,nas-is,rank0,0.22032,1,0
cake2,0,nas-is,rank1,0.246333,1,0
cake2,0,nas-is,create_seq,0.369734,1,0
cake2,1,nas-is,rank2,0.321259,1,0
cake2,1,nas-is,full_verify1,0.263463,1,0
cake2,1,nas-is,rank3,0.315032,1,0
cake2,1,nas-is,rank4,0.238063,1,0
cake2,1,nas-is,full_verify2,0.307967,1,0
cake2,1,nas-is,rank0,0.219028,1,0
cake2,1,nas-is,rank1,0.245203,1,0
cake2,1,nas-is,create_seq,0.369306,1,0
cake2,2,nas-is,rank2,0.315623,1,0
cake2,2,nas-is,full_verify1,0.266156,1,0
cake2,2,nas-is,rank3,0.313942,1,0
cake2,2,nas-is,rank4,0.236179,1,0
cake2,2,nas-is,full_verify2,0.309777,1,0
cake2,2,nas-is,rank0,0.219533,1,0
cake2,2,nas-is,rank1,0.242652,1,0
cake2,2,nas-is,create_seq,0.370613,1,0
cake2,0,nas-lu,erhs4,0.77664,1,0
cake2,0,nas-lu,buts,20.697634,1,0
cake2,0,nas-lu,rhsz,0.814169,1,0
cake2,0,nas-lu,rhs,0.57835,1,0
cake2,0,nas-lu,ssor3,0.59871,1,0
cake2,0,nas-lu,setbv2,0.600912,1,0
cake2,0,nas-lu,l2norm,0.599126,1,0
cake2,0,nas-lu,setbv3,0.605271,1,0
cake2,0,nas-lu,pintgr_reduce,0.245924,1,0
cake2,0,nas-lu,error,0.337913,1,0
cake2,0,nas-lu,ssor2,0.557944,1,0
cake2,0,nas-lu,pintgr1,0.240715,1,0
cake2,0,nas-lu,setbv1,0.601998,1,0
cake2,0,nas-lu,erhs3,0.771556,1,0
cake2,0,nas-lu,pintgr3,0.238887,1,0
cake2,0,nas-lu,setiv,0.715916,1,0
cake2,0,nas-lu,rhsx,0.791409,1,0
cake2,0,nas-lu,blts,20.814767,1,0
cake2,0,nas-lu,erhs1,0.498385,1,0
cake2,0,nas-lu,pintgr2,0.237371,1,0
cake2,0,nas-lu,rhsy,0.810102,1,0
cake2,0,nas-lu,erhs2,0.775327,1,0
cake2,1,nas-lu,erhs4,0.771887,1,0
cake2,1,nas-lu,buts,20.755335,1,0
cake2,1,nas-lu,rhsz,0.813673,1,0
cake2,1,nas-lu,rhs,0.573847,1,0
cake2,1,nas-lu,ssor3,0.585676,1,0
cake2,1,nas-lu,setbv2,0.603374,1,0
cake2,1,nas-lu,l2norm,0.600343,1,0
cake2,1,nas-lu,setbv3,0.599921,1,0
cake2,1,nas-lu,pintgr_reduce,0.247399,1,0
cake2,1,nas-lu,error,0.339406,1,0
cake2,1,nas-lu,ssor2,0.560912,1,0
cake2,1,nas-lu,pintgr1,0.236991,1,0
cake2,1,nas-lu,setbv1,0.602233,1,0
cake2,1,nas-lu,erhs3,0.77457,1,0
cake2,1,nas-lu,pintgr3,0.237743,1,0
cake2,1,nas-lu,setiv,0.746366,1,0
cake2,1,nas-lu,rhsx,0.792712,1,0
cake2,1,nas-lu,blts,20.868689,1,0
cake2,1,nas-lu,erhs1,0.498506,1,0
cake2,1,nas-lu,pintgr2,0.237457,1,0
cake2,1,nas-lu,rhsy,0.806991,1,0
cake2,1,nas-lu,erhs2,0.770685,1,0
cake2,2,nas-lu,erhs4,0.776734,1,0
cake2,2,nas-lu,buts,20.728774,1,0
cake2,2,nas-lu,rhsz,0.799648,1,0
cake2,2,nas-lu,rhs,0.577578,1,0
cake2,2,nas-lu,ssor3,0.584692,1,0
cake2,2,nas-lu,setbv2,0.63187,1,0
cake2,2,nas-lu,l2norm,0.599732,1,0
cake2,2,nas-lu,setbv3,0.603791,1,0
cake2,2,nas-lu,pintgr_reduce,0.250835,1,0
cake2,2,nas-lu,error,0.383265,1,0
cake2,2,nas-lu,ssor2,0.580253,1,0
cake2,2,nas-lu,pintgr1,0.238922,1,0
cake2,2,nas-lu,setbv1,0.604081,1,0
cake2,2,nas-lu,erhs3,0.795142,1,0
cake2,2,nas-lu,pintgr3,0.237397,1,0
cake2,2,nas-lu,setiv,0.71808,1,0
cake2,2,nas-lu,rhsx,0.805082,1,0
cake2,2,nas-lu,blts,20.933585,1,0
cake2,2,nas-lu,erhs1,0.496738,1,0
cake2,2,nas-lu,pintgr2,0.235961,1,0
cake2,2,nas-lu,rhsy,0.808994,1,0
cake2,2,nas-lu,erhs2,0.770793,1,0
cake2,0,nas-sp,error_norm,0.330508,1,0
cake2,0,nas-sp,compute_rhs4,0.871368,1,0
cake2,0,nas-sp,ninvr,0.546756,1,0
cake2,0,nas-sp,initialize2,0.554452,1,0
cake2,0,nas-sp,add,0.54428,1,0
cake2,0,nas-sp,tzetar,0.544258,1,0
cake2,0,nas-sp,exact_rhs5,0.308926,1,0
cake2,0,nas-sp,compute_rhs3,0.868261,1,0
cake2,0,nas-sp,z_solve,1.126383,1,0
cake2,0,nas-sp,x_solve,1.1246,1,0
cake2,0,nas-sp,txinvr,0.545408,1,0
cake2,0,nas-sp,initialize4,0.333568,1,0
cake2,0,nas-sp,rhs_norm,0.263173,1,0
cake2,0,nas-sp,exact_rhs3,0.596425,1,0
cake2,0,nas-sp,compute_rhs5,0.9167,1,0
cake2,0,nas-sp,exact_rhs2,0.60061,1,0
cake2,0,nas-sp,initialize3,0.332692,1,0
cake2,0,nas-sp,compute_rhs2,0.520157,1,0
cake2,0,nas-sp,compute_rhs6,0.535844,1,0
cake2,0,nas-sp,y_solve,1.121315,1,0
cake2,0,nas-sp,exact_rhs1,0.310882,1,0
cake2,0,nas-sp,pinvr,0.525599,1,0
cake2,0,nas-sp,exact_rhs4,0.601025,1,0
cake2,0,nas-sp,compute_rhs1,0.54075,1,0
cake2,0,nas-sp,initialize5,0.332263,1,0
cake2,0,nas-sp,initialize1,0.266247,1,0
cake2,1,nas-sp,error_norm,0.332915,1,0
cake2,1,nas-sp,compute_rhs4,0.869533,1,0
cake2,1,nas-sp,ninvr,0.522505,1,0
cake2,1,nas-sp,initialize2,0.582138,1,0
cake2,1,nas-sp,add,0.544061,1,0
cake2,1,nas-sp,tzetar,0.546084,1,0
cake2,1,nas-sp,exact_rhs5,0.309046,1,0
cake2,1,nas-sp,compute_rhs3,0.894054,1,0
cake2,1,nas-sp,z_solve,1.125278,1,0
cake2,1,nas-sp,x_solve,1.123507,1,0
cake2,1,nas-sp,txinvr,0.543956,1,0
cake2,1,nas-sp,initialize4,0.334703,1,0
cake2,1,nas-sp,rhs_norm,0.265435,1,0
cake2,1,nas-sp,exact_rhs3,0.600055,1,0
cake2,1,nas-sp,compute_rhs5,0.874733,1,0
cake2,1,nas-sp,exact_rhs2,0.629837,1,0
cake2,1,nas-sp,initialize3,0.334019,1,0
cake2,1,nas-sp,compute_rhs2,0.520354,1,0
cake2,1,nas-sp,compute_rhs6,0.534411,1,0
cake2,1,nas-sp,y_solve,1.116589,1,0
cake2,1,nas-sp,exact_rhs1,0.311631,1,0
cake2,1,nas-sp,pinvr,0.540187,1,0
cake2,1,nas-sp,exact_rhs4,0.600764,1,0
cake2,1,nas-sp,compute_rhs1,0.536624,1,0
cake2,1,nas-sp,initialize5,0.334941,1,0
cake2,1,nas-sp,initialize1,0.256454,1,0
cake2,2,nas-sp,error_norm,0.328673,1,0
cake2,2,nas-sp,compute_rhs4,0.865762,1,0
cake2,2,nas-sp,ninvr,0.523928,1,0
cake2,2,nas-sp,initialize2,0.553343,1,0
cake2,2,nas-sp,add,0.543977,1,0
cake2,2,nas-sp,tzetar,0.542605,1,0
cake2,2,nas-sp,exact_rhs5,0.313443,1,0
cake2,2,nas-sp,compute_rhs3,0.87545,1,0
cake2,2,nas-sp,z_solve,1.123434,1,0
cake2,2,nas-sp,x_solve,1.121022,1,0
cake2,2,nas-sp,txinvr,0.542695,1,0
cake2,2,nas-sp,initialize4,0.334887,1,0
cake2,2,nas-sp,rhs_norm,0.265798,1,0
cake2,2,nas-sp,exact_rhs3,0.597169,1,0
cake2,2,nas-sp,compute_rhs5,0.886865,1,0
cake2,2,nas-sp,exact_rhs2,0.600031,1,0
cake2,2,nas-sp,initialize3,0.336524,1,0
cake2,2,nas-sp,compute_rhs2,0.552943,1,0
cake2,2,nas-sp,compute_rhs6,0.554889,1,0
cake2,2,nas-sp,y_solve,1.140762,1,0
cake2,2,nas-sp,exact_rhs1,0.311234,1,0
cake2,2,nas-sp,pinvr,0.525084,1,0
cake2,2,nas-sp,exact_rhs4,0.599924,1,0
cake2,2,nas-sp,compute_rhs1,0.539903,1,0
cake2,2,nas-sp,initialize5,0.340841,1,0
cake2,2,nas-sp,initialize1,0.27848,1,0
cake2,0,particlefilter,find_index_kernel,0.515492,1,0
cake2,0,particlefilter,normalize_weights_kernel,0.606553,1,0
cake2,0,particlefilter,likelihood_kernel,1.010508,1,0
cake2,0,particlefilter,sum_kernel,0.527992,1,0
cake2,1,particlefilter,find_index_kernel,0.518387,1,0
cake2,1,particlefilter,normalize_weights_kernel,0.6077,1,0
cake2,1,particlefilter,likelihood_kernel,0.996032,1,0
cake2,1,particlefilter,sum_kernel,0.511022,1,0
cake2,2,particlefilter,find_index_kernel,0.519381,1,0
cake2,2,particlefilter,normalize_weights_kernel,0.60614,1,0
cake2,2,particlefilter,likelihood_kernel,1.018184,1,0
cake2,2,particlefilter,sum_kernel,0.517242,1,0
cake3,0,blur,blur_ver,0.505652,1,1
cake3,0,blur,blur_hor,0.518077,1,1
cake3,1,blur,blur_ver,0.512579,1,1
cake3,1,blur,blur_hor,0.507359,1,1
cake3,2,blur,blur_ver,0.508386,1,1
cake3,2,blur,blur_hor,0.504577,1,1
cake3,0,gaussian,Fan1,0.219078,1,1
cake3,0,gaussian,Fan2,0.291917,1,1
cake3,1,gaussian,Fan1,0.217234,1,1
cake3,1,gaussian,Fan2,0.301491,1,1
cake3,2,gaussian,Fan1,0.224072,1,1
cake3,2,gaussian,Fan2,0.298317,1,1
cake3,0,mandelbrot,mandelGPU,0.344781,1,1
cake3,1,mandelbrot,mandelGPU,0.34519,1,1
cake3,2,mandelbrot,mandelGPU,0.347587,1,1
cake3,0,mmul,fmma,0.273133,1,1
cake3,1,mmul,fmma,0.280237,1,1
cake3,2,mmul,fmma,0.275029,1,1
cake3,0,nas-cg,conj_grad_6,0.268884,1,1
cake3,0,nas-cg,main_0,0.260692,1,1
cake3,0,nas-cg,makea_1,0.327976,1,1
cake3,0,nas-cg,conj_grad_1,0.250594,1,1
cake3,0,nas-cg,conj_grad_0,0.257207,1,1
cake3,0,nas-cg,makea_2,0.303637,1,1
cake3,0,nas-cg,conj_grad_3,0.254747,1,1
cake3,0,nas-cg,makea_0,0.458789,1,1
cake3,0,nas-cg,makea_6,0.321963,1,1
cake3,0,nas-cg,main_3,0.26177,1,1
cake3,0,nas-cg,conj_grad_7,0.254151,1,1
cake3,0,nas-cg,init_mem_0,0.575038,1,1
cake3,0,nas-cg,main_2,0.254976,1,1
cake3,0,nas-cg,main_4,0.254325,1,1
cake3,0,nas-cg,makea_5,0.306443,1,1
cake3,0,nas-cg,conj_grad_5,0.250342,1,1
cake3,0,nas-cg,makea_4,0.304626,1,1
cake3,0,nas-cg,conj_grad_4,0.265533,1,1
cake3,0,nas-cg,makea_7,0.314582,1,1
cake3,0,nas-cg,makea_3,0.469291,1,1
cake3,0,nas-cg,main_1,0.240632,1,1
cake3,0,nas-cg,conj_grad_2,0.268913,1,1
cake3,0,nas-cg,init_mem_1,0.582563,1,1
cake3,1,nas-cg,conj_grad_6,0.26844,1,1
cake3,1,nas-cg,main_0,0.261598,1,1
cake3,1,nas-cg,makea_1,0.331079,1,1
cake3,1,nas-cg,conj_grad_1,0.250136,1,1
cake3,1,nas-cg,conj_grad_0,0.254649,1,1
cake3,1,nas-cg,makea_2,0.317071,1,1
cake3,1,nas-cg,conj_grad_3,0.425199,1,1
cake3,1,nas-cg,makea_0,0.46263,1,1
cake3,1,nas-cg,makea_6,0.320198,1,1
cake3,1,nas-cg,main_3,0.262864,1,1
cake3,1,nas-cg,conj_grad_7,0.255214,1,1
cake3,1,nas-cg,init_mem_0,0.581177,1,1
cake3,1,nas-cg,main_2,0.255739,1,1
cake3,1,nas-cg,main_4,0.252447,1,1
cake3,1,nas-cg,makea_5,0.308881,1,1
cake3,1,nas-cg,conj_grad_5,0.254183,1,1
cake3,1,nas-cg,makea_4,0.301724,1,1
cake3,1,nas-cg,conj_grad_4,0.263204,1,1
cake3,1,nas-cg,makea_7,0.312484,1,1
cake3,1,nas-cg,makea_3,0.467185,1,1
cake3,1,nas-cg,main_1,0.243714,1,1
cake3,1,nas-cg,conj_grad_2,0.271418,1,1
cake3,1,nas-cg,init_mem_1,0.580485,1,1
cake3,2,nas-cg,conj_grad_6,0.270339,1,1
cake3,2,nas-cg,main_0,0.261284,1,1
cake3,2,nas-cg,makea_1,0.328127,1,1
cake3,2,nas-cg,conj_grad_1,0.252296,1,1
cake3,2,nas-cg,conj_grad_0,0.258598,1,1
cake3,2,nas-cg,makea_2,0.304422,1,1
cake3,2,nas-cg,conj_grad_3,0.256418,1,1
cake3,2,nas-cg,makea_0,0.463409,1,1
cake3,2,nas-cg,makea_6,0.324988,1,1
cake3,2,nas-cg,main_3,0.258582,1,1
cake3,2,nas-cg,conj_grad_7,0.256147,1,1
cake3,2,nas-cg,init_mem_0,0.582552,1,1
cake3,2,nas-cg,main_2,0.257843,1,1
cake3,2,nas-cg,main_4,0.257026,1,1
cake3,2,nas-cg,makea_5,0.318861,1,1
cake3,2,nas-cg,conj_grad_5,0.252473,1,1
cake3,2,nas-cg,makea_4,0.317857,1,1
cake3,2,nas-cg,conj_grad_4,0.264174,1,1
cake3,2,nas-cg,makea_7,0.311643,1,1
cake3,2,nas-cg,makea_3,0.479813,1,1
cake3,2,nas-cg,main_1,0.241607,1,1
cake3,2,nas-cg,conj_grad_2,0.272616,1,1
cake3,2,nas-cg,init_mem_1,0.576685,1,1
cake3,0,nas-ep,embar,0.651959,1,1
cake3,1,nas-ep,embar,0.708427,1,1
cake3,2,nas-ep,embar,0.645621,1,1
cake3,0,nas-ft,compute_initial_conditions,0.407604,1,1
cake3,0,nas-ft,evolve,0.493122,1,1
cake3,0,nas-ft,compute_indexmap,0.454774,1,1
cake3,0,nas-ft,cffts3,0.776493,1,1
cake3,0,nas-ft,checksum,0.600023,1,1
cake3,0,nas-ft,init_ui,0.316659,1,1
cake3,0,nas-ft,cffts1,0.618423,1,1
cake3,0,nas-ft,cffts2,0.761725,1,1
cake3,1,nas-ft,compute_initial_conditions,0.411235,1,1
cake3,1,nas-ft,evolve,0.505748,1,1
cake3,1,nas-ft,compute_indexmap,0.438095,1,1
cake3,1,nas-ft,cffts3,0.761718,1,1
cake3,1,nas-ft,checksum,0.569755,1,1
cake3,1,nas-ft,init_ui,0.318492,1,1
cake3,1,nas-ft,cffts1,0.629783,1,1
cake3,1,nas-ft,cffts2,0.760057,1,1
cake3,2,nas-ft,compute_initial_conditions,0.407259,1,1
cake3,2,nas-ft,evolve,0.49489,1,1
cake3,2,nas-ft,compute_indexmap,0.438001,1,1
cake3,2,nas-ft,cffts3,0.767187,1,1
cake3,2,nas-ft,checksum,0.573208,1,1
cake3,2,nas-ft,init_ui,0.314988,1,1
cake3,2,nas-ft,cffts1,0.62675,1,1
cake3,2,nas-ft,cffts2,0.746726,1,1
cake3,0,nas-is,rank2,0.416082,1,1
cake3,0,nas-is,full_verify1,0.305985,1,1
cake3,0,nas-is,rank3,0.435706,1,1
cake3,0,nas-is,rank4,0.273184,1,1
cake3,0,nas-is,full_verify2,0.422835,1,1
cake3,0,nas-is,rank0,0.247682,1,1
cake3,0,nas-is,rank1,0.281968,1,1
cake3,0,nas-is,create_seq,0.496862,1,1
cake3,1,nas-is,rank2,0.377837,1,1
cake3,1,nas-is,full_verify1,0.305978,1,1
cake3,1,nas-is,rank3,0.437586,1,1
cake3,1,nas-is,rank4,0.270832,1,1
cake3,1,nas-is,full_verify2,0.422212,1,1
cake3,1,nas-is,rank0,0.250863,1,1
cake3,1,nas-is,rank1,0.281845,1,1
cake3,1,nas-is,create_seq,0.500351,1,1
cake3,2,nas-is,rank2,0.376142,1,1
cake3,2,nas-is,full_verify1,0.306074,1,1
cake3,2,nas-is,rank3,0.428473,1,1
cake3,2,nas-is,rank4,0.269541,1,1
cake3,2,nas-is,full_verify2,0.424594,1,1
cake3,2,nas-is,rank0,0.249133,1,1
cake3,2,nas-is,rank1,0.282023,1,1
cake3,2,nas-is,create_seq,0.521941,1,1
cake3,0,nas-lu,erhs4,0.841204,1,1
cake3,0,nas-lu,buts,23.337518,1,1
cake3,0,nas-lu,rhsz,0.978284,1,1
cake3,0,nas-lu,rhs,0.63057,1,1
cake3,0,nas-lu,ssor3,0.611752,1,1
cake3,0,nas-lu,setbv2,0.638557,1,1
cake3,0,nas-lu,l2norm,0.669007,1,1
cake3,0,nas-lu,setbv3,0.655795,1,1
cake3,0,nas-lu,pintgr_reduce,0.297535,1,1
cake3,0,nas-lu,error,0.398872,1,1
cake3,0,nas-lu,ssor2,0.656622,1,1
cake3,0,nas-lu,pintgr1,0.273956,1,1
cake3,0,nas-lu,setbv1,0.639409,1,1
cake3,0,nas-lu,erhs3,0.835716,1,1
cake3,0,nas-lu,pintgr3,0.276652,1,1
cake3,0,nas-lu,setiv,0.779723,1,1
cake3,0,nas-lu,rhsx,0.909169,1,1
cake3,0,nas-lu,blts,23.627516,1,1
cake3,0,nas-lu,erhs1,0.57975,1,1
cake3,0,nas-lu,pintgr2,0.27397,1,1
cake3,0,nas-lu,rhsy,0.955262,1,1
cake3,0,nas-lu,erhs2,0.837031,1,1
cake3,1,nas-lu,erhs4,0.84265,1,1
cake3,1,nas-lu,buts,23.353036,1,1
cake3,1,nas-lu,rhsz,0.961194,1,1
cake3,1,nas-lu,rhs,0.6255,1,1
cake3,1,nas-lu,ssor3,0.608899,1,1
cake3,1,nas-lu,setbv2,0.645204,1,1
cake3,1,nas-lu,l2norm,0.677954,1,1
cake3,1,nas-lu,setbv3,0.637965,1,1
cake3,1,nas-lu,pintgr_reduce,0.296685,1,1
cake3,1,nas-lu,error,0.403503,1,1
cake3,1,nas-lu,ssor2,0.638347,1,1
cake3,1,nas-lu,pintgr1,0.270896,1,1
cake3,1,nas-lu,setbv1,0.638,1,1
cake3,1,nas-lu,erhs3,0.841772,1,1
cake3,1,nas-lu,pintgr3,0.27927,1,1
cake3,1,nas-lu,setiv,0.776305,1,1
cake3,1,nas-lu,rhsx,0.915827,1,1
cake3,1,nas-lu,blts,23.488242,1,1
cake3,1,nas-lu,erhs1,0.548772,1,1
cake3,1,nas-lu,pintgr2,0.274117,1,1
cake3,1,nas-lu,rhsy,0.956401,1,1
cake3,1,nas-lu,erhs2,0.834271,1,1
cake3,2,nas-lu,erhs4,0.835798,1,1
cake3,2,nas-lu,buts,23.290093,1,1
cake3,2,nas-lu,rhsz,0.960337,1,1
cake3,2,nas-lu,rhs,0.630354,1,1
cake3,2,nas-lu,ssor3,0.612886,1,1
cake3,2,nas-lu,setbv2,0.63797,1,1
cake3,2,nas-lu,l2norm,0.671488,1,1
cake3,2,nas-lu,setbv3,0.646783,1,1
cake3,2,nas-lu,pintgr_reduce,0.296332,1,1
cake3,2,nas-lu,error,0.40165,1,1
cake3,2,nas-lu,ssor2,0.638976,1,1
cake3,2,nas-lu,pintgr1,0.273087,1,1
cake3,2,nas-lu,setbv1,0.640129,1,1
cake3,2,nas-lu,erhs3,0.836509,1,1
cake3,2,nas-lu,pintgr3,0.274829,1,1
cake3,2,nas-lu,setiv,0.775772,1,1
cake3,2,nas-lu,rhsx,0.911833,1,1
cake3,2,nas-lu,blts,23.485216,1,1
cake3,2,nas-lu,erhs1,0.544612,1,1
cake3,2,nas-lu,pintgr2,0.277983,1,1
cake3,2,nas-lu,rhsy,0.955602,1,1
cake3,2,nas-lu,erhs2,0.836086,1,1
cake3,0,nas-sp,error_norm,0.386997,1,1
cake3,0,nas-sp,compute_rhs4,0.967126,1,1
cake3,0,nas-sp,ninvr,0.631639,1,1
cake3,0,nas-sp,initialize2,0.620426,1,1
cake3,0,nas-sp,add,0.604317,1,1
cake3,0,nas-sp,tzetar,0.600575,1,1
cake3,0,nas-sp,exact_rhs5,0.356667,1,1
cake3,0,nas-sp,compute_rhs3,0.971787,1,1
cake3,0,nas-sp,z_solve,1.306549,1,1
cake3,0,nas-sp,x_solve,1.319558,1,1
cake3,0,nas-sp,txinvr,0.600072,1,1
cake3,0,nas-sp,initialize4,0.382268,1,1
cake3,0,nas-sp,rhs_norm,0.321154,1,1
cake3,0,nas-sp,exact_rhs3,0.630217,1,1
cake3,0,nas-sp,compute_rhs5,0.998924,1,1
cake3,0,nas-sp,exact_rhs2,0.664465,1,1
cake3,0,nas-sp,initialize3,0.381045,1,1
cake3,0,nas-sp,compute_rhs2,0.603779,1,1
cake3,0,nas-sp,compute_rhs6,0.579172,1,1
cake3,0,nas-sp,y_solve,1.310183,1,1
cake3,0,nas-sp,exact_rhs1,0.379458,1,1
cake3,0,nas-sp,pinvr,0.61722,1,1
cake3,0,nas-sp,exact_rhs4,0.630015,1,1
cake3,0,nas-sp,compute_rhs1,0.610011,1,1
cake3,0,nas-sp,initialize5,0.390738,1,1
cake3,0,nas-sp,initialize1,0.326699,1,1
cake3,1,nas-sp,error_norm,0.388735,1,1
cake3,1,nas-sp,compute_rhs4,0.995766,1,1
cake3,1,nas-sp,ninvr,0.617182,1,1
cake3,1,nas-sp,initialize2,0.618788,1,1
cake3,1,nas-sp,add,0.596742,1,1
cake3,1,nas-sp,tzetar,0.625245,1,1
cake3,1,nas-sp,exact_rhs5,0.356313,1,1
cake3,1,nas-sp,compute_rhs3,0.97396,1,1
cake3,1,nas-sp,z_solve,1.324252,1,1
cake3,1,nas-sp,x_solve,1.335208,1,1
cake3,1,nas-sp,txinvr,0.599321,1,1
cake3,1,nas-sp,initialize4,0.378536,1,1
cake3,1,nas-sp,rhs_norm,0.322631,1,1
cake3,1,nas-sp,exact_rhs3,0.629784,1,1
cake3,1,nas-sp,compute_rhs5,0.973296,1,1
cake3,1,nas-sp,exact_rhs2,0.630806,1,1
cake3,1,nas-sp,initialize3,0.382571,1,1
cake3,1,nas-sp,compute_rhs2,0.60188,1,1
cake3,1,nas-sp,compute_rhs6,0.587854,1,1
cake3,1,nas-sp,y_solve,1.325334,1,1
cake3,1,nas-sp,exact_rhs1,0.376843,1,1
cake3,1,nas-sp,pinvr,0.623381,1,1
cake3,1,nas-sp,exact_rhs4,0.639824,1,1
cake3,1,nas-sp,compute_rhs1,0.608078,1,1
cake3,1,nas-sp,initialize5,0.435986,1,1
cake3,1,nas-sp,initialize1,0.327027,1,1
cake3,2,nas-sp,error_norm,0.386126,1,1
cake3,2,nas-sp,compute_rhs4,0.972233,1,1
cake3,2,nas-sp,ninvr,0.621161,1,1
cake3,2,nas-sp,initialize2,0.618475,1,1
cake3,2,nas-sp,add,0.59536,1,1
cake3,2,nas-sp,tzetar,0.608041,1,1
cake3,2,nas-sp,exact_rhs5,0.356834,1,1
cake3,2,nas-sp,compute_rhs3,0.975672,1,1
cake3,2,nas-sp,z_solve,1.34092,1,1
cake3,2,nas-sp,x_solve,1.316674,1,1
cake3,2,nas-sp,txinvr,0.605389,1,1
cake3,2,nas-sp,initialize4,0.386668,1,1
cake3,2,nas-sp,rhs_norm,0.401145,1,1
cake3,2,nas-sp,exact_rhs3,0.638047,1,1
cake3,2,nas-sp,compute_rhs5,0.979068,1,1
cake3,2,nas-sp,exact_rhs2,0.632138,1,1
cake3,2,nas-sp,initialize3,0.382898,1,1
cake3,2,nas-sp,compute_rhs2,0.599161,1,1
cake3,2,nas-sp,compute_rhs6,0.581816,1,1
cake3,2,nas-sp,y_solve,1.315366,1,1
cake3,2,nas-sp,exact_rhs1,0.403526,1,1
cake3,2,nas-sp,pinvr,0.620799,1,1
cake3,2,nas-sp,exact_rhs4,0.630482,1,1
cake3,2,nas-sp,compute_rhs1,0.615089,1,1
cake3,2,nas-sp,initialize5,0.38657,1,1
cake3,2,nas-sp,initialize1,0.327953,1,1
cake3,0,particlefilter,find_index_kernel,0.559963,1,1
cake3,0,particlefilter,normalize_weights_kernel,0.802449,1,1
cake3,0,particlefilter,likelihood_kernel,1.555743,1,1
cake3,0,particlefilter,sum_kernel,0.554068,1,1
cake3,1,particlefilter,find_index_kernel,0.560919,1,1
cake3,1,particlefilter,normalize_weights_kernel,0.798368,1,1
cake3,1,particlefilter,likelihood_kernel,1.5476,1,1
cake3,1,particlefilter,sum_kernel,0.555024,1,1
cake3,2,particlefilter,find_index_kernel,0.560134,1,1
cake3,2,particlefilter,normalize_weights_kernel,0.796327,1,1
cake3,2,particlefilter,likelihood_kernel,1.548347,1,1
cake3,2,particlefilter,sum_kernel,0.549943,1,1
