nvidia0,0,blur,blur_ver,0.806743,default
nvidia0,0,blur,blur_hor,1.139547,default
nvidia0,1,blur,blur_ver,0.047968,default
nvidia0,1,blur,blur_hor,0.051018,default
nvidia0,2,blur,blur_ver,0.052506,default
nvidia0,2,blur,blur_hor,0.048316,default
nvidia0,3,blur,blur_ver,0.054453,default
nvidia0,3,blur,blur_hor,0.051637,default
nvidia0,4,blur,blur_ver,0.047852,default
nvidia0,4,blur,blur_hor,0.049755,default
nvidia0,0,mandelbrot,mandelGPU,0.920457,default
nvidia0,1,mandelbrot,mandelGPU,0.051739,default
nvidia0,2,mandelbrot,mandelGPU,0.051335,default
nvidia0,3,mandelbrot,mandelGPU,0.051072,default
nvidia0,4,mandelbrot,mandelGPU,0.054284,default
nvidia0,0,mbdemo,mandelbrot,0.797548000000012,default
nvidia0,1,mbdemo,mandelbrot,0.0548200000000006,default
nvidia0,2,mbdemo,mandelbrot,0.0536740000000006,default
nvidia0,3,mbdemo,mandelbrot,0.0541460000000007,default
nvidia0,4,mbdemo,mandelbrot,0.0550690000000006,default
nvidia0,0,mmul,fmma,0.805459,default
nvidia0,1,mmul,fmma,0.046276,default
nvidia0,2,mmul,fmma,0.052649,default
nvidia0,3,mmul,fmma,0.045677,default
nvidia0,4,mmul,fmma,0.053136,default
nvidia0,0,nas-cg,conj_grad_6,0.058725,default
nvidia0,0,nas-cg,main_0,0.051488,default
nvidia0,0,nas-cg,makea_1,0.90663,default
nvidia0,0,nas-cg,conj_grad_1,0.953872,default
nvidia0,0,nas-cg,conj_grad_0,0.936911,default
nvidia0,0,nas-cg,makea_2,0.05016,default
nvidia0,0,nas-cg,conj_grad_3,0.952319000000006,default
nvidia0,0,nas-cg,makea_0,0.912803,default
nvidia0,0,nas-cg,makea_6,0.056809,default
nvidia0,0,nas-cg,main_3,0.996481,default
nvidia0,0,nas-cg,conj_grad_7,0.947519,default
nvidia0,0,nas-cg,init_mem_0,0.051505,default
nvidia0,0,nas-cg,main_2,0.956564,default
nvidia0,0,nas-cg,main_4,0.950319,default
nvidia0,0,nas-cg,makea_5,0.050788,default
nvidia0,0,nas-cg,conj_grad_5,0.952472000000002,default
nvidia0,0,nas-cg,makea_4,0.923981,default
nvidia0,0,nas-cg,conj_grad_4,0.964761000000005,default
nvidia0,0,nas-cg,makea_7,0.055629,default
nvidia0,0,nas-cg,makea_3,0.898867,default
nvidia0,0,nas-cg,main_1,0.054592,default
nvidia0,0,nas-cg,conj_grad_2,0.0571510000000003,default
nvidia0,0,nas-cg,init_mem_1,0.054789,default
nvidia0,1,nas-cg,conj_grad_6,0.048969,default
nvidia0,1,nas-cg,main_0,0.051667,default
nvidia0,1,nas-cg,makea_1,0.052173,default
nvidia0,1,nas-cg,conj_grad_1,0.872965,default
nvidia0,1,nas-cg,conj_grad_0,0.87946,default
nvidia0,1,nas-cg,makea_2,0.048131,default
nvidia0,1,nas-cg,conj_grad_3,0.940119000000005,default
nvidia0,1,nas-cg,makea_0,0.047374,default
nvidia0,1,nas-cg,makea_6,0.050516,default
nvidia0,1,nas-cg,main_3,0.051847,default
nvidia0,1,nas-cg,conj_grad_7,0.054967,default
nvidia0,1,nas-cg,init_mem_0,0.050182,default
nvidia0,1,nas-cg,main_2,0.050053,default
nvidia0,1,nas-cg,main_4,0.055378,default
nvidia0,1,nas-cg,makea_5,0.052578,default
nvidia0,1,nas-cg,conj_grad_5,0.051264,default
nvidia0,1,nas-cg,makea_4,0.05762,default
nvidia0,1,nas-cg,conj_grad_4,0.952035000000002,default
nvidia0,1,nas-cg,makea_7,0.050738,default
nvidia0,1,nas-cg,makea_3,0.047625,default
nvidia0,1,nas-cg,main_1,0.048996,default
nvidia0,1,nas-cg,conj_grad_2,0.0543090000000003,default
nvidia0,1,nas-cg,init_mem_1,0.048012,default
nvidia0,2,nas-cg,conj_grad_6,0.051209,default
nvidia0,2,nas-cg,main_0,0.049992,default
nvidia0,2,nas-cg,makea_1,0.051303,default
nvidia0,2,nas-cg,conj_grad_1,0.052496,default
nvidia0,2,nas-cg,conj_grad_0,0.051962,default
nvidia0,2,nas-cg,makea_2,0.049208,default
nvidia0,2,nas-cg,conj_grad_3,0.875159000000002,default
nvidia0,2,nas-cg,makea_0,0.048382,default
nvidia0,2,nas-cg,makea_6,0.04912,default
nvidia0,2,nas-cg,main_3,0.050359,default
nvidia0,2,nas-cg,conj_grad_7,0.054708,default
nvidia0,2,nas-cg,init_mem_0,0.052695,default
nvidia0,2,nas-cg,main_2,0.048555,default
nvidia0,2,nas-cg,main_4,0.056226,default
nvidia0,2,nas-cg,makea_5,0.047922,default
nvidia0,2,nas-cg,conj_grad_5,0.053557,default
nvidia0,2,nas-cg,makea_4,0.051929,default
nvidia0,2,nas-cg,conj_grad_4,0.883918000000002,default
nvidia0,2,nas-cg,makea_7,0.051347,default
nvidia0,2,nas-cg,makea_3,0.046935,default
nvidia0,2,nas-cg,main_1,0.048314,default
nvidia0,2,nas-cg,conj_grad_2,0.0487330000000002,default
nvidia0,2,nas-cg,init_mem_1,0.050563,default
nvidia0,3,nas-cg,conj_grad_6,0.049761,default
nvidia0,3,nas-cg,main_0,0.047118,default
nvidia0,3,nas-cg,makea_1,0.053037,default
nvidia0,3,nas-cg,conj_grad_1,0.047497,default
nvidia0,3,nas-cg,conj_grad_0,0.047508,default
nvidia0,3,nas-cg,makea_2,0.048031,default
nvidia0,3,nas-cg,conj_grad_3,0.0520900000000001,default
nvidia0,3,nas-cg,makea_0,0.048189,default
nvidia0,3,nas-cg,makea_6,0.0477,default
nvidia0,3,nas-cg,main_3,0.047981,default
nvidia0,3,nas-cg,conj_grad_7,0.048698,default
nvidia0,3,nas-cg,init_mem_0,0.050616,default
nvidia0,3,nas-cg,main_2,0.048031,default
nvidia0,3,nas-cg,main_4,0.046935,default
nvidia0,3,nas-cg,makea_5,0.048894,default
nvidia0,3,nas-cg,conj_grad_5,0.0482020000000001,default
nvidia0,3,nas-cg,makea_4,0.051899,default
nvidia0,3,nas-cg,conj_grad_4,0.0506970000000002,default
nvidia0,3,nas-cg,makea_7,0.046547,default
nvidia0,3,nas-cg,makea_3,0.048729,default
nvidia0,3,nas-cg,main_1,0.04762,default
nvidia0,3,nas-cg,conj_grad_2,0.0487070000000002,default
nvidia0,3,nas-cg,init_mem_1,0.049294,default
nvidia0,4,nas-cg,conj_grad_6,0.049949,default
nvidia0,4,nas-cg,main_0,0.049147,default
nvidia0,4,nas-cg,makea_1,0.057732,default
nvidia0,4,nas-cg,conj_grad_1,0.047764,default
nvidia0,4,nas-cg,conj_grad_0,0.047605,default
nvidia0,4,nas-cg,makea_2,0.050725,default
nvidia0,4,nas-cg,conj_grad_3,0.0482340000000002,default
nvidia0,4,nas-cg,makea_0,0.049531,default
nvidia0,4,nas-cg,makea_6,0.047223,default
nvidia0,4,nas-cg,main_3,0.051418,default
nvidia0,4,nas-cg,conj_grad_7,0.050996,default
nvidia0,4,nas-cg,init_mem_0,0.047658,default
nvidia0,4,nas-cg,main_2,0.047445,default
nvidia0,4,nas-cg,main_4,0.04877,default
nvidia0,4,nas-cg,makea_5,0.048894,default
nvidia0,4,nas-cg,conj_grad_5,0.0479130000000001,default
nvidia0,4,nas-cg,makea_4,0.050487,default
nvidia0,4,nas-cg,conj_grad_4,0.0483500000000001,default
nvidia0,4,nas-cg,makea_7,0.051488,default
nvidia0,4,nas-cg,makea_3,0.050811,default
nvidia0,4,nas-cg,main_1,0.047106,default
nvidia0,4,nas-cg,conj_grad_2,0.0475950000000003,default
nvidia0,4,nas-cg,init_mem_1,0.048596,default
nvidia0,0,nas-is,full_verify0,0.053018,default
nvidia0,0,nas-is,rank2,0.874626,default
nvidia0,0,nas-is,full_verify1,0.05434,default
nvidia0,0,nas-is,rank3_1,0.880348,default
nvidia0,0,nas-is,rank3_0,0.051622,default
nvidia0,0,nas-is,full_verify2,0.050508,default
nvidia0,0,nas-is,rank3_2,0.051136,default
nvidia0,0,nas-is,rank4,0.889101,default
nvidia0,0,nas-is,rank0,0.873197,default
nvidia0,0,nas-is,rank1,0.056088,default
nvidia0,0,nas-is,create_seq,0.870873,default
nvidia0,1,nas-is,full_verify0,0.053161,default
nvidia0,1,nas-is,rank2,0.054021,default
nvidia0,1,nas-is,full_verify1,0.051916,default
nvidia0,1,nas-is,rank3_1,0.048169,default
nvidia0,1,nas-is,rank3_0,0.050535,default
nvidia0,1,nas-is,full_verify2,0.053379,default
nvidia0,1,nas-is,rank3_2,0.055129,default
nvidia0,1,nas-is,rank4,0.049493,default
nvidia0,1,nas-is,rank0,0.047672,default
nvidia0,1,nas-is,rank1,0.047491,default
nvidia0,1,nas-is,create_seq,0.047926,default
nvidia0,2,nas-is,full_verify0,0.054666,default
nvidia0,2,nas-is,rank2,0.048549,default
nvidia0,2,nas-is,full_verify1,0.053436,default
nvidia0,2,nas-is,rank3_1,0.048286,default
nvidia0,2,nas-is,rank3_0,0.047743,default
nvidia0,2,nas-is,full_verify2,0.052263,default
nvidia0,2,nas-is,rank3_2,0.04894,default
nvidia0,2,nas-is,rank4,0.054541,default
nvidia0,2,nas-is,rank0,0.04958,default
nvidia0,2,nas-is,rank1,0.055271,default
nvidia0,2,nas-is,create_seq,0.052669,default
nvidia0,3,nas-is,full_verify0,0.052434,default
nvidia0,3,nas-is,rank2,0.048299,default
nvidia0,3,nas-is,full_verify1,0.051687,default
nvidia0,3,nas-is,rank3_1,0.047298,default
nvidia0,3,nas-is,rank3_0,0.046862,default
nvidia0,3,nas-is,full_verify2,0.052292,default
nvidia0,3,nas-is,rank3_2,0.047596,default
nvidia0,3,nas-is,rank4,0.047388,default
nvidia0,3,nas-is,rank0,0.049506,default
nvidia0,3,nas-is,rank1,0.049631,default
nvidia0,3,nas-is,create_seq,0.051058,default
nvidia0,4,nas-is,full_verify0,0.050802,default
nvidia0,4,nas-is,rank2,0.047648,default
nvidia0,4,nas-is,full_verify1,0.047472,default
nvidia0,4,nas-is,rank3_1,0.05206,default
nvidia0,4,nas-is,rank3_0,0.046841,default
nvidia0,4,nas-is,full_verify2,0.047552,default
nvidia0,4,nas-is,rank3_2,0.049592,default
nvidia0,4,nas-is,rank4,0.050006,default
nvidia0,4,nas-is,rank0,0.050283,default
nvidia0,4,nas-is,rank1,0.048827,default
nvidia0,4,nas-is,create_seq,0.051472,default
nvidia0,0,nas-sp,error_norm,0.046867,default
nvidia0,0,nas-sp,compute_rhs4,0.0600960000000001,default
nvidia0,0,nas-sp,ninvr,0.062113,default
nvidia0,0,nas-sp,initialize2,0.047776,default
nvidia0,0,nas-sp,add,0.058484,default
nvidia0,0,nas-sp,tzetar,0.063079,default
nvidia0,0,nas-sp,exact_rhs5,0.047364,default
nvidia0,0,nas-sp,compute_rhs3,0.0600480000000001,default
nvidia0,0,nas-sp,z_solve,0.056233,default
nvidia0,0,nas-sp,x_solve,0.056193,default
nvidia0,0,nas-sp,txinvr,0.059311,default
nvidia0,0,nas-sp,initialize4,0.055017,default
nvidia0,0,nas-sp,rhs_norm,0.051244,default
nvidia0,0,nas-sp,exact_rhs3,0.050189,default
nvidia0,0,nas-sp,compute_rhs5,0.0617530000000001,default
nvidia0,0,nas-sp,exact_rhs2,0.051368,default
nvidia0,0,nas-sp,initialize3,0.047793,default
nvidia0,0,nas-sp,compute_rhs2,0.0586630000000001,default
nvidia0,0,nas-sp,compute_rhs6,0.0583930000000001,default
nvidia0,0,nas-sp,y_solve,0.060289,default
nvidia0,0,nas-sp,exact_rhs1,0.047933,default
nvidia0,0,nas-sp,pinvr,0.061326,default
nvidia0,0,nas-sp,exact_rhs4,0.050122,default
nvidia0,0,nas-sp,compute_rhs1,0.0569370000000001,default
nvidia0,0,nas-sp,initialize5,0.050504,default
nvidia0,0,nas-sp,initialize1,0.047896,default
nvidia0,1,nas-sp,error_norm,0.053092,default
nvidia0,1,nas-sp,compute_rhs4,0.0573980000000001,default
nvidia0,1,nas-sp,ninvr,0.059665,default
nvidia0,1,nas-sp,initialize2,0.049795,default
nvidia0,1,nas-sp,add,0.057314,default
nvidia0,1,nas-sp,tzetar,0.059283,default
nvidia0,1,nas-sp,exact_rhs5,0.052777,default
nvidia0,1,nas-sp,compute_rhs3,0.0623720000000001,default
nvidia0,1,nas-sp,z_solve,0.05895,default
nvidia0,1,nas-sp,x_solve,0.058432,default
nvidia0,1,nas-sp,txinvr,0.0609350000000001,default
nvidia0,1,nas-sp,initialize4,0.050582,default
nvidia0,1,nas-sp,rhs_norm,0.047494,default
nvidia0,1,nas-sp,exact_rhs3,0.047941,default
nvidia0,1,nas-sp,compute_rhs5,0.0606270000000001,default
nvidia0,1,nas-sp,exact_rhs2,0.047668,default
nvidia0,1,nas-sp,initialize3,0.047887,default
nvidia0,1,nas-sp,compute_rhs2,0.0584380000000001,default
nvidia0,1,nas-sp,compute_rhs6,0.0586480000000001,default
nvidia0,1,nas-sp,y_solve,0.057287,default
nvidia0,1,nas-sp,exact_rhs1,0.051239,default
nvidia0,1,nas-sp,pinvr,0.06198,default
nvidia0,1,nas-sp,exact_rhs4,0.048352,default
nvidia0,1,nas-sp,compute_rhs1,0.0625070000000001,default
nvidia0,1,nas-sp,initialize5,0.051413,default
nvidia0,1,nas-sp,initialize1,0.049079,default
nvidia0,2,nas-sp,error_norm,0.053201,default
nvidia0,2,nas-sp,compute_rhs4,0.0601310000000001,default
nvidia0,2,nas-sp,ninvr,0.057109,default
nvidia0,2,nas-sp,initialize2,0.046953,default
nvidia0,2,nas-sp,add,0.059313,default
nvidia0,2,nas-sp,tzetar,0.059255,default
nvidia0,2,nas-sp,exact_rhs5,0.049604,default
nvidia0,2,nas-sp,compute_rhs3,0.0612990000000001,default
nvidia0,2,nas-sp,z_solve,0.060145,default
nvidia0,2,nas-sp,x_solve,0.060309,default
nvidia0,2,nas-sp,txinvr,0.06163,default
nvidia0,2,nas-sp,initialize4,0.047019,default
nvidia0,2,nas-sp,rhs_norm,0.05471,default
nvidia0,2,nas-sp,exact_rhs3,0.048224,default
nvidia0,2,nas-sp,compute_rhs5,0.0601310000000001,default
nvidia0,2,nas-sp,exact_rhs2,0.049524,default
nvidia0,2,nas-sp,initialize3,0.048016,default
nvidia0,2,nas-sp,compute_rhs2,0.0597850000000001,default
nvidia0,2,nas-sp,compute_rhs6,0.0568220000000001,default
nvidia0,2,nas-sp,y_solve,0.057783,default
nvidia0,2,nas-sp,exact_rhs1,0.051032,default
nvidia0,2,nas-sp,pinvr,0.062954,default
nvidia0,2,nas-sp,exact_rhs4,0.052675,default
nvidia0,2,nas-sp,compute_rhs1,0.0562040000000001,default
nvidia0,2,nas-sp,initialize5,0.04859,default
nvidia0,2,nas-sp,initialize1,0.048825,default
nvidia0,3,nas-sp,error_norm,0.05213,default
nvidia0,3,nas-sp,compute_rhs4,0.0582700000000001,default
nvidia0,3,nas-sp,ninvr,0.062644,default
nvidia0,3,nas-sp,initialize2,0.048365,default
nvidia0,3,nas-sp,add,0.057938,default
nvidia0,3,nas-sp,tzetar,0.061549,default
nvidia0,3,nas-sp,exact_rhs5,0.051182,default
nvidia0,3,nas-sp,compute_rhs3,0.0623670000000001,default
nvidia0,3,nas-sp,z_solve,0.059975,default
nvidia0,3,nas-sp,x_solve,0.062286,default
nvidia0,3,nas-sp,txinvr,0.05574,default
nvidia0,3,nas-sp,initialize4,0.047916,default
nvidia0,3,nas-sp,rhs_norm,0.050069,default
nvidia0,3,nas-sp,exact_rhs3,0.048352,default
nvidia0,3,nas-sp,compute_rhs5,0.0599580000000001,default
nvidia0,3,nas-sp,exact_rhs2,0.047529,default
nvidia0,3,nas-sp,initialize3,0.046517,default
nvidia0,3,nas-sp,compute_rhs2,0.0589130000000001,default
nvidia0,3,nas-sp,compute_rhs6,0.0585310000000001,default
nvidia0,3,nas-sp,y_solve,0.058244,default
nvidia0,3,nas-sp,exact_rhs1,0.050013,default
nvidia0,3,nas-sp,pinvr,0.05839,default
nvidia0,3,nas-sp,exact_rhs4,0.051971,default
nvidia0,3,nas-sp,compute_rhs1,0.0562440000000001,default
nvidia0,3,nas-sp,initialize5,0.046845,default
nvidia0,3,nas-sp,initialize1,0.048935,default
nvidia0,4,nas-sp,error_norm,0.052148,default
nvidia0,4,nas-sp,compute_rhs4,0.0590300000000001,default
nvidia0,4,nas-sp,ninvr,0.060666,default
nvidia0,4,nas-sp,initialize2,0.048854,default
nvidia0,4,nas-sp,add,0.058863,default
nvidia0,4,nas-sp,tzetar,0.063077,default
nvidia0,4,nas-sp,exact_rhs5,0.048893,default
nvidia0,4,nas-sp,compute_rhs3,0.0622180000000001,default
nvidia0,4,nas-sp,z_solve,0.055713,default
nvidia0,4,nas-sp,x_solve,0.0582190000000001,default
nvidia0,4,nas-sp,txinvr,0.0618550000000001,default
nvidia0,4,nas-sp,initialize4,0.051135,default
nvidia0,4,nas-sp,rhs_norm,0.054076,default
nvidia0,4,nas-sp,exact_rhs3,0.050028,default
nvidia0,4,nas-sp,compute_rhs5,0.0630570000000001,default
nvidia0,4,nas-sp,exact_rhs2,0.052883,default
nvidia0,4,nas-sp,initialize3,0.051401,default
nvidia0,4,nas-sp,compute_rhs2,0.0545900000000001,default
nvidia0,4,nas-sp,compute_rhs6,0.0583160000000001,default
nvidia0,4,nas-sp,y_solve,0.057546,default
nvidia0,4,nas-sp,exact_rhs1,0.050101,default
nvidia0,4,nas-sp,pinvr,0.061553,default
nvidia0,4,nas-sp,exact_rhs4,0.048418,default
nvidia0,4,nas-sp,compute_rhs1,0.0582910000000001,default
nvidia0,4,nas-sp,initialize5,0.048806,default
nvidia0,4,nas-sp,initialize1,0.047084,default
nvidia0,0,nv-bs,BlackScholes,0.801294,default
nvidia0,1,nv-bs,BlackScholes,0.066061,default
nvidia0,2,nv-bs,BlackScholes,0.060858,default
nvidia0,3,nv-bs,BlackScholes,0.061761,default
nvidia0,4,nv-bs,BlackScholes,0.066738,default
nvidia0,0,nv-dct,DCT8x8,0.053883,default
nvidia0,1,nv-dct,DCT8x8,0.055661,default
nvidia0,2,nv-dct,DCT8x8,0.054855,default
nvidia0,3,nv-dct,DCT8x8,0.053243,default
nvidia0,4,nv-dct,DCT8x8,0.050945,default
nvidia0,0,nv-fdtd,FiniteDifferences,1.056508,default
nvidia0,1,nv-fdtd,FiniteDifferences,0.070239,default
nvidia0,2,nv-fdtd,FiniteDifferences,0.069091,default
nvidia0,3,nv-fdtd,FiniteDifferences,0.07051,default
nvidia0,4,nv-fdtd,FiniteDifferences,0.067625,default
nvidia0,0,particlefilter,find_index_kernel,0.052367,default
nvidia0,0,particlefilter,normalize_weights_kernel,0.049727,default
nvidia0,0,particlefilter,likelihood_kernel,0.053382,default
nvidia0,0,particlefilter,sum_kernel,0.055135,default
nvidia0,1,particlefilter,find_index_kernel,0.050862,default
nvidia0,1,particlefilter,normalize_weights_kernel,0.047781,default
nvidia0,1,particlefilter,likelihood_kernel,0.051203,default
nvidia0,1,particlefilter,sum_kernel,0.049942,default
nvidia0,2,particlefilter,find_index_kernel,0.05104,default
nvidia0,2,particlefilter,normalize_weights_kernel,0.048903,default
nvidia0,2,particlefilter,likelihood_kernel,0.055392,default
nvidia0,2,particlefilter,sum_kernel,0.05067,default
nvidia0,3,particlefilter,find_index_kernel,0.052139,default
nvidia0,3,particlefilter,normalize_weights_kernel,0.051008,default
nvidia0,3,particlefilter,likelihood_kernel,0.052821,default
nvidia0,3,particlefilter,sum_kernel,0.053752,default
nvidia0,4,particlefilter,find_index_kernel,0.052851,default
nvidia0,4,particlefilter,normalize_weights_kernel,0.051226,default
nvidia0,4,particlefilter,likelihood_kernel,0.050232,default
nvidia0,4,particlefilter,sum_kernel,0.054989,default
nvidia1,0,blur,blur_ver,0.817145,default-unroll
nvidia1,0,blur,blur_hor,0.822716,default-unroll
nvidia1,1,blur,blur_ver,0.050463,default-unroll
nvidia1,1,blur,blur_hor,0.04711,default-unroll
nvidia1,2,blur,blur_ver,0.050576,default-unroll
nvidia1,2,blur,blur_hor,0.048276,default-unroll
nvidia1,3,blur,blur_ver,0.050788,default-unroll
nvidia1,3,blur,blur_hor,0.047479,default-unroll
nvidia1,4,blur,blur_ver,0.050536,default-unroll
nvidia1,4,blur,blur_hor,0.046702,default-unroll
nvidia1,0,mandelbrot,mandelGPU,0.937852,default-unroll
nvidia1,1,mandelbrot,mandelGPU,0.053814,default-unroll
nvidia1,2,mandelbrot,mandelGPU,0.049252,default-unroll
nvidia1,3,mandelbrot,mandelGPU,0.050964,default-unroll
nvidia1,4,mandelbrot,mandelGPU,0.054767,default-unroll
nvidia1,0,mbdemo,mandelbrot,0.795625000000002,default-unroll
nvidia1,1,mbdemo,mandelbrot,0.0512120000000006,default-unroll
nvidia1,2,mbdemo,mandelbrot,0.0499180000000007,default-unroll
nvidia1,3,mbdemo,mandelbrot,0.0512070000000007,default-unroll
nvidia1,4,mbdemo,mandelbrot,0.0486560000000008,default-unroll
nvidia1,0,mmul,fmma,0.046646,default-unroll
nvidia1,1,mmul,fmma,0.046443,default-unroll
nvidia1,2,mmul,fmma,0.048604,default-unroll
nvidia1,3,mmul,fmma,0.046798,default-unroll
nvidia1,4,mmul,fmma,0.046205,default-unroll
nvidia1,0,nas-cg,conj_grad_6,0.055837,default-unroll
nvidia1,0,nas-cg,main_0,0.050349,default-unroll
nvidia1,0,nas-cg,makea_1,0.04903,default-unroll
nvidia1,0,nas-cg,conj_grad_1,0.047913,default-unroll
nvidia1,0,nas-cg,conj_grad_0,0.048499,default-unroll
nvidia1,0,nas-cg,makea_2,0.051952,default-unroll
nvidia1,0,nas-cg,conj_grad_3,0.0519940000000001,default-unroll
nvidia1,0,nas-cg,makea_0,0.052253,default-unroll
nvidia1,0,nas-cg,makea_6,0.046675,default-unroll
nvidia1,0,nas-cg,main_3,0.112617,default-unroll
nvidia1,0,nas-cg,conj_grad_7,0.121488,default-unroll
nvidia1,0,nas-cg,init_mem_0,0.052621,default-unroll
nvidia1,0,nas-cg,main_2,0.047174,default-unroll
nvidia1,0,nas-cg,main_4,0.052823,default-unroll
nvidia1,0,nas-cg,makea_5,0.047676,default-unroll
nvidia1,0,nas-cg,conj_grad_5,0.877991000000001,default-unroll
nvidia1,0,nas-cg,makea_4,0.047726,default-unroll
nvidia1,0,nas-cg,conj_grad_4,0.115662,default-unroll
nvidia1,0,nas-cg,makea_7,0.051107,default-unroll
nvidia1,0,nas-cg,makea_3,0.051671,default-unroll
nvidia1,0,nas-cg,main_1,0.049071,default-unroll
nvidia1,0,nas-cg,conj_grad_2,0.0486690000000002,default-unroll
nvidia1,0,nas-cg,init_mem_1,0.047863,default-unroll
nvidia1,1,nas-cg,conj_grad_6,0.049659,default-unroll
nvidia1,1,nas-cg,main_0,0.049202,default-unroll
nvidia1,1,nas-cg,makea_1,0.052584,default-unroll
nvidia1,1,nas-cg,conj_grad_1,0.047857,default-unroll
nvidia1,1,nas-cg,conj_grad_0,0.048005,default-unroll
nvidia1,1,nas-cg,makea_2,0.048195,default-unroll
nvidia1,1,nas-cg,conj_grad_3,0.0501490000000002,default-unroll
nvidia1,1,nas-cg,makea_0,0.04799,default-unroll
nvidia1,1,nas-cg,makea_6,0.047643,default-unroll
nvidia1,1,nas-cg,main_3,0.047999,default-unroll
nvidia1,1,nas-cg,conj_grad_7,0.047471,default-unroll
nvidia1,1,nas-cg,init_mem_0,0.052032,default-unroll
nvidia1,1,nas-cg,main_2,0.047495,default-unroll
nvidia1,1,nas-cg,main_4,0.047642,default-unroll
nvidia1,1,nas-cg,makea_5,0.050533,default-unroll
nvidia1,1,nas-cg,conj_grad_5,0.0481900000000001,default-unroll
nvidia1,1,nas-cg,makea_4,0.051789,default-unroll
nvidia1,1,nas-cg,conj_grad_4,0.0493000000000001,default-unroll
nvidia1,1,nas-cg,makea_7,0.052909,default-unroll
nvidia1,1,nas-cg,makea_3,0.047791,default-unroll
nvidia1,1,nas-cg,main_1,0.049887,default-unroll
nvidia1,1,nas-cg,conj_grad_2,0.0525220000000003,default-unroll
nvidia1,1,nas-cg,init_mem_1,0.047393,default-unroll
nvidia1,2,nas-cg,conj_grad_6,0.047478,default-unroll
nvidia1,2,nas-cg,main_0,0.046639,default-unroll
nvidia1,2,nas-cg,makea_1,0.052655,default-unroll
nvidia1,2,nas-cg,conj_grad_1,0.046741,default-unroll
nvidia1,2,nas-cg,conj_grad_0,0.049634,default-unroll
nvidia1,2,nas-cg,makea_2,0.047558,default-unroll
nvidia1,2,nas-cg,conj_grad_3,0.0540920000000002,default-unroll
nvidia1,2,nas-cg,makea_0,0.046867,default-unroll
nvidia1,2,nas-cg,makea_6,0.052688,default-unroll
nvidia1,2,nas-cg,main_3,0.04875,default-unroll
nvidia1,2,nas-cg,conj_grad_7,0.047603,default-unroll
nvidia1,2,nas-cg,init_mem_0,0.050963,default-unroll
nvidia1,2,nas-cg,main_2,0.049423,default-unroll
nvidia1,2,nas-cg,main_4,0.047512,default-unroll
nvidia1,2,nas-cg,makea_5,0.0623,default-unroll
nvidia1,2,nas-cg,conj_grad_5,0.0496070000000001,default-unroll
nvidia1,2,nas-cg,makea_4,0.049528,default-unroll
nvidia1,2,nas-cg,conj_grad_4,0.0514750000000002,default-unroll
nvidia1,2,nas-cg,makea_7,0.049725,default-unroll
nvidia1,2,nas-cg,makea_3,0.04864,default-unroll
nvidia1,2,nas-cg,main_1,0.05508,default-unroll
nvidia1,2,nas-cg,conj_grad_2,0.0500850000000003,default-unroll
nvidia1,2,nas-cg,init_mem_1,0.049523,default-unroll
nvidia1,3,nas-cg,conj_grad_6,0.052097,default-unroll
nvidia1,3,nas-cg,main_0,0.050394,default-unroll
nvidia1,3,nas-cg,makea_1,0.051604,default-unroll
nvidia1,3,nas-cg,conj_grad_1,0.059446,default-unroll
nvidia1,3,nas-cg,conj_grad_0,0.054112,default-unroll
nvidia1,3,nas-cg,makea_2,0.048403,default-unroll
nvidia1,3,nas-cg,conj_grad_3,0.0495790000000001,default-unroll
nvidia1,3,nas-cg,makea_0,0.048615,default-unroll
nvidia1,3,nas-cg,makea_6,0.049541,default-unroll
nvidia1,3,nas-cg,main_3,0.055368,default-unroll
nvidia1,3,nas-cg,conj_grad_7,0.04978,default-unroll
nvidia1,3,nas-cg,init_mem_0,0.052735,default-unroll
nvidia1,3,nas-cg,main_2,0.049315,default-unroll
nvidia1,3,nas-cg,main_4,0.048616,default-unroll
nvidia1,3,nas-cg,makea_5,0.046284,default-unroll
nvidia1,3,nas-cg,conj_grad_5,0.053025,default-unroll
nvidia1,3,nas-cg,makea_4,0.047819,default-unroll
nvidia1,3,nas-cg,conj_grad_4,0.047911,default-unroll
nvidia1,3,nas-cg,makea_7,0.05042,default-unroll
nvidia1,3,nas-cg,makea_3,0.047511,default-unroll
nvidia1,3,nas-cg,main_1,0.047436,default-unroll
nvidia1,3,nas-cg,conj_grad_2,0.0509260000000002,default-unroll
nvidia1,3,nas-cg,init_mem_1,0.046934,default-unroll
nvidia1,4,nas-cg,conj_grad_6,0.049979,default-unroll
nvidia1,4,nas-cg,main_0,0.049709,default-unroll
nvidia1,4,nas-cg,makea_1,0.052398,default-unroll
nvidia1,4,nas-cg,conj_grad_1,0.049691,default-unroll
nvidia1,4,nas-cg,conj_grad_0,0.047242,default-unroll
nvidia1,4,nas-cg,makea_2,0.0468,default-unroll
nvidia1,4,nas-cg,conj_grad_3,0.0529330000000002,default-unroll
nvidia1,4,nas-cg,makea_0,0.048848,default-unroll
nvidia1,4,nas-cg,makea_6,0.051398,default-unroll
nvidia1,4,nas-cg,main_3,0.051734,default-unroll
nvidia1,4,nas-cg,conj_grad_7,0.052836,default-unroll
nvidia1,4,nas-cg,init_mem_0,0.052229,default-unroll
nvidia1,4,nas-cg,main_2,0.051112,default-unroll
nvidia1,4,nas-cg,main_4,0.049065,default-unroll
nvidia1,4,nas-cg,makea_5,0.053025,default-unroll
nvidia1,4,nas-cg,conj_grad_5,0.0485990000000002,default-unroll
nvidia1,4,nas-cg,makea_4,0.050051,default-unroll
nvidia1,4,nas-cg,conj_grad_4,0.0505720000000002,default-unroll
nvidia1,4,nas-cg,makea_7,0.053381,default-unroll
nvidia1,4,nas-cg,makea_3,0.048626,default-unroll
nvidia1,4,nas-cg,main_1,0.054019,default-unroll
nvidia1,4,nas-cg,conj_grad_2,0.0516790000000003,default-unroll
nvidia1,4,nas-cg,init_mem_1,0.049004,default-unroll
nvidia1,0,nas-is,full_verify0,0.051297,default-unroll
nvidia1,0,nas-is,rank2,0.857047,default-unroll
nvidia1,0,nas-is,full_verify1,0.052751,default-unroll
nvidia1,0,nas-is,rank3_1,0.054718,default-unroll
nvidia1,0,nas-is,rank3_0,0.052233,default-unroll
nvidia1,0,nas-is,full_verify2,0.050408,default-unroll
nvidia1,0,nas-is,rank3_2,0.051251,default-unroll
nvidia1,0,nas-is,rank4,0.048606,default-unroll
nvidia1,0,nas-is,rank0,0.051764,default-unroll
nvidia1,0,nas-is,rank1,0.047177,default-unroll
nvidia1,0,nas-is,create_seq,0.053555,default-unroll
nvidia1,1,nas-is,full_verify0,0.050932,default-unroll
nvidia1,1,nas-is,rank2,0.048837,default-unroll
nvidia1,1,nas-is,full_verify1,0.051614,default-unroll
nvidia1,1,nas-is,rank3_1,0.052579,default-unroll
nvidia1,1,nas-is,rank3_0,0.05143,default-unroll
nvidia1,1,nas-is,full_verify2,0.053671,default-unroll
nvidia1,1,nas-is,rank3_2,0.047147,default-unroll
nvidia1,1,nas-is,rank4,0.048399,default-unroll
nvidia1,1,nas-is,rank0,0.046565,default-unroll
nvidia1,1,nas-is,rank1,0.048187,default-unroll
nvidia1,1,nas-is,create_seq,0.04789,default-unroll
nvidia1,2,nas-is,full_verify0,0.050933,default-unroll
nvidia1,2,nas-is,rank2,0.048205,default-unroll
nvidia1,2,nas-is,full_verify1,0.053927,default-unroll
nvidia1,2,nas-is,rank3_1,0.050855,default-unroll
nvidia1,2,nas-is,rank3_0,0.053313,default-unroll
nvidia1,2,nas-is,full_verify2,0.051766,default-unroll
nvidia1,2,nas-is,rank3_2,0.047575,default-unroll
nvidia1,2,nas-is,rank4,0.047579,default-unroll
nvidia1,2,nas-is,rank0,0.049039,default-unroll
nvidia1,2,nas-is,rank1,0.046733,default-unroll
nvidia1,2,nas-is,create_seq,0.047594,default-unroll
nvidia1,3,nas-is,full_verify0,0.054218,default-unroll
nvidia1,3,nas-is,rank2,0.049981,default-unroll
nvidia1,3,nas-is,full_verify1,0.053645,default-unroll
nvidia1,3,nas-is,rank3_1,0.05027,default-unroll
nvidia1,3,nas-is,rank3_0,0.054941,default-unroll
nvidia1,3,nas-is,full_verify2,0.05135,default-unroll
nvidia1,3,nas-is,rank3_2,0.054859,default-unroll
nvidia1,3,nas-is,rank4,0.050146,default-unroll
nvidia1,3,nas-is,rank0,0.047397,default-unroll
nvidia1,3,nas-is,rank1,0.055014,default-unroll
nvidia1,3,nas-is,create_seq,0.048403,default-unroll
nvidia1,4,nas-is,full_verify0,0.052029,default-unroll
nvidia1,4,nas-is,rank2,0.047239,default-unroll
nvidia1,4,nas-is,full_verify1,0.053658,default-unroll
nvidia1,4,nas-is,rank3_1,0.048718,default-unroll
nvidia1,4,nas-is,rank3_0,0.054758,default-unroll
nvidia1,4,nas-is,full_verify2,0.05181,default-unroll
nvidia1,4,nas-is,rank3_2,0.050092,default-unroll
nvidia1,4,nas-is,rank4,0.047163,default-unroll
nvidia1,4,nas-is,rank0,0.046846,default-unroll
nvidia1,4,nas-is,rank1,0.047112,default-unroll
nvidia1,4,nas-is,create_seq,0.048533,default-unroll
nvidia1,0,nas-sp,error_norm,0.054884,default-unroll
nvidia1,0,nas-sp,compute_rhs4,0.0594260000000001,default-unroll
nvidia1,0,nas-sp,ninvr,0.059868,default-unroll
nvidia1,0,nas-sp,initialize2,0.047347,default-unroll
nvidia1,0,nas-sp,add,0.054921,default-unroll
nvidia1,0,nas-sp,tzetar,0.059795,default-unroll
nvidia1,0,nas-sp,exact_rhs5,0.050369,default-unroll
nvidia1,0,nas-sp,compute_rhs3,0.0613520000000001,default-unroll
nvidia1,0,nas-sp,z_solve,0.061473,default-unroll
nvidia1,0,nas-sp,x_solve,0.061768,default-unroll
nvidia1,0,nas-sp,txinvr,0.060422,default-unroll
nvidia1,0,nas-sp,initialize4,0.047551,default-unroll
nvidia1,0,nas-sp,rhs_norm,0.048878,default-unroll
nvidia1,0,nas-sp,exact_rhs3,0.048849,default-unroll
nvidia1,0,nas-sp,compute_rhs5,0.0579650000000001,default-unroll
nvidia1,0,nas-sp,exact_rhs2,0.049237,default-unroll
nvidia1,0,nas-sp,initialize3,0.047337,default-unroll
nvidia1,0,nas-sp,compute_rhs2,0.0599400000000001,default-unroll
nvidia1,0,nas-sp,compute_rhs6,0.0574520000000001,default-unroll
nvidia1,0,nas-sp,y_solve,0.057411,default-unroll
nvidia1,0,nas-sp,exact_rhs1,0.051263,default-unroll
nvidia1,0,nas-sp,pinvr,0.058334,default-unroll
nvidia1,0,nas-sp,exact_rhs4,0.052315,default-unroll
nvidia1,0,nas-sp,compute_rhs1,0.0560740000000001,default-unroll
nvidia1,0,nas-sp,initialize5,0.048531,default-unroll
nvidia1,0,nas-sp,initialize1,0.047533,default-unroll
nvidia1,1,nas-sp,error_norm,0.052191,default-unroll
nvidia1,1,nas-sp,compute_rhs4,0.0599420000000001,default-unroll
nvidia1,1,nas-sp,ninvr,0.060306,default-unroll
nvidia1,1,nas-sp,initialize2,0.046873,default-unroll
nvidia1,1,nas-sp,add,0.059307,default-unroll
nvidia1,1,nas-sp,tzetar,0.058171,default-unroll
nvidia1,1,nas-sp,exact_rhs5,0.049944,default-unroll
nvidia1,1,nas-sp,compute_rhs3,0.0606720000000001,default-unroll
nvidia1,1,nas-sp,z_solve,0.060399,default-unroll
nvidia1,1,nas-sp,x_solve,0.058661,default-unroll
nvidia1,1,nas-sp,txinvr,0.0597110000000001,default-unroll
nvidia1,1,nas-sp,initialize4,0.047101,default-unroll
nvidia1,1,nas-sp,rhs_norm,0.053928,default-unroll
nvidia1,1,nas-sp,exact_rhs3,0.048733,default-unroll
nvidia1,1,nas-sp,compute_rhs5,0.0594470000000001,default-unroll
nvidia1,1,nas-sp,exact_rhs2,0.049133,default-unroll
nvidia1,1,nas-sp,initialize3,0.04887,default-unroll
nvidia1,1,nas-sp,compute_rhs2,0.0588750000000001,default-unroll
nvidia1,1,nas-sp,compute_rhs6,0.0600250000000001,default-unroll
nvidia1,1,nas-sp,y_solve,0.056861,default-unroll
nvidia1,1,nas-sp,exact_rhs1,0.047903,default-unroll
nvidia1,1,nas-sp,pinvr,0.061845,default-unroll
nvidia1,1,nas-sp,exact_rhs4,0.052921,default-unroll
nvidia1,1,nas-sp,compute_rhs1,0.0565380000000001,default-unroll
nvidia1,1,nas-sp,initialize5,0.048614,default-unroll
nvidia1,1,nas-sp,initialize1,0.04761,default-unroll
nvidia1,2,nas-sp,error_norm,0.052487,default-unroll
nvidia1,2,nas-sp,compute_rhs4,0.0615240000000001,default-unroll
nvidia1,2,nas-sp,ninvr,0.0613940000000001,default-unroll
nvidia1,2,nas-sp,initialize2,0.047532,default-unroll
nvidia1,2,nas-sp,add,0.060531,default-unroll
nvidia1,2,nas-sp,tzetar,0.059916,default-unroll
nvidia1,2,nas-sp,exact_rhs5,0.048459,default-unroll
nvidia1,2,nas-sp,compute_rhs3,0.0609720000000001,default-unroll
nvidia1,2,nas-sp,z_solve,0.058468,default-unroll
nvidia1,2,nas-sp,x_solve,0.0807300000000001,default-unroll
nvidia1,2,nas-sp,txinvr,0.0588630000000001,default-unroll
nvidia1,2,nas-sp,initialize4,0.047072,default-unroll
nvidia1,2,nas-sp,rhs_norm,0.054024,default-unroll
nvidia1,2,nas-sp,exact_rhs3,0.051791,default-unroll
nvidia1,2,nas-sp,compute_rhs5,0.0592880000000001,default-unroll
nvidia1,2,nas-sp,exact_rhs2,0.049407,default-unroll
nvidia1,2,nas-sp,initialize3,0.047365,default-unroll
nvidia1,2,nas-sp,compute_rhs2,0.0573410000000001,default-unroll
nvidia1,2,nas-sp,compute_rhs6,0.0585000000000001,default-unroll
nvidia1,2,nas-sp,y_solve,0.061691,default-unroll
nvidia1,2,nas-sp,exact_rhs1,0.048383,default-unroll
nvidia1,2,nas-sp,pinvr,0.060042,default-unroll
nvidia1,2,nas-sp,exact_rhs4,0.051568,default-unroll
nvidia1,2,nas-sp,compute_rhs1,0.0578600000000001,default-unroll
nvidia1,2,nas-sp,initialize5,0.048242,default-unroll
nvidia1,2,nas-sp,initialize1,0.047653,default-unroll
nvidia1,3,nas-sp,error_norm,0.051319,default-unroll
nvidia1,3,nas-sp,compute_rhs4,0.0597900000000001,default-unroll
nvidia1,3,nas-sp,ninvr,0.061564,default-unroll
nvidia1,3,nas-sp,initialize2,0.047528,default-unroll
nvidia1,3,nas-sp,add,0.05865,default-unroll
nvidia1,3,nas-sp,tzetar,0.0617,default-unroll
nvidia1,3,nas-sp,exact_rhs5,0.049548,default-unroll
nvidia1,3,nas-sp,compute_rhs3,0.0611410000000001,default-unroll
nvidia1,3,nas-sp,z_solve,0.057431,default-unroll
nvidia1,3,nas-sp,x_solve,0.06283,default-unroll
nvidia1,3,nas-sp,txinvr,0.0681080000000001,default-unroll
nvidia1,3,nas-sp,initialize4,0.053263,default-unroll
nvidia1,3,nas-sp,rhs_norm,0.053228,default-unroll
nvidia1,3,nas-sp,exact_rhs3,0.047284,default-unroll
nvidia1,3,nas-sp,compute_rhs5,0.0593610000000001,default-unroll
nvidia1,3,nas-sp,exact_rhs2,0.048061,default-unroll
nvidia1,3,nas-sp,initialize3,0.047258,default-unroll
nvidia1,3,nas-sp,compute_rhs2,0.0603520000000001,default-unroll
nvidia1,3,nas-sp,compute_rhs6,0.0590640000000001,default-unroll
nvidia1,3,nas-sp,y_solve,0.057737,default-unroll
nvidia1,3,nas-sp,exact_rhs1,0.048858,default-unroll
nvidia1,3,nas-sp,pinvr,0.061156,default-unroll
nvidia1,3,nas-sp,exact_rhs4,0.054408,default-unroll
nvidia1,3,nas-sp,compute_rhs1,0.0579380000000001,default-unroll
nvidia1,3,nas-sp,initialize5,0.05283,default-unroll
nvidia1,3,nas-sp,initialize1,0.048055,default-unroll
nvidia1,4,nas-sp,error_norm,0.053999,default-unroll
nvidia1,4,nas-sp,compute_rhs4,0.0605940000000001,default-unroll
nvidia1,4,nas-sp,ninvr,0.060853,default-unroll
nvidia1,4,nas-sp,initialize2,0.048915,default-unroll
nvidia1,4,nas-sp,add,0.059326,default-unroll
nvidia1,4,nas-sp,tzetar,0.066595,default-unroll
nvidia1,4,nas-sp,exact_rhs5,0.051143,default-unroll
nvidia1,4,nas-sp,compute_rhs3,0.0590560000000001,default-unroll
nvidia1,4,nas-sp,z_solve,0.062979,default-unroll
nvidia1,4,nas-sp,x_solve,0.061794,default-unroll
nvidia1,4,nas-sp,txinvr,0.0634810000000001,default-unroll
nvidia1,4,nas-sp,initialize4,0.0559,default-unroll
nvidia1,4,nas-sp,rhs_norm,0.049345,default-unroll
nvidia1,4,nas-sp,exact_rhs3,0.049646,default-unroll
nvidia1,4,nas-sp,compute_rhs5,0.0608650000000001,default-unroll
nvidia1,4,nas-sp,exact_rhs2,0.05079,default-unroll
nvidia1,4,nas-sp,initialize3,0.047209,default-unroll
nvidia1,4,nas-sp,compute_rhs2,0.0585440000000001,default-unroll
nvidia1,4,nas-sp,compute_rhs6,0.0532860000000001,default-unroll
nvidia1,4,nas-sp,y_solve,0.062454,default-unroll
nvidia1,4,nas-sp,exact_rhs1,0.054076,default-unroll
nvidia1,4,nas-sp,pinvr,0.064696,default-unroll
nvidia1,4,nas-sp,exact_rhs4,0.052282,default-unroll
nvidia1,4,nas-sp,compute_rhs1,0.0588700000000001,default-unroll
nvidia1,4,nas-sp,initialize5,0.049815,default-unroll
nvidia1,4,nas-sp,initialize1,0.047109,default-unroll
nvidia1,0,nv-bs,BlackScholes,0.826678,default-unroll
nvidia1,1,nv-bs,BlackScholes,0.058923,default-unroll
nvidia1,2,nv-bs,BlackScholes,0.06576,default-unroll
nvidia1,3,nv-bs,BlackScholes,0.060704,default-unroll
nvidia1,4,nv-bs,BlackScholes,0.062372,default-unroll
nvidia1,0,nv-dct,DCT8x8,0.053366,default-unroll
nvidia1,1,nv-dct,DCT8x8,0.052622,default-unroll
nvidia1,2,nv-dct,DCT8x8,0.051456,default-unroll
nvidia1,3,nv-dct,DCT8x8,0.053192,default-unroll
nvidia1,4,nv-dct,DCT8x8,0.051818,default-unroll
nvidia1,0,nv-fdtd,FiniteDifferences,1.083932,default-unroll
nvidia1,1,nv-fdtd,FiniteDifferences,0.072353,default-unroll
nvidia1,2,nv-fdtd,FiniteDifferences,0.071918,default-unroll
nvidia1,3,nv-fdtd,FiniteDifferences,0.069843,default-unroll
nvidia1,4,nv-fdtd,FiniteDifferences,0.075098,default-unroll
nvidia1,0,particlefilter,find_index_kernel,0.05175,default-unroll
nvidia1,0,particlefilter,normalize_weights_kernel,0.050622,default-unroll
nvidia1,0,particlefilter,likelihood_kernel,0.04879,default-unroll
nvidia1,0,particlefilter,sum_kernel,0.051377,default-unroll
nvidia1,1,particlefilter,find_index_kernel,0.050451,default-unroll
nvidia1,1,particlefilter,normalize_weights_kernel,0.047999,default-unroll
nvidia1,1,particlefilter,likelihood_kernel,0.04945,default-unroll
nvidia1,1,particlefilter,sum_kernel,0.048888,default-unroll
nvidia1,2,particlefilter,find_index_kernel,0.047738,default-unroll
nvidia1,2,particlefilter,normalize_weights_kernel,0.054388,default-unroll
nvidia1,2,particlefilter,likelihood_kernel,0.048513,default-unroll
nvidia1,2,particlefilter,sum_kernel,0.050418,default-unroll
nvidia1,3,particlefilter,find_index_kernel,0.052072,default-unroll
nvidia1,3,particlefilter,normalize_weights_kernel,0.049524,default-unroll
nvidia1,3,particlefilter,likelihood_kernel,0.049885,default-unroll
nvidia1,3,particlefilter,sum_kernel,0.05042,default-unroll
nvidia1,4,particlefilter,find_index_kernel,0.054411,default-unroll
nvidia1,4,particlefilter,normalize_weights_kernel,0.057448,default-unroll
nvidia1,4,particlefilter,likelihood_kernel,0.048678,default-unroll
nvidia1,4,particlefilter,sum_kernel,0.050359,default-unroll
nvidia2,0,blur,blur_ver,0.849943,default-spec
nvidia2,0,blur,blur_hor,0.843057,default-spec
nvidia2,1,blur,blur_ver,0.082097,default-spec
nvidia2,1,blur,blur_hor,0.054207,default-spec
nvidia2,2,blur,blur_ver,0.051978,default-spec
nvidia2,2,blur,blur_hor,0.047681,default-spec
nvidia2,3,blur,blur_ver,0.052313,default-spec
nvidia2,3,blur,blur_hor,0.048399,default-spec
nvidia2,4,blur,blur_ver,0.05424,default-spec
nvidia2,4,blur,blur_hor,0.051524,default-spec
nvidia2,0,mandelbrot,mandelGPU,0.920286,default-spec
nvidia2,1,mandelbrot,mandelGPU,0.052635,default-spec
nvidia2,2,mandelbrot,mandelGPU,0.048883,default-spec
nvidia2,3,mandelbrot,mandelGPU,0.051718,default-spec
nvidia2,4,mandelbrot,mandelGPU,0.052363,default-spec
nvidia2,0,mbdemo,mandelbrot,0.806066000000008,default-spec
nvidia2,1,mbdemo,mandelbrot,0.0536640000000008,default-spec
nvidia2,2,mbdemo,mandelbrot,0.0538920000000006,default-spec
nvidia2,3,mbdemo,mandelbrot,0.0526530000000006,default-spec
nvidia2,4,mbdemo,mandelbrot,0.0521510000000005,default-spec
nvidia2,0,mmul,fmma,0.051469,default-spec
nvidia2,1,mmul,fmma,0.042845,default-spec
nvidia2,2,mmul,fmma,0.043513,default-spec
nvidia2,3,mmul,fmma,0.051323,default-spec
nvidia2,4,mmul,fmma,0.046212,default-spec
nvidia2,0,nas-cg,conj_grad_6,0.050757,default-spec
nvidia2,0,nas-cg,main_0,0.049956,default-spec
nvidia2,0,nas-cg,makea_1,0.051077,default-spec
nvidia2,0,nas-cg,conj_grad_1,0.053839,default-spec
nvidia2,0,nas-cg,conj_grad_0,0.111429,default-spec
nvidia2,0,nas-cg,makea_2,0.045927,default-spec
nvidia2,0,nas-cg,conj_grad_3,0.0485860000000002,default-spec
nvidia2,0,nas-cg,makea_0,0.048513,default-spec
nvidia2,0,nas-cg,makea_6,0.049071,default-spec
nvidia2,0,nas-cg,main_3,0.054436,default-spec
nvidia2,0,nas-cg,conj_grad_7,0.048538,default-spec
nvidia2,0,nas-cg,init_mem_0,0.051581,default-spec
nvidia2,0,nas-cg,main_2,0.048493,default-spec
nvidia2,0,nas-cg,main_4,0.05123,default-spec
nvidia2,0,nas-cg,makea_5,0.047423,default-spec
nvidia2,0,nas-cg,conj_grad_5,0.0511450000000001,default-spec
nvidia2,0,nas-cg,makea_4,0.046577,default-spec
nvidia2,0,nas-cg,conj_grad_4,0.0470480000000002,default-spec
nvidia2,0,nas-cg,makea_7,0.051399,default-spec
nvidia2,0,nas-cg,makea_3,0.049706,default-spec
nvidia2,0,nas-cg,main_1,0.047476,default-spec
nvidia2,0,nas-cg,conj_grad_2,0.0493140000000003,default-spec
nvidia2,0,nas-cg,init_mem_1,0.049303,default-spec
nvidia2,1,nas-cg,conj_grad_6,0.049188,default-spec
nvidia2,1,nas-cg,main_0,0.054965,default-spec
nvidia2,1,nas-cg,makea_1,0.050121,default-spec
nvidia2,1,nas-cg,conj_grad_1,0.047931,default-spec
nvidia2,1,nas-cg,conj_grad_0,0.047656,default-spec
nvidia2,1,nas-cg,makea_2,0.046269,default-spec
nvidia2,1,nas-cg,conj_grad_3,0.0531490000000001,default-spec
nvidia2,1,nas-cg,makea_0,0.050872,default-spec
nvidia2,1,nas-cg,makea_6,0.04922,default-spec
nvidia2,1,nas-cg,main_3,0.052866,default-spec
nvidia2,1,nas-cg,conj_grad_7,0.050763,default-spec
nvidia2,1,nas-cg,init_mem_0,0.046492,default-spec
nvidia2,1,nas-cg,main_2,0.049385,default-spec
nvidia2,1,nas-cg,main_4,0.052042,default-spec
nvidia2,1,nas-cg,makea_5,0.054744,default-spec
nvidia2,1,nas-cg,conj_grad_5,0.049395,default-spec
nvidia2,1,nas-cg,makea_4,0.046417,default-spec
nvidia2,1,nas-cg,conj_grad_4,0.049033,default-spec
nvidia2,1,nas-cg,makea_7,0.048911,default-spec
nvidia2,1,nas-cg,makea_3,0.047699,default-spec
nvidia2,1,nas-cg,main_1,0.049576,default-spec
nvidia2,1,nas-cg,conj_grad_2,0.0478060000000002,default-spec
nvidia2,1,nas-cg,init_mem_1,0.048216,default-spec
nvidia2,2,nas-cg,conj_grad_6,0.048444,default-spec
nvidia2,2,nas-cg,main_0,0.049904,default-spec
nvidia2,2,nas-cg,makea_1,0.051683,default-spec
nvidia2,2,nas-cg,conj_grad_1,0.046921,default-spec
nvidia2,2,nas-cg,conj_grad_0,0.048708,default-spec
nvidia2,2,nas-cg,makea_2,0.048464,default-spec
nvidia2,2,nas-cg,conj_grad_3,0.0473040000000001,default-spec
nvidia2,2,nas-cg,makea_0,0.047174,default-spec
nvidia2,2,nas-cg,makea_6,0.047814,default-spec
nvidia2,2,nas-cg,main_3,0.04912,default-spec
nvidia2,2,nas-cg,conj_grad_7,0.054641,default-spec
nvidia2,2,nas-cg,init_mem_0,0.052004,default-spec
nvidia2,2,nas-cg,main_2,0.047167,default-spec
nvidia2,2,nas-cg,main_4,0.049148,default-spec
nvidia2,2,nas-cg,makea_5,0.047293,default-spec
nvidia2,2,nas-cg,conj_grad_5,0.051598,default-spec
nvidia2,2,nas-cg,makea_4,0.049018,default-spec
nvidia2,2,nas-cg,conj_grad_4,0.046879,default-spec
nvidia2,2,nas-cg,makea_7,0.05187,default-spec
nvidia2,2,nas-cg,makea_3,0.048967,default-spec
nvidia2,2,nas-cg,main_1,0.048474,default-spec
nvidia2,2,nas-cg,conj_grad_2,0.0470760000000001,default-spec
nvidia2,2,nas-cg,init_mem_1,0.050864,default-spec
nvidia2,3,nas-cg,conj_grad_6,0.048486,default-spec
nvidia2,3,nas-cg,main_0,0.048683,default-spec
nvidia2,3,nas-cg,makea_1,0.05298,default-spec
nvidia2,3,nas-cg,conj_grad_1,0.055025,default-spec
nvidia2,3,nas-cg,conj_grad_0,0.047621,default-spec
nvidia2,3,nas-cg,makea_2,0.048436,default-spec
nvidia2,3,nas-cg,conj_grad_3,0.0493470000000001,default-spec
nvidia2,3,nas-cg,makea_0,0.046675,default-spec
nvidia2,3,nas-cg,makea_6,0.053676,default-spec
nvidia2,3,nas-cg,main_3,0.053737,default-spec
nvidia2,3,nas-cg,conj_grad_7,0.051281,default-spec
nvidia2,3,nas-cg,init_mem_0,0.052651,default-spec
nvidia2,3,nas-cg,main_2,0.04797,default-spec
nvidia2,3,nas-cg,main_4,0.050479,default-spec
nvidia2,3,nas-cg,makea_5,0.048078,default-spec
nvidia2,3,nas-cg,conj_grad_5,0.05101,default-spec
nvidia2,3,nas-cg,makea_4,0.051438,default-spec
nvidia2,3,nas-cg,conj_grad_4,0.0536350000000001,default-spec
nvidia2,3,nas-cg,makea_7,0.047213,default-spec
nvidia2,3,nas-cg,makea_3,0.048783,default-spec
nvidia2,3,nas-cg,main_1,0.047616,default-spec
nvidia2,3,nas-cg,conj_grad_2,0.0503500000000002,default-spec
nvidia2,3,nas-cg,init_mem_1,0.050721,default-spec
nvidia2,4,nas-cg,conj_grad_6,0.053193,default-spec
nvidia2,4,nas-cg,main_0,0.047195,default-spec
nvidia2,4,nas-cg,makea_1,0.052776,default-spec
nvidia2,4,nas-cg,conj_grad_1,0.047334,default-spec
nvidia2,4,nas-cg,conj_grad_0,0.048322,default-spec
nvidia2,4,nas-cg,makea_2,0.048364,default-spec
nvidia2,4,nas-cg,conj_grad_3,0.0517290000000002,default-spec
nvidia2,4,nas-cg,makea_0,0.048167,default-spec
nvidia2,4,nas-cg,makea_6,0.047002,default-spec
nvidia2,4,nas-cg,main_3,0.050645,default-spec
nvidia2,4,nas-cg,conj_grad_7,0.055196,default-spec
nvidia2,4,nas-cg,init_mem_0,0.051024,default-spec
nvidia2,4,nas-cg,main_2,0.046917,default-spec
nvidia2,4,nas-cg,main_4,0.050406,default-spec
nvidia2,4,nas-cg,makea_5,0.049767,default-spec
nvidia2,4,nas-cg,conj_grad_5,0.055584,default-spec
nvidia2,4,nas-cg,makea_4,0.051827,default-spec
nvidia2,4,nas-cg,conj_grad_4,0.0519900000000001,default-spec
nvidia2,4,nas-cg,makea_7,0.046942,default-spec
nvidia2,4,nas-cg,makea_3,0.048996,default-spec
nvidia2,4,nas-cg,main_1,0.04779,default-spec
nvidia2,4,nas-cg,conj_grad_2,0.0499350000000002,default-spec
nvidia2,4,nas-cg,init_mem_1,0.04924,default-spec
nvidia2,0,nas-is,full_verify0,0.047939,default-spec
nvidia2,0,nas-is,rank2,0.047548,default-spec
nvidia2,0,nas-is,full_verify1,0.048698,default-spec
nvidia2,0,nas-is,rank3_1,0.050433,default-spec
nvidia2,0,nas-is,rank3_0,0.053894,default-spec
nvidia2,0,nas-is,full_verify2,0.058089,default-spec
nvidia2,0,nas-is,rank3_2,0.048059,default-spec
nvidia2,0,nas-is,rank4,0.046702,default-spec
nvidia2,0,nas-is,rank0,0.051197,default-spec
nvidia2,0,nas-is,rank1,0.047742,default-spec
nvidia2,0,nas-is,create_seq,0.049307,default-spec
nvidia2,1,nas-is,full_verify0,0.053513,default-spec
nvidia2,1,nas-is,rank2,0.047584,default-spec
nvidia2,1,nas-is,full_verify1,0.053713,default-spec
nvidia2,1,nas-is,rank3_1,0.051411,default-spec
nvidia2,1,nas-is,rank3_0,0.047504,default-spec
nvidia2,1,nas-is,full_verify2,0.05089,default-spec
nvidia2,1,nas-is,rank3_2,0.051674,default-spec
nvidia2,1,nas-is,rank4,0.047537,default-spec
nvidia2,1,nas-is,rank0,0.049625,default-spec
nvidia2,1,nas-is,rank1,0.049023,default-spec
nvidia2,1,nas-is,create_seq,0.055533,default-spec
nvidia2,2,nas-is,full_verify0,0.051035,default-spec
nvidia2,2,nas-is,rank2,0.047196,default-spec
nvidia2,2,nas-is,full_verify1,0.051446,default-spec
nvidia2,2,nas-is,rank3_1,0.047495,default-spec
nvidia2,2,nas-is,rank3_0,0.046397,default-spec
nvidia2,2,nas-is,full_verify2,0.052667,default-spec
nvidia2,2,nas-is,rank3_2,0.046316,default-spec
nvidia2,2,nas-is,rank4,0.052464,default-spec
nvidia2,2,nas-is,rank0,0.05174,default-spec
nvidia2,2,nas-is,rank1,0.046728,default-spec
nvidia2,2,nas-is,create_seq,0.049656,default-spec
nvidia2,3,nas-is,full_verify0,0.050556,default-spec
nvidia2,3,nas-is,rank2,0.047907,default-spec
nvidia2,3,nas-is,full_verify1,0.052565,default-spec
nvidia2,3,nas-is,rank3_1,0.045931,default-spec
nvidia2,3,nas-is,rank3_0,0.045061,default-spec
nvidia2,3,nas-is,full_verify2,0.05213,default-spec
nvidia2,3,nas-is,rank3_2,0.047815,default-spec
nvidia2,3,nas-is,rank4,0.049185,default-spec
nvidia2,3,nas-is,rank0,0.050676,default-spec
nvidia2,3,nas-is,rank1,0.047492,default-spec
nvidia2,3,nas-is,create_seq,0.050018,default-spec
nvidia2,4,nas-is,full_verify0,0.051206,default-spec
nvidia2,4,nas-is,rank2,0.048025,default-spec
nvidia2,4,nas-is,full_verify1,0.047496,default-spec
nvidia2,4,nas-is,rank3_1,0.048747,default-spec
nvidia2,4,nas-is,rank3_0,0.051191,default-spec
nvidia2,4,nas-is,full_verify2,0.048932,default-spec
nvidia2,4,nas-is,rank3_2,0.050386,default-spec
nvidia2,4,nas-is,rank4,0.047259,default-spec
nvidia2,4,nas-is,rank0,0.049977,default-spec
nvidia2,4,nas-is,rank1,0.048631,default-spec
nvidia2,4,nas-is,create_seq,0.05043,default-spec
nvidia2,0,nas-sp,error_norm,0.049777,default-spec
nvidia2,0,nas-sp,compute_rhs4,0.0606210000000001,default-spec
nvidia2,0,nas-sp,ninvr,0.062745,default-spec
nvidia2,0,nas-sp,initialize2,0.049207,default-spec
nvidia2,0,nas-sp,add,0.056894,default-spec
nvidia2,0,nas-sp,tzetar,0.061624,default-spec
nvidia2,0,nas-sp,exact_rhs5,0.055304,default-spec
nvidia2,0,nas-sp,compute_rhs3,0.0683360000000001,default-spec
nvidia2,0,nas-sp,z_solve,0.057306,default-spec
nvidia2,0,nas-sp,x_solve,0.056415,default-spec
nvidia2,0,nas-sp,txinvr,0.0620430000000001,default-spec
nvidia2,0,nas-sp,initialize4,0.049066,default-spec
nvidia2,0,nas-sp,rhs_norm,0.050336,default-spec
nvidia2,0,nas-sp,exact_rhs3,0.055651,default-spec
nvidia2,0,nas-sp,compute_rhs5,0.0626210000000001,default-spec
nvidia2,0,nas-sp,exact_rhs2,0.047253,default-spec
nvidia2,0,nas-sp,initialize3,0.047975,default-spec
nvidia2,0,nas-sp,compute_rhs2,0.0571980000000001,default-spec
nvidia2,0,nas-sp,compute_rhs6,0.0586150000000001,default-spec
nvidia2,0,nas-sp,y_solve,0.056735,default-spec
nvidia2,0,nas-sp,exact_rhs1,0.048631,default-spec
nvidia2,0,nas-sp,pinvr,0.06115,default-spec
nvidia2,0,nas-sp,exact_rhs4,0.051023,default-spec
nvidia2,0,nas-sp,compute_rhs1,0.0571720000000001,default-spec
nvidia2,0,nas-sp,initialize5,0.047199,default-spec
nvidia2,0,nas-sp,initialize1,0.04902,default-spec
nvidia2,1,nas-sp,error_norm,0.050409,default-spec
nvidia2,1,nas-sp,compute_rhs4,0.0588160000000001,default-spec
nvidia2,1,nas-sp,ninvr,0.06621,default-spec
nvidia2,1,nas-sp,initialize2,0.048079,default-spec
nvidia2,1,nas-sp,add,0.057881,default-spec
nvidia2,1,nas-sp,tzetar,0.060219,default-spec
nvidia2,1,nas-sp,exact_rhs5,0.0477,default-spec
nvidia2,1,nas-sp,compute_rhs3,0.0617830000000001,default-spec
nvidia2,1,nas-sp,z_solve,0.059276,default-spec
nvidia2,1,nas-sp,x_solve,0.0568970000000001,default-spec
nvidia2,1,nas-sp,txinvr,0.0605730000000001,default-spec
nvidia2,1,nas-sp,initialize4,0.04957,default-spec
nvidia2,1,nas-sp,rhs_norm,0.04733,default-spec
nvidia2,1,nas-sp,exact_rhs3,0.048243,default-spec
nvidia2,1,nas-sp,compute_rhs5,0.0612380000000001,default-spec
nvidia2,1,nas-sp,exact_rhs2,0.048883,default-spec
nvidia2,1,nas-sp,initialize3,0.054153,default-spec
nvidia2,1,nas-sp,compute_rhs2,0.0589580000000001,default-spec
nvidia2,1,nas-sp,compute_rhs6,0.0585270000000001,default-spec
nvidia2,1,nas-sp,y_solve,0.063073,default-spec
nvidia2,1,nas-sp,exact_rhs1,0.051414,default-spec
nvidia2,1,nas-sp,pinvr,0.063227,default-spec
nvidia2,1,nas-sp,exact_rhs4,0.052463,default-spec
nvidia2,1,nas-sp,compute_rhs1,0.0564850000000001,default-spec
nvidia2,1,nas-sp,initialize5,0.049052,default-spec
nvidia2,1,nas-sp,initialize1,0.051298,default-spec
nvidia2,2,nas-sp,error_norm,0.050824,default-spec
nvidia2,2,nas-sp,compute_rhs4,0.0602680000000001,default-spec
nvidia2,2,nas-sp,ninvr,0.061684,default-spec
nvidia2,2,nas-sp,initialize2,0.048687,default-spec
nvidia2,2,nas-sp,add,0.059921,default-spec
nvidia2,2,nas-sp,tzetar,0.061932,default-spec
nvidia2,2,nas-sp,exact_rhs5,0.051266,default-spec
nvidia2,2,nas-sp,compute_rhs3,0.0607620000000001,default-spec
nvidia2,2,nas-sp,z_solve,0.056834,default-spec
nvidia2,2,nas-sp,x_solve,0.057836,default-spec
nvidia2,2,nas-sp,txinvr,0.0620620000000001,default-spec
nvidia2,2,nas-sp,initialize4,0.047835,default-spec
nvidia2,2,nas-sp,rhs_norm,0.05576,default-spec
nvidia2,2,nas-sp,exact_rhs3,0.048689,default-spec
nvidia2,2,nas-sp,compute_rhs5,0.0604410000000001,default-spec
nvidia2,2,nas-sp,exact_rhs2,0.047519,default-spec
nvidia2,2,nas-sp,initialize3,0.046583,default-spec
nvidia2,2,nas-sp,compute_rhs2,0.0596020000000001,default-spec
nvidia2,2,nas-sp,compute_rhs6,0.0564730000000001,default-spec
nvidia2,2,nas-sp,y_solve,0.057315,default-spec
nvidia2,2,nas-sp,exact_rhs1,0.049275,default-spec
nvidia2,2,nas-sp,pinvr,0.060217,default-spec
nvidia2,2,nas-sp,exact_rhs4,0.052266,default-spec
nvidia2,2,nas-sp,compute_rhs1,0.0557110000000001,default-spec
nvidia2,2,nas-sp,initialize5,0.047846,default-spec
nvidia2,2,nas-sp,initialize1,0.048032,default-spec
nvidia2,3,nas-sp,error_norm,0.050557,default-spec
nvidia2,3,nas-sp,compute_rhs4,0.0615650000000001,default-spec
nvidia2,3,nas-sp,ninvr,0.059612,default-spec
nvidia2,3,nas-sp,initialize2,0.049158,default-spec
nvidia2,3,nas-sp,add,0.060506,default-spec
nvidia2,3,nas-sp,tzetar,0.057531,default-spec
nvidia2,3,nas-sp,exact_rhs5,0.051077,default-spec
nvidia2,3,nas-sp,compute_rhs3,0.0603460000000001,default-spec
nvidia2,3,nas-sp,z_solve,0.060955,default-spec
nvidia2,3,nas-sp,x_solve,0.06457,default-spec
nvidia2,3,nas-sp,txinvr,0.0538720000000001,default-spec
nvidia2,3,nas-sp,initialize4,0.04807,default-spec
nvidia2,3,nas-sp,rhs_norm,0.048369,default-spec
nvidia2,3,nas-sp,exact_rhs3,0.049252,default-spec
nvidia2,3,nas-sp,compute_rhs5,0.0591150000000001,default-spec
nvidia2,3,nas-sp,exact_rhs2,0.046752,default-spec
nvidia2,3,nas-sp,initialize3,0.047179,default-spec
nvidia2,3,nas-sp,compute_rhs2,0.0569400000000001,default-spec
nvidia2,3,nas-sp,compute_rhs6,0.0600030000000001,default-spec
nvidia2,3,nas-sp,y_solve,0.06042,default-spec
nvidia2,3,nas-sp,exact_rhs1,0.048641,default-spec
nvidia2,3,nas-sp,pinvr,0.058486,default-spec
nvidia2,3,nas-sp,exact_rhs4,0.052905,default-spec
nvidia2,3,nas-sp,compute_rhs1,0.0566270000000001,default-spec
nvidia2,3,nas-sp,initialize5,0.047596,default-spec
nvidia2,3,nas-sp,initialize1,0.048741,default-spec
nvidia2,4,nas-sp,error_norm,0.049759,default-spec
nvidia2,4,nas-sp,compute_rhs4,0.0584180000000001,default-spec
nvidia2,4,nas-sp,ninvr,0.056148,default-spec
nvidia2,4,nas-sp,initialize2,0.049624,default-spec
nvidia2,4,nas-sp,add,0.06143,default-spec
nvidia2,4,nas-sp,tzetar,0.067028,default-spec
nvidia2,4,nas-sp,exact_rhs5,0.04743,default-spec
nvidia2,4,nas-sp,compute_rhs3,0.0598490000000001,default-spec
nvidia2,4,nas-sp,z_solve,0.057755,default-spec
nvidia2,4,nas-sp,x_solve,0.056935,default-spec
nvidia2,4,nas-sp,txinvr,0.0623850000000001,default-spec
nvidia2,4,nas-sp,initialize4,0.046717,default-spec
nvidia2,4,nas-sp,rhs_norm,0.048986,default-spec
nvidia2,4,nas-sp,exact_rhs3,0.049215,default-spec
nvidia2,4,nas-sp,compute_rhs5,0.0630510000000001,default-spec
nvidia2,4,nas-sp,exact_rhs2,0.054839,default-spec
nvidia2,4,nas-sp,initialize3,0.049701,default-spec
nvidia2,4,nas-sp,compute_rhs2,0.0584110000000001,default-spec
nvidia2,4,nas-sp,compute_rhs6,0.0572350000000001,default-spec
nvidia2,4,nas-sp,y_solve,0.060618,default-spec
nvidia2,4,nas-sp,exact_rhs1,0.048647,default-spec
nvidia2,4,nas-sp,pinvr,0.063666,default-spec
nvidia2,4,nas-sp,exact_rhs4,0.049073,default-spec
nvidia2,4,nas-sp,compute_rhs1,0.0589460000000001,default-spec
nvidia2,4,nas-sp,initialize5,0.048037,default-spec
nvidia2,4,nas-sp,initialize1,0.054107,default-spec
nvidia2,0,nv-bs,BlackScholes,0.825235,default-spec
nvidia2,1,nv-bs,BlackScholes,0.058021,default-spec
nvidia2,2,nv-bs,BlackScholes,0.059829,default-spec
nvidia2,3,nv-bs,BlackScholes,0.060182,default-spec
nvidia2,4,nv-bs,BlackScholes,0.059982,default-spec
nvidia2,0,nv-dct,DCT8x8,0.051766,default-spec
nvidia2,1,nv-dct,DCT8x8,0.054317,default-spec
nvidia2,2,nv-dct,DCT8x8,0.053374,default-spec
nvidia2,3,nv-dct,DCT8x8,0.052052,default-spec
nvidia2,4,nv-dct,DCT8x8,0.055555,default-spec
nvidia2,0,nv-fdtd,FiniteDifferences,0.890743,default-spec
nvidia2,1,nv-fdtd,FiniteDifferences,0.070898,default-spec
nvidia2,2,nv-fdtd,FiniteDifferences,0.076233,default-spec
nvidia2,3,nv-fdtd,FiniteDifferences,0.076641,default-spec
nvidia2,4,nv-fdtd,FiniteDifferences,0.073297,default-spec
nvidia2,0,particlefilter,find_index_kernel,0.052485,default-spec
nvidia2,0,particlefilter,normalize_weights_kernel,0.048078,default-spec
nvidia2,0,particlefilter,likelihood_kernel,0.048076,default-spec
nvidia2,0,particlefilter,sum_kernel,0.049576,default-spec
nvidia2,1,particlefilter,find_index_kernel,0.052866,default-spec
nvidia2,1,particlefilter,normalize_weights_kernel,0.049568,default-spec
nvidia2,1,particlefilter,likelihood_kernel,0.053087,default-spec
nvidia2,1,particlefilter,sum_kernel,0.051859,default-spec
nvidia2,2,particlefilter,find_index_kernel,0.052245,default-spec
nvidia2,2,particlefilter,normalize_weights_kernel,0.052265,default-spec
nvidia2,2,particlefilter,likelihood_kernel,0.050633,default-spec
nvidia2,2,particlefilter,sum_kernel,0.05767,default-spec
nvidia2,3,particlefilter,find_index_kernel,0.053086,default-spec
nvidia2,3,particlefilter,normalize_weights_kernel,0.049614,default-spec
nvidia2,3,particlefilter,likelihood_kernel,0.049814,default-spec
nvidia2,3,particlefilter,sum_kernel,0.052583,default-spec
nvidia2,4,particlefilter,find_index_kernel,0.052191,default-spec
nvidia2,4,particlefilter,normalize_weights_kernel,0.048708,default-spec
nvidia2,4,particlefilter,likelihood_kernel,0.053061,default-spec
nvidia2,4,particlefilter,sum_kernel,0.051886,default-spec
nvidia3,0,blur,blur_ver,1.13058,default-spec-unroll
nvidia3,0,blur,blur_hor,1.125169,default-spec-unroll
nvidia3,1,blur,blur_ver,0.0516,default-spec-unroll
nvidia3,1,blur,blur_hor,0.046352,default-spec-unroll
nvidia3,2,blur,blur_ver,0.049948,default-spec-unroll
nvidia3,2,blur,blur_hor,0.049736,default-spec-unroll
nvidia3,3,blur,blur_ver,0.053791,default-spec-unroll
nvidia3,3,blur,blur_hor,0.048159,default-spec-unroll
nvidia3,4,blur,blur_ver,0.053981,default-spec-unroll
nvidia3,4,blur,blur_hor,0.04894,default-spec-unroll
nvidia3,0,mandelbrot,mandelGPU,0.925543,default-spec-unroll
nvidia3,1,mandelbrot,mandelGPU,0.054074,default-spec-unroll
nvidia3,2,mandelbrot,mandelGPU,0.054234,default-spec-unroll
nvidia3,3,mandelbrot,mandelGPU,0.053156,default-spec-unroll
nvidia3,4,mandelbrot,mandelGPU,0.050118,default-spec-unroll
nvidia3,0,mbdemo,mandelbrot,0.800085999999988,default-spec-unroll
nvidia3,1,mbdemo,mandelbrot,0.0488570000000006,default-spec-unroll
nvidia3,2,mbdemo,mandelbrot,0.0516380000000008,default-spec-unroll
nvidia3,3,mbdemo,mandelbrot,0.0480390000000007,default-spec-unroll
nvidia3,4,mbdemo,mandelbrot,0.0552250000000006,default-spec-unroll
nvidia3,0,mmul,fmma,0.046975,default-spec-unroll
nvidia3,1,mmul,fmma,0.046574,default-spec-unroll
nvidia3,2,mmul,fmma,0.050642,default-spec-unroll
nvidia3,3,mmul,fmma,0.048368,default-spec-unroll
nvidia3,4,mmul,fmma,0.056094,default-spec-unroll
nvidia3,0,nas-cg,conj_grad_6,0.04542,default-spec-unroll
nvidia3,0,nas-cg,main_0,0.047842,default-spec-unroll
nvidia3,0,nas-cg,makea_1,0.052626,default-spec-unroll
nvidia3,0,nas-cg,conj_grad_1,0.05058,default-spec-unroll
nvidia3,0,nas-cg,conj_grad_0,0.115042,default-spec-unroll
nvidia3,0,nas-cg,makea_2,0.048004,default-spec-unroll
nvidia3,0,nas-cg,conj_grad_3,0.0508440000000001,default-spec-unroll
nvidia3,0,nas-cg,makea_0,0.048654,default-spec-unroll
nvidia3,0,nas-cg,makea_6,0.051148,default-spec-unroll
nvidia3,0,nas-cg,main_3,0.047483,default-spec-unroll
nvidia3,0,nas-cg,conj_grad_7,0.050477,default-spec-unroll
nvidia3,0,nas-cg,init_mem_0,0.051658,default-spec-unroll
nvidia3,0,nas-cg,main_2,0.051431,default-spec-unroll
nvidia3,0,nas-cg,main_4,0.049165,default-spec-unroll
nvidia3,0,nas-cg,makea_5,0.052175,default-spec-unroll
nvidia3,0,nas-cg,conj_grad_5,0.051511,default-spec-unroll
nvidia3,0,nas-cg,makea_4,0.045684,default-spec-unroll
nvidia3,0,nas-cg,conj_grad_4,0.0526980000000002,default-spec-unroll
nvidia3,0,nas-cg,makea_7,0.046361,default-spec-unroll
nvidia3,0,nas-cg,makea_3,0.049192,default-spec-unroll
nvidia3,0,nas-cg,main_1,0.051917,default-spec-unroll
nvidia3,0,nas-cg,conj_grad_2,0.0501610000000003,default-spec-unroll
nvidia3,0,nas-cg,init_mem_1,0.047367,default-spec-unroll
nvidia3,1,nas-cg,conj_grad_6,0.047955,default-spec-unroll
nvidia3,1,nas-cg,main_0,0.047586,default-spec-unroll
nvidia3,1,nas-cg,makea_1,0.052565,default-spec-unroll
nvidia3,1,nas-cg,conj_grad_1,0.048902,default-spec-unroll
nvidia3,1,nas-cg,conj_grad_0,0.049785,default-spec-unroll
nvidia3,1,nas-cg,makea_2,0.048496,default-spec-unroll
nvidia3,1,nas-cg,conj_grad_3,0.0506000000000002,default-spec-unroll
nvidia3,1,nas-cg,makea_0,0.047503,default-spec-unroll
nvidia3,1,nas-cg,makea_6,0.049631,default-spec-unroll
nvidia3,1,nas-cg,main_3,0.047205,default-spec-unroll
nvidia3,1,nas-cg,conj_grad_7,0.048452,default-spec-unroll
nvidia3,1,nas-cg,init_mem_0,0.050122,default-spec-unroll
nvidia3,1,nas-cg,main_2,0.048159,default-spec-unroll
nvidia3,1,nas-cg,main_4,0.055122,default-spec-unroll
nvidia3,1,nas-cg,makea_5,0.051219,default-spec-unroll
nvidia3,1,nas-cg,conj_grad_5,0.048125,default-spec-unroll
nvidia3,1,nas-cg,makea_4,0.05309,default-spec-unroll
nvidia3,1,nas-cg,conj_grad_4,0.0471370000000001,default-spec-unroll
nvidia3,1,nas-cg,makea_7,0.050818,default-spec-unroll
nvidia3,1,nas-cg,makea_3,0.047386,default-spec-unroll
nvidia3,1,nas-cg,main_1,0.049519,default-spec-unroll
nvidia3,1,nas-cg,conj_grad_2,0.0532760000000002,default-spec-unroll
nvidia3,1,nas-cg,init_mem_1,0.048827,default-spec-unroll
nvidia3,2,nas-cg,conj_grad_6,0.050646,default-spec-unroll
nvidia3,2,nas-cg,main_0,0.056092,default-spec-unroll
nvidia3,2,nas-cg,makea_1,0.044461,default-spec-unroll
nvidia3,2,nas-cg,conj_grad_1,0.050087,default-spec-unroll
nvidia3,2,nas-cg,conj_grad_0,0.047595,default-spec-unroll
nvidia3,2,nas-cg,makea_2,0.052613,default-spec-unroll
nvidia3,2,nas-cg,conj_grad_3,0.0484040000000001,default-spec-unroll
nvidia3,2,nas-cg,makea_0,0.048188,default-spec-unroll
nvidia3,2,nas-cg,makea_6,0.047347,default-spec-unroll
nvidia3,2,nas-cg,main_3,0.049847,default-spec-unroll
nvidia3,2,nas-cg,conj_grad_7,0.053968,default-spec-unroll
nvidia3,2,nas-cg,init_mem_0,0.051273,default-spec-unroll
nvidia3,2,nas-cg,main_2,0.049314,default-spec-unroll
nvidia3,2,nas-cg,main_4,0.049792,default-spec-unroll
nvidia3,2,nas-cg,makea_5,0.04735,default-spec-unroll
nvidia3,2,nas-cg,conj_grad_5,0.049928,default-spec-unroll
nvidia3,2,nas-cg,makea_4,0.050065,default-spec-unroll
nvidia3,2,nas-cg,conj_grad_4,0.048704,default-spec-unroll
nvidia3,2,nas-cg,makea_7,0.04742,default-spec-unroll
nvidia3,2,nas-cg,makea_3,0.051481,default-spec-unroll
nvidia3,2,nas-cg,main_1,0.049194,default-spec-unroll
nvidia3,2,nas-cg,conj_grad_2,0.0522210000000002,default-spec-unroll
nvidia3,2,nas-cg,init_mem_1,0.047602,default-spec-unroll
nvidia3,3,nas-cg,conj_grad_6,0.048349,default-spec-unroll
nvidia3,3,nas-cg,main_0,0.047098,default-spec-unroll
nvidia3,3,nas-cg,makea_1,0.051938,default-spec-unroll
nvidia3,3,nas-cg,conj_grad_1,0.051026,default-spec-unroll
nvidia3,3,nas-cg,conj_grad_0,0.052044,default-spec-unroll
nvidia3,3,nas-cg,makea_2,0.047353,default-spec-unroll
nvidia3,3,nas-cg,conj_grad_3,0.0605590000000001,default-spec-unroll
nvidia3,3,nas-cg,makea_0,0.048205,default-spec-unroll
nvidia3,3,nas-cg,makea_6,0.046971,default-spec-unroll
nvidia3,3,nas-cg,main_3,0.051486,default-spec-unroll
nvidia3,3,nas-cg,conj_grad_7,0.055267,default-spec-unroll
nvidia3,3,nas-cg,init_mem_0,0.050712,default-spec-unroll
nvidia3,3,nas-cg,main_2,0.077881,default-spec-unroll
nvidia3,3,nas-cg,main_4,0.055077,default-spec-unroll
nvidia3,3,nas-cg,makea_5,0.04941,default-spec-unroll
nvidia3,3,nas-cg,conj_grad_5,0.050346,default-spec-unroll
nvidia3,3,nas-cg,makea_4,0.051922,default-spec-unroll
nvidia3,3,nas-cg,conj_grad_4,0.0490030000000002,default-spec-unroll
nvidia3,3,nas-cg,makea_7,0.046576,default-spec-unroll
nvidia3,3,nas-cg,makea_3,0.048725,default-spec-unroll
nvidia3,3,nas-cg,main_1,0.047867,default-spec-unroll
nvidia3,3,nas-cg,conj_grad_2,0.0531110000000002,default-spec-unroll
nvidia3,3,nas-cg,init_mem_1,0.049662,default-spec-unroll
nvidia3,4,nas-cg,conj_grad_6,0.049564,default-spec-unroll
nvidia3,4,nas-cg,main_0,0.051209,default-spec-unroll
nvidia3,4,nas-cg,makea_1,0.053492,default-spec-unroll
nvidia3,4,nas-cg,conj_grad_1,0.051857,default-spec-unroll
nvidia3,4,nas-cg,conj_grad_0,0.048473,default-spec-unroll
nvidia3,4,nas-cg,makea_2,0.048441,default-spec-unroll
nvidia3,4,nas-cg,conj_grad_3,0.0488930000000002,default-spec-unroll
nvidia3,4,nas-cg,makea_0,0.047698,default-spec-unroll
nvidia3,4,nas-cg,makea_6,0.047318,default-spec-unroll
nvidia3,4,nas-cg,main_3,0.051268,default-spec-unroll
nvidia3,4,nas-cg,conj_grad_7,0.052078,default-spec-unroll
nvidia3,4,nas-cg,init_mem_0,0.051597,default-spec-unroll
nvidia3,4,nas-cg,main_2,0.047772,default-spec-unroll
nvidia3,4,nas-cg,main_4,0.048886,default-spec-unroll
nvidia3,4,nas-cg,makea_5,0.049461,default-spec-unroll
nvidia3,4,nas-cg,conj_grad_5,0.0478860000000001,default-spec-unroll
nvidia3,4,nas-cg,makea_4,0.04911,default-spec-unroll
nvidia3,4,nas-cg,conj_grad_4,0.0487710000000002,default-spec-unroll
nvidia3,4,nas-cg,makea_7,0.047197,default-spec-unroll
nvidia3,4,nas-cg,makea_3,0.048395,default-spec-unroll
nvidia3,4,nas-cg,main_1,0.055605,default-spec-unroll
nvidia3,4,nas-cg,conj_grad_2,0.0508190000000003,default-spec-unroll
nvidia3,4,nas-cg,init_mem_1,0.047086,default-spec-unroll
nvidia3,0,nas-is,full_verify0,0.050524,default-spec-unroll
nvidia3,0,nas-is,rank2,0.048118,default-spec-unroll
nvidia3,0,nas-is,full_verify1,0.053392,default-spec-unroll
nvidia3,0,nas-is,rank3_1,0.047694,default-spec-unroll
nvidia3,0,nas-is,rank3_0,0.048114,default-spec-unroll
nvidia3,0,nas-is,full_verify2,0.046649,default-spec-unroll
nvidia3,0,nas-is,rank3_2,0.046829,default-spec-unroll
nvidia3,0,nas-is,rank4,0.055434,default-spec-unroll
nvidia3,0,nas-is,rank0,0.052232,default-spec-unroll
nvidia3,0,nas-is,rank1,0.046686,default-spec-unroll
nvidia3,0,nas-is,create_seq,0.052262,default-spec-unroll
nvidia3,1,nas-is,full_verify0,0.05387,default-spec-unroll
nvidia3,1,nas-is,rank2,0.048038,default-spec-unroll
nvidia3,1,nas-is,full_verify1,0.052864,default-spec-unroll
nvidia3,1,nas-is,rank3_1,0.05082,default-spec-unroll
nvidia3,1,nas-is,rank3_0,0.04691,default-spec-unroll
nvidia3,1,nas-is,full_verify2,0.052519,default-spec-unroll
nvidia3,1,nas-is,rank3_2,0.050295,default-spec-unroll
nvidia3,1,nas-is,rank4,0.049712,default-spec-unroll
nvidia3,1,nas-is,rank0,0.046597,default-spec-unroll
nvidia3,1,nas-is,rank1,0.047048,default-spec-unroll
nvidia3,1,nas-is,create_seq,0.047971,default-spec-unroll
nvidia3,2,nas-is,full_verify0,0.050748,default-spec-unroll
nvidia3,2,nas-is,rank2,0.050085,default-spec-unroll
nvidia3,2,nas-is,full_verify1,0.054111,default-spec-unroll
nvidia3,2,nas-is,rank3_1,0.053615,default-spec-unroll
nvidia3,2,nas-is,rank3_0,0.049724,default-spec-unroll
nvidia3,2,nas-is,full_verify2,0.052657,default-spec-unroll
nvidia3,2,nas-is,rank3_2,0.05119,default-spec-unroll
nvidia3,2,nas-is,rank4,0.048322,default-spec-unroll
nvidia3,2,nas-is,rank0,0.047691,default-spec-unroll
nvidia3,2,nas-is,rank1,0.053906,default-spec-unroll
nvidia3,2,nas-is,create_seq,0.046558,default-spec-unroll
nvidia3,3,nas-is,full_verify0,0.04977,default-spec-unroll
nvidia3,3,nas-is,rank2,0.048052,default-spec-unroll
nvidia3,3,nas-is,full_verify1,0.054641,default-spec-unroll
nvidia3,3,nas-is,rank3_1,0.046536,default-spec-unroll
nvidia3,3,nas-is,rank3_0,0.046275,default-spec-unroll
nvidia3,3,nas-is,full_verify2,0.051248,default-spec-unroll
nvidia3,3,nas-is,rank3_2,0.046396,default-spec-unroll
nvidia3,3,nas-is,rank4,0.048103,default-spec-unroll
nvidia3,3,nas-is,rank0,0.050664,default-spec-unroll
nvidia3,3,nas-is,rank1,0.049371,default-spec-unroll
nvidia3,3,nas-is,create_seq,0.052917,default-spec-unroll
nvidia3,4,nas-is,full_verify0,0.049681,default-spec-unroll
nvidia3,4,nas-is,rank2,0.05505,default-spec-unroll
nvidia3,4,nas-is,full_verify1,0.052368,default-spec-unroll
nvidia3,4,nas-is,rank3_1,0.049166,default-spec-unroll
nvidia3,4,nas-is,rank3_0,0.049128,default-spec-unroll
nvidia3,4,nas-is,full_verify2,0.051466,default-spec-unroll
nvidia3,4,nas-is,rank3_2,0.047594,default-spec-unroll
nvidia3,4,nas-is,rank4,0.047843,default-spec-unroll
nvidia3,4,nas-is,rank0,0.051461,default-spec-unroll
nvidia3,4,nas-is,rank1,0.048158,default-spec-unroll
nvidia3,4,nas-is,create_seq,0.053313,default-spec-unroll
nvidia3,0,nas-sp,error_norm,0.05389,default-spec-unroll
nvidia3,0,nas-sp,compute_rhs4,0.0594650000000001,default-spec-unroll
nvidia3,0,nas-sp,ninvr,0.058185,default-spec-unroll
nvidia3,0,nas-sp,initialize2,0.048942,default-spec-unroll
nvidia3,0,nas-sp,add,0.058234,default-spec-unroll
nvidia3,0,nas-sp,tzetar,0.060295,default-spec-unroll
nvidia3,0,nas-sp,exact_rhs5,0.051504,default-spec-unroll
nvidia3,0,nas-sp,compute_rhs3,0.0604730000000001,default-spec-unroll
nvidia3,0,nas-sp,z_solve,0.05902,default-spec-unroll
nvidia3,0,nas-sp,x_solve,0.058241,default-spec-unroll
nvidia3,0,nas-sp,txinvr,0.0619890000000001,default-spec-unroll
nvidia3,0,nas-sp,initialize4,0.050939,default-spec-unroll
nvidia3,0,nas-sp,rhs_norm,0.054034,default-spec-unroll
nvidia3,0,nas-sp,exact_rhs3,0.04929,default-spec-unroll
nvidia3,0,nas-sp,compute_rhs5,0.0603830000000001,default-spec-unroll
nvidia3,0,nas-sp,exact_rhs2,0.050845,default-spec-unroll
nvidia3,0,nas-sp,initialize3,0.052257,default-spec-unroll
nvidia3,0,nas-sp,compute_rhs2,0.0597120000000001,default-spec-unroll
nvidia3,0,nas-sp,compute_rhs6,0.0585750000000001,default-spec-unroll
nvidia3,0,nas-sp,y_solve,0.05823,default-spec-unroll
nvidia3,0,nas-sp,exact_rhs1,0.054883,default-spec-unroll
nvidia3,0,nas-sp,pinvr,0.062847,default-spec-unroll
nvidia3,0,nas-sp,exact_rhs4,0.052872,default-spec-unroll
nvidia3,0,nas-sp,compute_rhs1,0.0567660000000001,default-spec-unroll
nvidia3,0,nas-sp,initialize5,0.049657,default-spec-unroll
nvidia3,0,nas-sp,initialize1,0.047493,default-spec-unroll
nvidia3,1,nas-sp,error_norm,0.053979,default-spec-unroll
nvidia3,1,nas-sp,compute_rhs4,0.0582570000000001,default-spec-unroll
nvidia3,1,nas-sp,ninvr,0.060114,default-spec-unroll
nvidia3,1,nas-sp,initialize2,0.049881,default-spec-unroll
nvidia3,1,nas-sp,add,0.058126,default-spec-unroll
nvidia3,1,nas-sp,tzetar,0.061108,default-spec-unroll
nvidia3,1,nas-sp,exact_rhs5,0.053417,default-spec-unroll
nvidia3,1,nas-sp,compute_rhs3,0.0633080000000001,default-spec-unroll
nvidia3,1,nas-sp,z_solve,0.057983,default-spec-unroll
nvidia3,1,nas-sp,x_solve,0.057397,default-spec-unroll
nvidia3,1,nas-sp,txinvr,0.059668,default-spec-unroll
nvidia3,1,nas-sp,initialize4,0.048386,default-spec-unroll
nvidia3,1,nas-sp,rhs_norm,0.051488,default-spec-unroll
nvidia3,1,nas-sp,exact_rhs3,0.048483,default-spec-unroll
nvidia3,1,nas-sp,compute_rhs5,0.0613130000000001,default-spec-unroll
nvidia3,1,nas-sp,exact_rhs2,0.051678,default-spec-unroll
nvidia3,1,nas-sp,initialize3,0.046685,default-spec-unroll
nvidia3,1,nas-sp,compute_rhs2,0.0592550000000001,default-spec-unroll
nvidia3,1,nas-sp,compute_rhs6,0.0597660000000001,default-spec-unroll
nvidia3,1,nas-sp,y_solve,0.05922,default-spec-unroll
nvidia3,1,nas-sp,exact_rhs1,0.053495,default-spec-unroll
nvidia3,1,nas-sp,pinvr,0.059448,default-spec-unroll
nvidia3,1,nas-sp,exact_rhs4,0.048377,default-spec-unroll
nvidia3,1,nas-sp,compute_rhs1,0.0583480000000001,default-spec-unroll
nvidia3,1,nas-sp,initialize5,0.046764,default-spec-unroll
nvidia3,1,nas-sp,initialize1,0.046603,default-spec-unroll
nvidia3,2,nas-sp,error_norm,0.053286,default-spec-unroll
nvidia3,2,nas-sp,compute_rhs4,0.0599890000000001,default-spec-unroll
nvidia3,2,nas-sp,ninvr,0.059542,default-spec-unroll
nvidia3,2,nas-sp,initialize2,0.046894,default-spec-unroll
nvidia3,2,nas-sp,add,0.060002,default-spec-unroll
nvidia3,2,nas-sp,tzetar,0.057893,default-spec-unroll
nvidia3,2,nas-sp,exact_rhs5,0.047869,default-spec-unroll
nvidia3,2,nas-sp,compute_rhs3,0.0599150000000001,default-spec-unroll
nvidia3,2,nas-sp,z_solve,0.061359,default-spec-unroll
nvidia3,2,nas-sp,x_solve,0.061481,default-spec-unroll
nvidia3,2,nas-sp,txinvr,0.060355,default-spec-unroll
nvidia3,2,nas-sp,initialize4,0.049781,default-spec-unroll
nvidia3,2,nas-sp,rhs_norm,0.050476,default-spec-unroll
nvidia3,2,nas-sp,exact_rhs3,0.052834,default-spec-unroll
nvidia3,2,nas-sp,compute_rhs5,0.0601620000000001,default-spec-unroll
nvidia3,2,nas-sp,exact_rhs2,0.049189,default-spec-unroll
nvidia3,2,nas-sp,initialize3,0.054672,default-spec-unroll
nvidia3,2,nas-sp,compute_rhs2,0.0614060000000001,default-spec-unroll
nvidia3,2,nas-sp,compute_rhs6,0.0566420000000001,default-spec-unroll
nvidia3,2,nas-sp,y_solve,0.058904,default-spec-unroll
nvidia3,2,nas-sp,exact_rhs1,0.051842,default-spec-unroll
nvidia3,2,nas-sp,pinvr,0.058055,default-spec-unroll
nvidia3,2,nas-sp,exact_rhs4,0.052816,default-spec-unroll
nvidia3,2,nas-sp,compute_rhs1,0.0557920000000001,default-spec-unroll
nvidia3,2,nas-sp,initialize5,0.04998,default-spec-unroll
nvidia3,2,nas-sp,initialize1,0.048151,default-spec-unroll
nvidia3,3,nas-sp,error_norm,0.053488,default-spec-unroll
nvidia3,3,nas-sp,compute_rhs4,0.0597290000000001,default-spec-unroll
nvidia3,3,nas-sp,ninvr,0.056966,default-spec-unroll
nvidia3,3,nas-sp,initialize2,0.0466,default-spec-unroll
nvidia3,3,nas-sp,add,0.05819,default-spec-unroll
nvidia3,3,nas-sp,tzetar,0.058489,default-spec-unroll
nvidia3,3,nas-sp,exact_rhs5,0.047262,default-spec-unroll
nvidia3,3,nas-sp,compute_rhs3,0.0617180000000001,default-spec-unroll
nvidia3,3,nas-sp,z_solve,0.060526,default-spec-unroll
nvidia3,3,nas-sp,x_solve,0.058927,default-spec-unroll
nvidia3,3,nas-sp,txinvr,0.062764,default-spec-unroll
nvidia3,3,nas-sp,initialize4,0.046934,default-spec-unroll
nvidia3,3,nas-sp,rhs_norm,0.048709,default-spec-unroll
nvidia3,3,nas-sp,exact_rhs3,0.047462,default-spec-unroll
nvidia3,3,nas-sp,compute_rhs5,0.0597010000000001,default-spec-unroll
nvidia3,3,nas-sp,exact_rhs2,0.054626,default-spec-unroll
nvidia3,3,nas-sp,initialize3,0.047792,default-spec-unroll
nvidia3,3,nas-sp,compute_rhs2,0.0600220000000001,default-spec-unroll
nvidia3,3,nas-sp,compute_rhs6,0.0590550000000001,default-spec-unroll
nvidia3,3,nas-sp,y_solve,0.060857,default-spec-unroll
nvidia3,3,nas-sp,exact_rhs1,0.050527,default-spec-unroll
nvidia3,3,nas-sp,pinvr,0.05863,default-spec-unroll
nvidia3,3,nas-sp,exact_rhs4,0.049233,default-spec-unroll
nvidia3,3,nas-sp,compute_rhs1,0.0558300000000001,default-spec-unroll
nvidia3,3,nas-sp,initialize5,0.048049,default-spec-unroll
nvidia3,3,nas-sp,initialize1,0.047676,default-spec-unroll
nvidia3,4,nas-sp,error_norm,0.0523,default-spec-unroll
nvidia3,4,nas-sp,compute_rhs4,0.0595570000000001,default-spec-unroll
nvidia3,4,nas-sp,ninvr,0.05868,default-spec-unroll
nvidia3,4,nas-sp,initialize2,0.048241,default-spec-unroll
nvidia3,4,nas-sp,add,0.059493,default-spec-unroll
nvidia3,4,nas-sp,tzetar,0.058299,default-spec-unroll
nvidia3,4,nas-sp,exact_rhs5,0.047585,default-spec-unroll
nvidia3,4,nas-sp,compute_rhs3,0.0621620000000001,default-spec-unroll
nvidia3,4,nas-sp,z_solve,0.06323,default-spec-unroll
nvidia3,4,nas-sp,x_solve,0.061129,default-spec-unroll
nvidia3,4,nas-sp,txinvr,0.058666,default-spec-unroll
nvidia3,4,nas-sp,initialize4,0.047668,default-spec-unroll
nvidia3,4,nas-sp,rhs_norm,0.048884,default-spec-unroll
nvidia3,4,nas-sp,exact_rhs3,0.050383,default-spec-unroll
nvidia3,4,nas-sp,compute_rhs5,0.0581900000000001,default-spec-unroll
nvidia3,4,nas-sp,exact_rhs2,0.054868,default-spec-unroll
nvidia3,4,nas-sp,initialize3,0.046735,default-spec-unroll
nvidia3,4,nas-sp,compute_rhs2,0.0576450000000001,default-spec-unroll
nvidia3,4,nas-sp,compute_rhs6,0.0604520000000001,default-spec-unroll
nvidia3,4,nas-sp,y_solve,0.057572,default-spec-unroll
nvidia3,4,nas-sp,exact_rhs1,0.048666,default-spec-unroll
nvidia3,4,nas-sp,pinvr,0.059778,default-spec-unroll
nvidia3,4,nas-sp,exact_rhs4,0.047723,default-spec-unroll
nvidia3,4,nas-sp,compute_rhs1,0.0561060000000001,default-spec-unroll
nvidia3,4,nas-sp,initialize5,0.050565,default-spec-unroll
nvidia3,4,nas-sp,initialize1,0.046274,default-spec-unroll
nvidia3,0,nv-bs,BlackScholes,0.060181,default-spec-unroll
nvidia3,1,nv-bs,BlackScholes,0.06129,default-spec-unroll
nvidia3,2,nv-bs,BlackScholes,0.062408,default-spec-unroll
nvidia3,3,nv-bs,BlackScholes,0.065553,default-spec-unroll
nvidia3,4,nv-bs,BlackScholes,0.066378,default-spec-unroll
nvidia3,0,nv-dct,DCT8x8,0.052657,default-spec-unroll
nvidia3,1,nv-dct,DCT8x8,0.05004,default-spec-unroll
nvidia3,2,nv-dct,DCT8x8,0.050099,default-spec-unroll
nvidia3,3,nv-dct,DCT8x8,0.050662,default-spec-unroll
nvidia3,4,nv-dct,DCT8x8,0.051795,default-spec-unroll
nvidia3,0,nv-fdtd,FiniteDifferences,0.072254,default-spec-unroll
nvidia3,1,nv-fdtd,FiniteDifferences,0.069586,default-spec-unroll
nvidia3,2,nv-fdtd,FiniteDifferences,0.07006,default-spec-unroll
nvidia3,3,nv-fdtd,FiniteDifferences,0.07296,default-spec-unroll
nvidia3,4,nv-fdtd,FiniteDifferences,0.071079,default-spec-unroll
nvidia3,0,particlefilter,find_index_kernel,0.051343,default-spec-unroll
nvidia3,0,particlefilter,normalize_weights_kernel,0.049371,default-spec-unroll
nvidia3,0,particlefilter,likelihood_kernel,0.049476,default-spec-unroll
nvidia3,0,particlefilter,sum_kernel,0.051267,default-spec-unroll
nvidia3,1,particlefilter,find_index_kernel,0.053048,default-spec-unroll
nvidia3,1,particlefilter,normalize_weights_kernel,0.049652,default-spec-unroll
nvidia3,1,particlefilter,likelihood_kernel,0.050436,default-spec-unroll
nvidia3,1,particlefilter,sum_kernel,0.050792,default-spec-unroll
nvidia3,2,particlefilter,find_index_kernel,0.05309,default-spec-unroll
nvidia3,2,particlefilter,normalize_weights_kernel,0.054863,default-spec-unroll
nvidia3,2,particlefilter,likelihood_kernel,0.048814,default-spec-unroll
nvidia3,2,particlefilter,sum_kernel,0.049141,default-spec-unroll
nvidia3,3,particlefilter,find_index_kernel,0.052768,default-spec-unroll
nvidia3,3,particlefilter,normalize_weights_kernel,0.048136,default-spec-unroll
nvidia3,3,particlefilter,likelihood_kernel,0.047938,default-spec-unroll
nvidia3,3,particlefilter,sum_kernel,0.04889,default-spec-unroll
nvidia3,4,particlefilter,find_index_kernel,0.053092,default-spec-unroll
nvidia3,4,particlefilter,normalize_weights_kernel,0.049807,default-spec-unroll
nvidia3,4,particlefilter,likelihood_kernel,0.054423,default-spec-unroll
nvidia3,4,particlefilter,sum_kernel,0.052797,default-spec-unroll
